#
# There is insufficient memory for the Java Runtime Environment to continue.
# Native memory allocation (mmap) failed to map 65536 bytes. Error detail: Failed to commit metaspace.
# Possible reasons:
#   The system is out of physical RAM or swap space
#   This process is running with CompressedOops enabled, and the Java Heap may be blocking the growth of the native heap
# Possible solutions:
#   Reduce memory load on the system
#   Increase physical memory or swap space
#   Check if swap backing store is full
#   Decrease Java heap size (-Xmx/-Xms)
#   Decrease number of Java threads
#   Decrease Java thread stack sizes (-Xss)
#   Set larger code cache with -XX:ReservedCodeCacheSize=
#   JVM is running with Unscaled Compressed Oops mode in which the Java heap is
#     placed in the first 4GB address space. The Java Heap base address is the
#     maximum limit for the native heap growth. Please use -XX:HeapBaseMinAddress
#     to set the Java Heap base and to place the Java Heap above 4GB virtual address.
# This output file may be truncated or incomplete.
#
#  Out of Memory Error (virtualSpaceNode.cpp:113), pid=16264, tid=16684
#
# JRE version: OpenJDK Runtime Environment Temurin-21.0.11+10 (21.0.11+10) (build 21.0.11+10-LTS)
# Java VM: OpenJDK 64-Bit Server VM Temurin-21.0.11+10 (21.0.11+10-LTS, mixed mode, sharing, tiered, compressed oops, compressed class ptrs, g1 gc, windows-amd64)
# No core dump will be written. Minidumps are not enabled by default on client versions of Windows
#

---------------  S U M M A R Y ------------

Command Line: --add-opens=java.base/java.lang=ALL-UNNAMED --add-opens=java.base/java.lang.invoke=ALL-UNNAMED --add-opens=java.base/java.util=ALL-UNNAMED --add-opens=java.prefs/java.util.prefs=ALL-UNNAMED --add-exports=jdk.compiler/com.sun.tools.javac.api=ALL-UNNAMED --add-exports=jdk.compiler/com.sun.tools.javac.util=ALL-UNNAMED --add-opens=java.base/java.util=ALL-UNNAMED --add-opens=java.prefs/java.util.prefs=ALL-UNNAMED --add-opens=java.base/java.nio.charset=ALL-UNNAMED --add-opens=java.base/java.net=ALL-UNNAMED --add-opens=java.base/java.util.concurrent.atomic=ALL-UNNAMED --add-opens=java.xml/javax.xml.namespace=ALL-UNNAMED -XX:MaxMetaspaceSize=512m -XX:+HeapDumpOnOutOfMemoryError -Xmx2048m -Dfile.encoding=UTF-8 -Duser.country=IN -Duser.language=en -Duser.variant -javaagent:C:\Users\sk\.gradle\wrapper\dists\gradle-8.14.3-bin\cv11ve7ro1n3o1j4so8xd9n66\gradle-8.14.3\lib\agents\gradle-instrumentation-agent-8.14.3.jar org.gradle.launcher.daemon.bootstrap.GradleDaemon 8.14.3

Host: AMD Ryzen 5 5600H with Radeon Graphics         , 12 cores, 15G,  Windows 11 , 64 bit Build 26100 (10.0.26100.8521)
Time: Wed Jul  8 00:34:45 2026 India Standard Time elapsed time: 60.049261 seconds (0d 0h 1m 0s)

---------------  T H R E A D  ---------------

Current thread (0x000001a3783c37d0):  JavaThread "Daemon worker"        [_thread_in_vm, id=16684, stack(0x0000007328d00000,0x0000007328e00000) (1024K)]

Stack: [0x0000007328d00000,0x0000007328e00000]
Native frames: (J=compiled Java code, j=interpreted, Vv=VM code, C=native code)
V  [jvm.dll+0x6d7e19]
V  [jvm.dll+0x8b5096]
V  [jvm.dll+0x8b764e]
V  [jvm.dll+0x8b7d33]
V  [jvm.dll+0x284596]
V  [jvm.dll+0x8b0dde]
V  [jvm.dll+0x6795e4]
V  [jvm.dll+0x1e849b]
V  [jvm.dll+0x1e825e]
V  [jvm.dll+0x67bee2]
V  [jvm.dll+0x67bd12]
V  [jvm.dll+0x679fbe]
V  [jvm.dll+0x281467]
V  [jvm.dll+0x72e11f]
V  [jvm.dll+0x72ec5f]
V  [jvm.dll+0x3cc771]
V  [jvm.dll+0x3cb547]
V  [jvm.dll+0x3cb4e8]
V  [jvm.dll+0x3dcf8a]
C  0x000001a36ab3a234

The last pc belongs to new (printed below).
Java frames: (J=compiled Java code, j=interpreted, Vv=VM code)
j  org.jetbrains.kotlin.ir.descriptors.IrBasedDescriptorsKt.toIrBasedDescriptor(Lorg/jetbrains/kotlin/ir/declarations/IrSimpleFunction;)Lorg/jetbrains/kotlin/ir/descriptors/IrBasedSimpleFunctionDescriptor;+17
j  org.jetbrains.kotlin.ir.descriptors.IrBasedDescriptorsKt.toIrBasedDescriptor(Lorg/jetbrains/kotlin/ir/declarations/IrFunction;)Lorg/jetbrains/kotlin/descriptors/FunctionDescriptor;+19
j  org.jetbrains.kotlin.backend.jvm.mapping.MethodSignatureMapper.mapOverriddenSpecialBuiltinIfNeeded(Lorg/jetbrains/kotlin/ir/declarations/IrFunction;Z)Lorg/jetbrains/kotlin/resolve/jvm/jvmSignature/JvmMethodSignature;+13
j  org.jetbrains.kotlin.backend.jvm.mapping.MethodSignatureMapper.mapToCallableMethod(Lorg/jetbrains/kotlin/ir/expressions/IrCall;Lorg/jetbrains/kotlin/ir/declarations/IrFunction;)Lorg/jetbrains/kotlin/backend/jvm/mapping/IrCallableMethod;+189
j  org.jetbrains.kotlin.backend.jvm.codegen.ExpressionCodegen.visitCall(Lorg/jetbrains/kotlin/ir/expressions/IrCall;Lorg/jetbrains/kotlin/backend/jvm/codegen/BlockInfo;)Lorg/jetbrains/kotlin/backend/jvm/codegen/PromisedValue;+159
j  org.jetbrains.kotlin.backend.jvm.codegen.ExpressionCodegen.visitCall(Lorg/jetbrains/kotlin/ir/expressions/IrCall;Ljava/lang/Object;)Ljava/lang/Object;+6
J 8785 c1 org.jetbrains.kotlin.ir.expressions.IrCall.accept(Lorg/jetbrains/kotlin/ir/visitors/IrElementVisitor;Ljava/lang/Object;)Ljava/lang/Object; (15 bytes) @ 0x000001a364478264 [0x000001a364477ec0+0x00000000000003a4]
j  org.jetbrains.kotlin.backend.jvm.codegen.ExpressionCodegen.gen(Lorg/jetbrains/kotlin/ir/expressions/IrExpression;Lorg/jetbrains/org/objectweb/asm/Type;Lorg/jetbrains/kotlin/ir/types/IrType;Lorg/jetbrains/kotlin/backend/jvm/codegen/BlockInfo;)V+36
j  org.jetbrains.kotlin.backend.jvm.codegen.IrCallGenerator.genValueAndPut(Lorg/jetbrains/kotlin/ir/declarations/IrValueParameter;Lorg/jetbrains/kotlin/ir/expressions/IrExpression;Lorg/jetbrains/org/objectweb/asm/Type;Lorg/jetbrains/kotlin/backend/jvm/codegen/ExpressionCodegen;Lorg/jetbrains/kotlin/backend/jvm/codegen/BlockInfo;)V+54
j  org.jetbrains.kotlin.backend.jvm.codegen.ExpressionCodegen.visitCall$handleParameter(Lorg/jetbrains/kotlin/backend/jvm/codegen/IrCallGenerator;Lorg/jetbrains/kotlin/backend/jvm/codegen/ExpressionCodegen;Lorg/jetbrains/kotlin/backend/jvm/codegen/BlockInfo;Lorg/jetbrains/kotlin/ir/declarations/IrValueParameter;Lorg/jetbrains/kotlin/ir/expressions/IrExpression;Lorg/jetbrains/org/objectweb/asm/Type;)V+8
j  org.jetbrains.kotlin.backend.jvm.codegen.ExpressionCodegen.visitCall(Lorg/jetbrains/kotlin/ir/expressions/IrCall;Lorg/jetbrains/kotlin/backend/jvm/codegen/BlockInfo;)Lorg/jetbrains/kotlin/backend/jvm/codegen/PromisedValue;+512
j  org.jetbrains.kotlin.backend.jvm.codegen.ExpressionCodegen.visitCall(Lorg/jetbrains/kotlin/ir/expressions/IrCall;Ljava/lang/Object;)Ljava/lang/Object;+6
J 8785 c1 org.jetbrains.kotlin.ir.expressions.IrCall.accept(Lorg/jetbrains/kotlin/ir/visitors/IrElementVisitor;Ljava/lang/Object;)Ljava/lang/Object; (15 bytes) @ 0x000001a364478264 [0x000001a364477ec0+0x00000000000003a4]
j  org.jetbrains.kotlin.backend.jvm.codegen.ExpressionCodegen.visitExpressionBody(Lorg/jetbrains/kotlin/ir/expressions/IrExpressionBody;Lorg/jetbrains/kotlin/backend/jvm/codegen/BlockInfo;)Lorg/jetbrains/kotlin/backend/jvm/codegen/PromisedValue;+23
j  org.jetbrains.kotlin.backend.jvm.codegen.ExpressionCodegen.visitExpressionBody(Lorg/jetbrains/kotlin/ir/expressions/IrExpressionBody;Ljava/lang/Object;)Ljava/lang/Object;+6
j  org.jetbrains.kotlin.ir.expressions.IrExpressionBody.accept(Lorg/jetbrains/kotlin/ir/visitors/IrElementVisitor;Ljava/lang/Object;)Ljava/lang/Object;+9
j  org.jetbrains.kotlin.backend.jvm.codegen.ExpressionCodegen.generate()V+125
j  org.jetbrains.kotlin.backend.jvm.codegen.FunctionCodegen.doGenerate(Lorg/jetbrains/kotlin/codegen/inline/ReifiedTypeParametersUsages;)Lorg/jetbrains/kotlin/codegen/inline/SMAPAndMethodNode;+665
j  org.jetbrains.kotlin.backend.jvm.codegen.FunctionCodegen.generate(Lorg/jetbrains/kotlin/codegen/inline/ReifiedTypeParametersUsages;)Lorg/jetbrains/kotlin/codegen/inline/SMAPAndMethodNode;+9
j  org.jetbrains.kotlin.backend.jvm.codegen.FunctionCodegen.generate$default(Lorg/jetbrains/kotlin/backend/jvm/codegen/FunctionCodegen;Lorg/jetbrains/kotlin/codegen/inline/ReifiedTypeParametersUsages;ILjava/lang/Object;)Lorg/jetbrains/kotlin/codegen/inline/SMAPAndMethodNode;+16
j  org.jetbrains.kotlin.backend.jvm.codegen.ClassCodegen.generateMethodNode(Lorg/jetbrains/kotlin/ir/declarations/IrFunction;)Lorg/jetbrains/kotlin/codegen/inline/SMAPAndMethodNode;+33
j  org.jetbrains.kotlin.backend.jvm.codegen.ClassCodegen.generateMethod(Lorg/jetbrains/kotlin/ir/declarations/IrFunction;Lorg/jetbrains/kotlin/codegen/inline/SourceMapper;)V+21
j  org.jetbrains.kotlin.backend.jvm.codegen.ClassCodegen.generate()V+263
j  org.jetbrains.kotlin.backend.jvm.FileCodegen.lower(Lorg/jetbrains/kotlin/ir/declarations/IrFile;)V+115
j  org.jetbrains.kotlin.backend.common.phaser.PhaseFactoriesKt.createFilePhase$lambda$4(Lkotlin/jvm/functions/Function1;Lorg/jetbrains/kotlin/backend/common/CommonBackendContext;Lorg/jetbrains/kotlin/ir/declarations/IrFile;)Lorg/jetbrains/kotlin/ir/declarations/IrFile;+25
j  org.jetbrains.kotlin.backend.common.phaser.PhaseFactoriesKt$$Lambda+0x000001a301e5a368.invoke(Ljava/lang/Object;Ljava/lang/Object;)Ljava/lang/Object;+12
j  org.jetbrains.kotlin.backend.common.phaser.PhaseBuildersKt$createSimpleNamedCompilerPhase$1.phaseBody(Lorg/jetbrains/kotlin/backend/common/LoggingContext;Ljava/lang/Object;)Ljava/lang/Object;+12
j  org.jetbrains.kotlin.backend.common.phaser.SimpleNamedCompilerPhase.phaseBody(Lorg/jetbrains/kotlin/backend/common/phaser/PhaseConfigurationService;Lorg/jetbrains/kotlin/backend/common/phaser/PhaserState;Lorg/jetbrains/kotlin/backend/common/LoggingContext;Ljava/lang/Object;)Ljava/lang/Object;+22
j  org.jetbrains.kotlin.backend.common.phaser.AbstractNamedCompilerPhase.invoke(Lorg/jetbrains/kotlin/backend/common/phaser/PhaseConfigurationService;Lorg/jetbrains/kotlin/backend/common/phaser/PhaserState;Lorg/jetbrains/kotlin/backend/common/LoggingContext;Ljava/lang/Object;)Ljava/lang/Object;+312
j  org.jetbrains.kotlin.backend.common.phaser.PerformByIrFilePhase.invokeSequential(Lorg/jetbrains/kotlin/backend/common/phaser/PhaseConfigurationService;Lorg/jetbrains/kotlin/backend/common/phaser/PhaserState;Lorg/jetbrains/kotlin/backend/common/CommonBackendContext;Lorg/jetbrains/kotlin/ir/declarations/IrModuleFragment;)Lorg/jetbrains/kotlin/ir/declarations/IrModuleFragment;+85
j  org.jetbrains.kotlin.backend.common.phaser.PerformByIrFilePhase.invoke(Lorg/jetbrains/kotlin/backend/common/phaser/PhaseConfigurationService;Lorg/jetbrains/kotlin/backend/common/phaser/PhaserState;Lorg/jetbrains/kotlin/backend/common/CommonBackendContext;Lorg/jetbrains/kotlin/ir/declarations/IrModuleFragment;)Lorg/jetbrains/kotlin/ir/declarations/IrModuleFragment;+80
j  org.jetbrains.kotlin.backend.common.phaser.PerformByIrFilePhase.invoke(Lorg/jetbrains/kotlin/backend/common/phaser/PhaseConfigurationService;Lorg/jetbrains/kotlin/backend/common/phaser/PhaserState;Lorg/jetbrains/kotlin/backend/common/LoggingContext;Ljava/lang/Object;)Ljava/lang/Object;+12
j  org.jetbrains.kotlin.backend.common.phaser.NamedCompilerPhase.phaseBody(Lorg/jetbrains/kotlin/backend/common/phaser/PhaseConfigurationService;Lorg/jetbrains/kotlin/backend/common/phaser/PhaserState;Lorg/jetbrains/kotlin/backend/common/LoggingContext;Ljava/lang/Object;)Ljava/lang/Object;+27
j  org.jetbrains.kotlin.backend.common.phaser.AbstractNamedCompilerPhase.invoke(Lorg/jetbrains/kotlin/backend/common/phaser/PhaseConfigurationService;Lorg/jetbrains/kotlin/backend/common/phaser/PhaserState;Lorg/jetbrains/kotlin/backend/common/LoggingContext;Ljava/lang/Object;)Ljava/lang/Object;+312
j  org.jetbrains.kotlin.backend.common.phaser.CompositePhase.invoke(Lorg/jetbrains/kotlin/backend/common/phaser/PhaseConfigurationService;Lorg/jetbrains/kotlin/backend/common/phaser/PhaserState;Lorg/jetbrains/kotlin/backend/common/CommonBackendContext;Ljava/lang/Object;)Ljava/lang/Object;+167
j  org.jetbrains.kotlin.backend.common.phaser.CompositePhase.invoke(Lorg/jetbrains/kotlin/backend/common/phaser/PhaseConfigurationService;Lorg/jetbrains/kotlin/backend/common/phaser/PhaserState;Lorg/jetbrains/kotlin/backend/common/LoggingContext;Ljava/lang/Object;)Ljava/lang/Object;+9
j  org.jetbrains.kotlin.backend.common.phaser.NamedCompilerPhase.phaseBody(Lorg/jetbrains/kotlin/backend/common/phaser/PhaseConfigurationService;Lorg/jetbrains/kotlin/backend/common/phaser/PhaserState;Lorg/jetbrains/kotlin/backend/common/LoggingContext;Ljava/lang/Object;)Ljava/lang/Object;+27
j  org.jetbrains.kotlin.backend.common.phaser.AbstractNamedCompilerPhase.invoke(Lorg/jetbrains/kotlin/backend/common/phaser/PhaseConfigurationService;Lorg/jetbrains/kotlin/backend/common/phaser/PhaserState;Lorg/jetbrains/kotlin/backend/common/LoggingContext;Ljava/lang/Object;)Ljava/lang/Object;+312
j  org.jetbrains.kotlin.backend.common.phaser.CompilerPhaseKt.invokeToplevel(Lorg/jetbrains/kotlin/backend/common/phaser/CompilerPhase;Lorg/jetbrains/kotlin/backend/common/phaser/PhaseConfig;Lorg/jetbrains/kotlin/backend/common/LoggingContext;Ljava/lang/Object;)Ljava/lang/Object;+39
j  org.jetbrains.kotlin.backend.jvm.JvmIrCodegenFactory.invokeCodegen(Lorg/jetbrains/kotlin/codegen/CodegenFactory$CodegenInput;)V+92
j  org.jetbrains.kotlin.codegen.CodegenFactory.generateModule(Lorg/jetbrains/kotlin/codegen/state/GenerationState;Lorg/jetbrains/kotlin/codegen/CodegenFactory$BackendInput;)V+23
j  org.jetbrains.kotlin.codegen.KotlinCodegenFacade.compileCorrectFiles(Ljava/util/Collection;Lorg/jetbrains/kotlin/codegen/state/GenerationState;Lorg/jetbrains/kotlin/codegen/CodegenFactory;)V+48
j  org.jetbrains.kotlin.scripting.compiler.plugin.impl.ScriptJvmCompilerImplsKt.generate(Lorg/jetbrains/kotlin/analyzer/AnalysisResult;Ljava/util/List;Lorg/jetbrains/kotlin/config/CompilerConfiguration;Lorg/jetbrains/kotlin/cli/common/messages/MessageCollector;)Lorg/jetbrains/kotlin/codegen/state/GenerationState;+129
j  org.jetbrains.kotlin.scripting.compiler.plugin.impl.ScriptJvmCompilerImplsKt.doCompile(Lorg/jetbrains/kotlin/scripting/compiler/plugin/impl/SharedScriptCompilationContext;Lkotlin/script/experimental/api/SourceCode;Ljava/util/List;Ljava/util/List;Lorg/jetbrains/kotlin/scripting/compiler/plugin/impl/ScriptDiagnosticsMessageCollector;Lkotlin/jvm/functions/Function1;)Lkotlin/script/experimental/api/ResultWithDiagnostics;+99
j  org.jetbrains.kotlin.scripting.compiler.plugin.impl.ScriptJvmCompilerImplsKt.compileImpl(Lkotlin/script/experimental/api/SourceCode;Lorg/jetbrains/kotlin/scripting/compiler/plugin/impl/SharedScriptCompilationContext;Lkotlin/script/experimental/api/ScriptCompilationConfiguration;Lorg/jetbrains/kotlin/scripting/compiler/plugin/impl/ScriptDiagnosticsMessageCollector;)Lkotlin/script/experimental/api/ResultWithDiagnostics;+328
j  org.jetbrains.kotlin.scripting.compiler.plugin.impl.ScriptJvmCompilerImplsKt.access$compileImpl(Lkotlin/script/experimental/api/SourceCode;Lorg/jetbrains/kotlin/scripting/compiler/plugin/impl/SharedScriptCompilationContext;Lkotlin/script/experimental/api/ScriptCompilationConfiguration;Lorg/jetbrains/kotlin/scripting/compiler/plugin/impl/ScriptDiagnosticsMessageCollector;)Lkotlin/script/experimental/api/ResultWithDiagnostics;+4
j  org.jetbrains.kotlin.scripting.compiler.plugin.impl.ScriptJvmCompilerFromEnvironment.compile$lambda$2$lambda$1(Lkotlin/script/experimental/api/ScriptCompilationConfiguration;Lkotlin/script/experimental/api/SourceCode;Lorg/jetbrains/kotlin/scripting/compiler/plugin/impl/ScriptJvmCompilerFromEnvironment;Lorg/jetbrains/kotlin/scripting/compiler/plugin/impl/ScriptDiagnosticsMessageCollector;)Lkotlin/script/experimental/api/ResultWithDiagnostics;+125
j  org.jetbrains.kotlin.scripting.compiler.plugin.impl.ScriptJvmCompilerFromEnvironment$$Lambda+0x000001a301a56b70.invoke()Ljava/lang/Object;+16
j  org.jetbrains.kotlin.scripting.compiler.plugin.impl.ScriptJvmCompilerImplsKt.withScriptCompilationCache(Lkotlin/script/experimental/api/SourceCode;Lkotlin/script/experimental/api/ScriptCompilationConfiguration;Lorg/jetbrains/kotlin/scripting/compiler/plugin/impl/ScriptDiagnosticsMessageCollector;Lkotlin/jvm/functions/Function0;)Lkotlin/script/experimental/api/ResultWithDiagnostics;+97
j  org.jetbrains.kotlin.scripting.compiler.plugin.impl.ScriptJvmCompilerImplsKt.access$withScriptCompilationCache(Lkotlin/script/experimental/api/SourceCode;Lkotlin/script/experimental/api/ScriptCompilationConfiguration;Lorg/jetbrains/kotlin/scripting/compiler/plugin/impl/ScriptDiagnosticsMessageCollector;Lkotlin/jvm/functions/Function0;)Lkotlin/script/experimental/api/ResultWithDiagnostics;+4
j  org.jetbrains.kotlin.scripting.compiler.plugin.impl.ScriptJvmCompilerFromEnvironment.compile(Lkotlin/script/experimental/api/SourceCode;Lkotlin/script/experimental/api/ScriptCompilationConfiguration;)Lkotlin/script/experimental/api/ResultWithDiagnostics;+50
j  kotlin.script.experimental.jvmhost.JvmScriptCompiler.invoke$suspendImpl(Lkotlin/script/experimental/jvmhost/JvmScriptCompiler;Lkotlin/script/experimental/api/SourceCode;Lkotlin/script/experimental/api/ScriptCompilationConfiguration;Lkotlin/coroutines/Continuation;)Ljava/lang/Object;+15
j  kotlin.script.experimental.jvmhost.JvmScriptCompiler.invoke(Lkotlin/script/experimental/api/SourceCode;Lkotlin/script/experimental/api/ScriptCompilationConfiguration;Lkotlin/coroutines/Continuation;)Ljava/lang/Object;+4
j  kotlin.script.experimental.host.BasicScriptingHost$eval$1.invokeSuspend(Ljava/lang/Object;)Ljava/lang/Object;+64
j  kotlin.script.experimental.host.BasicScriptingHost$eval$1.invoke(Lkotlin/coroutines/Continuation;)Ljava/lang/Object;+11
j  kotlin.script.experimental.host.BasicScriptingHost$eval$1.invoke(Ljava/lang/Object;)Ljava/lang/Object;+5
j  kotlin.script.experimental.host.BasicScriptingHost$runInCoroutineContext$1.invokeSuspend(Ljava/lang/Object;)Ljava/lang/Object;+46
j  kotlin.coroutines.jvm.internal.BaseContinuationImpl.resumeWith(Ljava/lang/Object;)V+44
j  kotlin.coroutines.ContinuationKt.startCoroutine(Lkotlin/jvm/functions/Function1;Lkotlin/coroutines/Continuation;)V+30
j  kotlin.script.experimental.impl.RunSuspendKt.internalScriptingRunSuspend(Lkotlin/jvm/functions/Function1;)Ljava/lang/Object;+19
j  kotlin.script.experimental.host.BasicScriptingHost.runInCoroutineContext(Lkotlin/jvm/functions/Function1;)Ljava/lang/Object;+18
j  kotlin.script.experimental.host.BasicScriptingHost.eval(Lkotlin/script/experimental/api/SourceCode;Lkotlin/script/experimental/api/ScriptCompilationConfiguration;Lkotlin/script/experimental/api/ScriptEvaluationConfiguration;)Lkotlin/script/experimental/api/ResultWithDiagnostics;+28
j  org.gradle.kotlin.dsl.support.KotlinCompilerKt.compileKotlinScriptModuleTo(Ljava/io/File;Lorg/gradle/kotlin/dsl/support/KotlinCompilerOptions;Ljava/lang/String;Ljava/util/Collection;Lorg/jetbrains/kotlin/scripting/definitions/ScriptDefinition;Ljava/lang/Iterable;Lorg/gradle/kotlin/dsl/support/LoggingMessageCollector;)V+938
j  org.gradle.kotlin.dsl.support.KotlinCompilerKt.compileKotlinScriptToDirectory(Ljava/io/File;Lorg/gradle/kotlin/dsl/support/KotlinCompilerOptions;Ljava/io/File;Lorg/jetbrains/kotlin/scripting/definitions/ScriptDefinition;Ljava/util/List;Lorg/slf4j/Logger;Lkotlin/jvm/functions/Function1;)Ljava/lang/String;+78
j  org.gradle.kotlin.dsl.execution.ResidualProgramCompiler$compileScript$1.invoke()Ljava/lang/String;+62
j  org.gradle.kotlin.dsl.execution.ResidualProgramCompiler$compileScript$1.invoke()Ljava/lang/Object;+1
j  org.gradle.kotlin.dsl.provider.StandardKotlinScriptEvaluator$InterpreterHost$runCompileBuildOperation$1.call(Lorg/gradle/internal/operations/BuildOperationContext;)Ljava/lang/String;+10
j  org.gradle.kotlin.dsl.provider.StandardKotlinScriptEvaluator$InterpreterHost$runCompileBuildOperation$1.call(Lorg/gradle/internal/operations/BuildOperationContext;)Ljava/lang/Object;+2
j  org.gradle.internal.operations.DefaultBuildOperationRunner$CallableBuildOperationWorker.execute(Lorg/gradle/internal/operations/CallableBuildOperation;Lorg/gradle/internal/operations/BuildOperationContext;)V+3
j  org.gradle.internal.operations.DefaultBuildOperationRunner$CallableBuildOperationWorker.execute(Lorg/gradle/internal/operations/BuildOperation;Lorg/gradle/internal/operations/BuildOperationContext;)V+6
j  org.gradle.internal.operations.DefaultBuildOperationRunner$2.execute(Lorg/gradle/internal/operations/BuildOperationDescriptor;Lorg/gradle/internal/operations/BuildOperationState;Lorg/gradle/internal/operations/BuildOperationState;Lorg/gradle/internal/operations/DefaultBuildOperationRunner$ReadableBuildOperationContext;Lorg/gradle/internal/operations/DefaultBuildOperationRunner$BuildOperationExecutionListener;)Lorg/gradle/internal/operations/BuildOperation;+22
j  org.gradle.internal.operations.DefaultBuildOperationRunner$2.execute(Lorg/gradle/internal/operations/BuildOperationDescriptor;Lorg/gradle/internal/operations/BuildOperationState;Lorg/gradle/internal/operations/BuildOperationState;Lorg/gradle/internal/operations/DefaultBuildOperationRunner$ReadableBuildOperationContext;Lorg/gradle/internal/operations/DefaultBuildOperationRunner$BuildOperationExecutionListener;)Ljava/lang/Object;+8
j  org.gradle.internal.operations.DefaultBuildOperationRunner.execute(Lorg/gradle/internal/operations/BuildOperationDescriptor$Builder;Lorg/gradle/internal/operations/BuildOperationState;Lorg/gradle/internal/operations/DefaultBuildOperationRunner$BuildOperationExecution;)Ljava/lang/Object;+141
j  org.gradle.internal.operations.DefaultBuildOperationRunner.execute(Lorg/gradle/internal/operations/BuildOperation;Lorg/gradle/internal/operations/BuildOperationWorker;Lorg/gradle/internal/operations/BuildOperationState;)V+18
j  org.gradle.internal.operations.DefaultBuildOperationRunner.call(Lorg/gradle/internal/operations/CallableBuildOperation;)Ljava/lang/Object;+16
j  org.gradle.kotlin.dsl.provider.StandardKotlinScriptEvaluator$InterpreterHost.runCompileBuildOperation(Ljava/lang/String;Ljava/lang/String;Lkotlin/jvm/functions/Function0;)Ljava/lang/String;+38
j  org.gradle.kotlin.dsl.execution.Interpreter$compile$1$1$1$1.invoke(Ljava/lang/String;Ljava/lang/String;Lkotlin/jvm/functions/Function0;)Ljava/lang/String;+28
j  org.gradle.kotlin.dsl.execution.Interpreter$compile$1$1$1$1.invoke(Ljava/lang/Object;Ljava/lang/Object;Ljava/lang/Object;)Ljava/lang/Object;+13
j  org.gradle.kotlin.dsl.execution.ResidualProgramCompiler.compileScript-C5AE47M(Ljava/io/File;Ljava/lang/String;Lorg/jetbrains/kotlin/scripting/definitions/ScriptDefinition;Ljava/lang/String;Lorg/gradle/internal/classpath/ClassPath;)Ljava/lang/String;+23
j  org.gradle.kotlin.dsl.execution.ResidualProgramCompiler.compileStage1-EfyMToc(Lorg/gradle/kotlin/dsl/execution/ProgramSource;Lorg/jetbrains/kotlin/scripting/definitions/ScriptDefinition;Lorg/gradle/internal/classpath/ClassPath;)Ljava/lang/String;+85
j  org.gradle.kotlin.dsl.execution.ResidualProgramCompiler.emitStage1Sequence(Lorg/jetbrains/org/objectweb/asm/MethodVisitor;Ljava/util/List;)V+142
j  org.gradle.kotlin.dsl.execution.ResidualProgramCompiler.emitStage1Sequence(Lorg/jetbrains/org/objectweb/asm/MethodVisitor;[Lorg/gradle/kotlin/dsl/execution/Program$Stage1;)V+11
j  org.gradle.kotlin.dsl.execution.ResidualProgramCompiler.emit(Lorg/jetbrains/org/objectweb/asm/MethodVisitor;Lorg/gradle/kotlin/dsl/execution/ResidualProgram$Instruction;)V+196
j  org.gradle.kotlin.dsl.execution.ResidualProgramCompiler.emit(Lorg/jetbrains/org/objectweb/asm/MethodVisitor;Ljava/util/List;)V+49
j  org.gradle.kotlin.dsl.execution.ResidualProgramCompiler.access$emit(Lorg/gradle/kotlin/dsl/execution/ResidualProgramCompiler;Lorg/jetbrains/org/objectweb/asm/MethodVisitor;Ljava/util/List;)V+3
j  org.gradle.kotlin.dsl.execution.ResidualProgramCompiler$emitDynamicProgram$1$1.invoke(Lorg/jetbrains/org/objectweb/asm/MethodVisitor;)V+21
j  org.gradle.kotlin.dsl.execution.ResidualProgramCompiler$emitDynamicProgram$1$1.invoke(Ljava/lang/Object;)Ljava/lang/Object;+5
j  org.gradle.kotlin.dsl.execution.ResidualProgramCompiler$overrideExecute$1.invoke(Lorg/jetbrains/org/objectweb/asm/MethodVisitor;)V+11
j  org.gradle.kotlin.dsl.execution.ResidualProgramCompiler$overrideExecute$1.invoke(Ljava/lang/Object;)Ljava/lang/Object;+5
j  org.gradle.kotlin.dsl.support.bytecode.AsmExtensionsKt.method(Lorg/jetbrains/org/objectweb/asm/ClassVisitor;ILjava/lang/String;Ljava/lang/String;Ljava/lang/String;[Ljava/lang/String;Lkotlin/jvm/functions/Function1;Lkotlin/jvm/functions/Function1;)V+78
j  org.gradle.kotlin.dsl.support.bytecode.AsmExtensionsKt.publicMethod(Lorg/jetbrains/org/objectweb/asm/ClassVisitor;Ljava/lang/String;Ljava/lang/String;Ljava/lang/String;[Ljava/lang/String;Lkotlin/jvm/functions/Function1;Lkotlin/jvm/functions/Function1;)V+43
j  org.gradle.kotlin.dsl.support.bytecode.AsmExtensionsKt.publicMethod$default(Lorg/jetbrains/org/objectweb/asm/ClassVisitor;Ljava/lang/String;Ljava/lang/String;Ljava/lang/String;[Ljava/lang/String;Lkotlin/jvm/functions/Function1;Lkotlin/jvm/functions/Function1;ILjava/lang/Object;)V+46
j  org.gradle.kotlin.dsl.execution.ResidualProgramCompiler.overrideExecute(Lorg/jetbrains/org/objectweb/asm/ClassVisitor;Lkotlin/jvm/functions/Function1;)V+27
j  org.gradle.kotlin.dsl.execution.ResidualProgramCompiler.access$overrideExecute(Lorg/gradle/kotlin/dsl/execution/ResidualProgramCompiler;Lorg/jetbrains/org/objectweb/asm/ClassVisitor;Lkotlin/jvm/functions/Function1;)V+3
j  org.gradle.kotlin.dsl.execution.ResidualProgramCompiler$emitDynamicProgram$1.invoke(Lorg/jetbrains/org/objectweb/asm/ClassWriter;)V+32
j  org.gradle.kotlin.dsl.execution.ResidualProgramCompiler$emitDynamicProgram$1.invoke(Ljava/lang/Object;)Ljava/lang/Object;+5
j  org.gradle.kotlin.dsl.execution.ResidualProgramCompiler$program$3.invoke(Lorg/jetbrains/org/objectweb/asm/ClassWriter;)V+19
j  org.gradle.kotlin.dsl.execution.ResidualProgramCompiler$program$3.invoke(Ljava/lang/Object;)Ljava/lang/Object;+5
j  org.gradle.kotlin.dsl.support.bytecode.AsmExtensionsKt.publicClass-7y5yvvE(Ljava/lang/String;Ljava/lang/String;Ljava/util/List;Lkotlin/jvm/functions/Function1;)[B+26
j  org.gradle.kotlin.dsl.execution.ResidualProgramCompiler.program-5oOsWEo(Ljava/lang/String;Lkotlin/jvm/functions/Function1;)V+24
j  org.gradle.kotlin.dsl.execution.ResidualProgramCompiler.access$program-5oOsWEo(Lorg/gradle/kotlin/dsl/execution/ResidualProgramCompiler;Ljava/lang/String;Lkotlin/jvm/functions/Function1;)V+3
j  org.gradle.kotlin.dsl.execution.ResidualProgramCompiler.emitDynamicProgram(Lorg/gradle/kotlin/dsl/execution/ResidualProgram$Dynamic;)V+28
j  org.gradle.kotlin.dsl.execution.ResidualProgramCompiler.compile(Lorg/gradle/kotlin/dsl/execution/ResidualProgram;)V+38
j  org.gradle.kotlin.dsl.execution.Interpreter$compile$1.invoke(Ljava/io/File;)V+251
j  org.gradle.kotlin.dsl.execution.Interpreter$compile$1.invoke(Ljava/lang/Object;)Ljava/lang/Object;+5
j  org.gradle.kotlin.dsl.provider.StandardKotlinScriptEvaluator$KotlinScriptCompilationAndInstrumentation.compile(Ljava/io/File;)Ljava/io/File;+32
j  org.gradle.internal.scripts.BuildScriptCompilationAndInstrumentation.execute(Lorg/gradle/internal/execution/UnitOfWork$ExecutionRequest;)Lorg/gradle/internal/execution/UnitOfWork$WorkOutput;+9
j  org.gradle.internal.execution.steps.ExecuteStep.executeInternal(Lorg/gradle/internal/execution/UnitOfWork;Lorg/gradle/internal/execution/steps/InputChangesContext;)Lorg/gradle/internal/execution/steps/Result;+16
j  org.gradle.internal.execution.steps.ExecuteStep.access$000(Lorg/gradle/internal/execution/UnitOfWork;Lorg/gradle/internal/execution/steps/InputChangesContext;)Lorg/gradle/internal/execution/steps/Result;+2
j  org.gradle.internal.execution.steps.ExecuteStep$1.call(Lorg/gradle/internal/operations/BuildOperationContext;)Lorg/gradle/internal/execution/steps/Result;+8
j  org.gradle.internal.execution.steps.ExecuteStep$1.call(Lorg/gradle/internal/operations/BuildOperationContext;)Ljava/lang/Object;+2
j  org.gradle.internal.operations.DefaultBuildOperationRunner$CallableBuildOperationWorker.execute(Lorg/gradle/internal/operations/CallableBuildOperation;Lorg/gradle/internal/operations/BuildOperationContext;)V+3
j  org.gradle.internal.operations.DefaultBuildOperationRunner$CallableBuildOperationWorker.execute(Lorg/gradle/internal/operations/BuildOperation;Lorg/gradle/internal/operations/BuildOperationContext;)V+6
j  org.gradle.internal.operations.DefaultBuildOperationRunner$2.execute(Lorg/gradle/internal/operations/BuildOperationDescriptor;Lorg/gradle/internal/operations/BuildOperationState;Lorg/gradle/internal/operations/BuildOperationState;Lorg/gradle/internal/operations/DefaultBuildOperationRunner$ReadableBuildOperationContext;Lorg/gradle/internal/operations/DefaultBuildOperationRunner$BuildOperationExecutionListener;)Lorg/gradle/internal/operations/BuildOperation;+22
j  org.gradle.internal.operations.DefaultBuildOperationRunner$2.execute(Lorg/gradle/internal/operations/BuildOperationDescriptor;Lorg/gradle/internal/operations/BuildOperationState;Lorg/gradle/internal/operations/BuildOperationState;Lorg/gradle/internal/operations/DefaultBuildOperationRunner$ReadableBuildOperationContext;Lorg/gradle/internal/operations/DefaultBuildOperationRunner$BuildOperationExecutionListener;)Ljava/lang/Object;+8
j  org.gradle.internal.operations.DefaultBuildOperationRunner.execute(Lorg/gradle/internal/operations/BuildOperationDescriptor$Builder;Lorg/gradle/internal/operations/BuildOperationState;Lorg/gradle/internal/operations/DefaultBuildOperationRunner$BuildOperationExecution;)Ljava/lang/Object;+141
j  org.gradle.internal.operations.DefaultBuildOperationRunner.execute(Lorg/gradle/internal/operations/BuildOperation;Lorg/gradle/internal/operations/BuildOperationWorker;Lorg/gradle/internal/operations/BuildOperationState;)V+18
j  org.gradle.internal.operations.DefaultBuildOperationRunner.call(Lorg/gradle/internal/operations/CallableBuildOperation;)Ljava/lang/Object;+16
j  org.gradle.internal.execution.steps.ExecuteStep.execute(Lorg/gradle/internal/execution/UnitOfWork;Lorg/gradle/internal/execution/steps/ChangingOutputsContext;)Lorg/gradle/internal/execution/steps/Result;+28
j  org.gradle.internal.execution.steps.ExecuteStep.execute(Lorg/gradle/internal/execution/UnitOfWork;Lorg/gradle/internal/execution/steps/Context;)Lorg/gradle/internal/execution/steps/Result;+6
j  org.gradle.internal.execution.steps.CancelExecutionStep.execute(Lorg/gradle/internal/execution/UnitOfWork;Lorg/gradle/internal/execution/steps/Context;)Lorg/gradle/internal/execution/steps/Result;+35
j  org.gradle.internal.execution.steps.TimeoutStep.executeWithoutTimeout(Lorg/gradle/internal/execution/UnitOfWork;Lorg/gradle/internal/execution/steps/Context;)Lorg/gradle/internal/execution/steps/Result;+6
j  org.gradle.internal.execution.steps.TimeoutStep.execute(Lorg/gradle/internal/execution/UnitOfWork;Lorg/gradle/internal/execution/steps/Context;)Lorg/gradle/internal/execution/steps/Result;+92
j  org.gradle.internal.execution.steps.PreCreateOutputParentsStep.execute(Lorg/gradle/internal/execution/UnitOfWork;Lorg/gradle/internal/execution/steps/ChangingOutputsContext;)Lorg/gradle/internal/execution/steps/Result;+24
j  org.gradle.internal.execution.steps.PreCreateOutputParentsStep.execute(Lorg/gradle/internal/execution/UnitOfWork;Lorg/gradle/internal/execution/steps/Context;)Lorg/gradle/internal/execution/steps/Result;+6
j  org.gradle.internal.execution.steps.BroadcastChangingOutputsStep.execute(Lorg/gradle/internal/execution/UnitOfWork;Lorg/gradle/internal/execution/steps/InputChangesContext;)Lorg/gradle/internal/execution/steps/Result;+53
j  org.gradle.internal.execution.steps.BroadcastChangingOutputsStep.execute(Lorg/gradle/internal/execution/UnitOfWork;Lorg/gradle/internal/execution/steps/Context;)Lorg/gradle/internal/execution/steps/Result;+6
j  org.gradle.internal.execution.steps.NoInputChangesStep.execute(Lorg/gradle/internal/execution/UnitOfWork;Lorg/gradle/internal/execution/steps/ValidationFinishedContext;)Lorg/gradle/internal/execution/steps/Result;+23
j  org.gradle.internal.execution.steps.NoInputChangesStep.execute(Lorg/gradle/internal/execution/UnitOfWork;Lorg/gradle/internal/execution/steps/Context;)Lorg/gradle/internal/execution/steps/Result;+6
j  org.gradle.internal.execution.steps.CaptureOutputsAfterExecutionStep.execute(Lorg/gradle/internal/execution/UnitOfWork;Lorg/gradle/internal/execution/steps/WorkspaceContext;)Lorg/gradle/internal/execution/steps/AfterExecutionResult;+6
j  org.gradle.internal.execution.steps.CaptureOutputsAfterExecutionStep.execute(Lorg/gradle/internal/execution/UnitOfWork;Lorg/gradle/internal/execution/steps/Context;)Lorg/gradle/internal/execution/steps/Result;+6
j  org.gradle.internal.execution.steps.BuildCacheStep.executeWithoutCache(Lorg/gradle/internal/execution/UnitOfWork;Lorg/gradle/internal/execution/steps/WorkspaceContext;)Lorg/gradle/internal/execution/steps/AfterExecutionResult;+6
j  org.gradle.internal.execution.steps.BuildCacheStep.lambda$execute$1(Lorg/gradle/internal/execution/UnitOfWork;Lorg/gradle/internal/execution/steps/WorkspaceContext;Lorg/gradle/internal/execution/caching/CachingState$Disabled;)Lorg/gradle/internal/execution/steps/AfterExecutionResult;+3
j  org.gradle.internal.execution.steps.BuildCacheStep$$Lambda+0x000001a3018434d8.apply(Ljava/lang/Object;)Ljava/lang/Object;+16
j  org.gradle.internal.Either$Right.fold(Ljava/util/function/Function;Ljava/util/function/Function;)Ljava/lang/Object;+5
j  org.gradle.internal.execution.caching.CachingState.fold(Ljava/util/function/Function;Ljava/util/function/Function;)Ljava/lang/Object;+6
j  org.gradle.internal.execution.steps.BuildCacheStep.execute(Lorg/gradle/internal/execution/UnitOfWork;Lorg/gradle/internal/execution/steps/WorkspaceContext;)Lorg/gradle/internal/execution/steps/AfterExecutionResult;+25
j  org.gradle.internal.execution.steps.BuildCacheStep.execute(Lorg/gradle/internal/execution/UnitOfWork;Lorg/gradle/internal/execution/steps/Context;)Lorg/gradle/internal/execution/steps/Result;+6
j  org.gradle.internal.execution.steps.NeverUpToDateStep.execute(Lorg/gradle/internal/execution/UnitOfWork;Lorg/gradle/internal/execution/steps/NonIncrementalCachingContext;)Lorg/gradle/internal/execution/steps/UpToDateResult;+6
j  org.gradle.internal.execution.steps.NeverUpToDateStep.execute(Lorg/gradle/internal/execution/UnitOfWork;Lorg/gradle/internal/execution/steps/Context;)Lorg/gradle/internal/execution/steps/Result;+6
j  org.gradle.internal.execution.steps.legacy.MarkSnapshottingInputsFinishedStep.execute(Lorg/gradle/internal/execution/UnitOfWork;Lorg/gradle/internal/execution/steps/CachingContext;)Lorg/gradle/internal/execution/steps/Result;+18
j  org.gradle.internal.execution.steps.legacy.MarkSnapshottingInputsFinishedStep.execute(Lorg/gradle/internal/execution/UnitOfWork;Lorg/gradle/internal/execution/steps/Context;)Lorg/gradle/internal/execution/steps/Result;+6
j  org.gradle.internal.execution.steps.ResolveNonIncrementalCachingStateStep.executeDelegate(Lorg/gradle/internal/execution/UnitOfWork;Lorg/gradle/internal/execution/steps/ValidationFinishedContext;Lorg/gradle/internal/execution/caching/CachingState;)Lorg/gradle/internal/execution/steps/UpToDateResult;+14
j  org.gradle.internal.execution.steps.AbstractResolveCachingStateStep.execute(Lorg/gradle/internal/execution/UnitOfWork;Lorg/gradle/internal/execution/steps/ValidationFinishedContext;)Lorg/gradle/internal/execution/steps/CachingResult;+51
j  org.gradle.internal.execution.steps.AbstractResolveCachingStateStep.execute(Lorg/gradle/internal/execution/UnitOfWork;Lorg/gradle/internal/execution/steps/Context;)Lorg/gradle/internal/execution/steps/Result;+6
j  org.gradle.internal.execution.steps.ValidateStep.execute(Lorg/gradle/internal/execution/UnitOfWork;Lorg/gradle/internal/execution/steps/BeforeExecutionContext;)Lorg/gradle/internal/execution/steps/Result;+255
j  org.gradle.internal.execution.steps.ValidateStep.execute(Lorg/gradle/internal/execution/UnitOfWork;Lorg/gradle/internal/execution/steps/Context;)Lorg/gradle/internal/execution/steps/Result;+6
j  org.gradle.internal.execution.steps.AbstractCaptureStateBeforeExecutionStep.execute(Lorg/gradle/internal/execution/UnitOfWork;Lorg/gradle/internal/execution/steps/PreviousExecutionContext;)Lorg/gradle/internal/execution/steps/CachingResult;+32
j  org.gradle.internal.execution.steps.AbstractCaptureStateBeforeExecutionStep.execute(Lorg/gradle/internal/execution/UnitOfWork;Lorg/gradle/internal/execution/steps/Context;)Lorg/gradle/internal/execution/steps/Result;+6
j  org.gradle.internal.execution.steps.legacy.MarkSnapshottingInputsStartedStep.execute(Lorg/gradle/internal/execution/UnitOfWork;Lorg/gradle/internal/execution/steps/Context;)Lorg/gradle/internal/execution/steps/Result;+12
j  org.gradle.internal.execution.steps.AssignImmutableWorkspaceStep.lambda$executeInTemporaryWorkspace$3(Lorg/gradle/internal/execution/steps/IdentityContext;Lorg/gradle/internal/execution/UnitOfWork;Lorg/gradle/internal/execution/workspace/ImmutableWorkspaceProvider$ImmutableWorkspace;Ljava/io/File;)Lorg/gradle/internal/execution/steps/WorkspaceResult;+50
j  org.gradle.internal.execution.steps.AssignImmutableWorkspaceStep$$Lambda+0x000001a30183a350.executeInTemporaryWorkspace(Ljava/io/File;)Ljava/lang/Object;+17
j  org.gradle.internal.execution.workspace.impl.CacheBasedImmutableWorkspaceProvider$1.withTemporaryWorkspace(Lorg/gradle/internal/execution/workspace/ImmutableWorkspaceProvider$ImmutableWorkspace$TemporaryWorkspaceAction;)Ljava/lang/Object;+47
j  org.gradle.internal.execution.steps.AssignImmutableWorkspaceStep.executeInTemporaryWorkspace(Lorg/gradle/internal/execution/UnitOfWork;Lorg/gradle/internal/execution/steps/IdentityContext;Lorg/gradle/internal/execution/workspace/ImmutableWorkspaceProvider$ImmutableWorkspace;)Lorg/gradle/internal/execution/steps/WorkspaceResult;+10
j  org.gradle.internal.execution.steps.AssignImmutableWorkspaceStep.lambda$execute$0(Lorg/gradle/internal/execution/UnitOfWork;Lorg/gradle/internal/execution/steps/IdentityContext;Lorg/gradle/internal/execution/workspace/ImmutableWorkspaceProvider$ImmutableWorkspace;)Lorg/gradle/internal/execution/steps/WorkspaceResult;+4
j  org.gradle.internal.execution.steps.AssignImmutableWorkspaceStep$$Lambda+0x000001a301531f90.get()Ljava/lang/Object;+16
J 5025 c1 java.util.Optional.orElseGet(Ljava/util/function/Supplier;)Ljava/lang/Object; java.base@21.0.11 (21 bytes) @ 0x000001a363650494 [0x000001a363650340+0x0000000000000154]
j  org.gradle.internal.execution.steps.AssignImmutableWorkspaceStep.execute(Lorg/gradle/internal/execution/UnitOfWork;Lorg/gradle/internal/execution/steps/IdentityContext;)Lorg/gradle/internal/execution/steps/WorkspaceResult;+48
j  org.gradle.internal.execution.steps.AssignImmutableWorkspaceStep.execute(Lorg/gradle/internal/execution/UnitOfWork;Lorg/gradle/internal/execution/steps/Context;)Lorg/gradle/internal/execution/steps/Result;+6
j  org.gradle.internal.execution.steps.ChoosePipelineStep.execute(Lorg/gradle/internal/execution/UnitOfWork;Lorg/gradle/internal/execution/steps/IdentityContext;)Lorg/gradle/internal/execution/steps/Result;+13
j  org.gradle.internal.execution.steps.ChoosePipelineStep.execute(Lorg/gradle/internal/execution/UnitOfWork;Lorg/gradle/internal/execution/steps/Context;)Lorg/gradle/internal/execution/steps/Result;+6
j  org.gradle.internal.execution.steps.ExecuteWorkBuildOperationFiringStep.lambda$execute$2(Lorg/gradle/internal/execution/UnitOfWork;Lorg/gradle/internal/execution/steps/IdentityContext;)Lorg/gradle/internal/execution/steps/CachingResult;+6
j  org.gradle.internal.execution.steps.ExecuteWorkBuildOperationFiringStep$$Lambda+0x000001a301515260.get()Ljava/lang/Object;+12
J 5025 c1 java.util.Optional.orElseGet(Ljava/util/function/Supplier;)Ljava/lang/Object; java.base@21.0.11 (21 bytes) @ 0x000001a363650494 [0x000001a363650340+0x0000000000000154]
j  org.gradle.internal.execution.steps.ExecuteWorkBuildOperationFiringStep.execute(Lorg/gradle/internal/execution/UnitOfWork;Lorg/gradle/internal/execution/steps/IdentityContext;)Lorg/gradle/internal/execution/steps/CachingResult;+25
j  org.gradle.internal.execution.steps.ExecuteWorkBuildOperationFiringStep.execute(Lorg/gradle/internal/execution/UnitOfWork;Lorg/gradle/internal/execution/steps/Context;)Lorg/gradle/internal/execution/steps/Result;+6
j  org.gradle.internal.execution.steps.IdentityCacheStep.execute(Lorg/gradle/internal/execution/UnitOfWork;Lorg/gradle/internal/execution/steps/IdentityContext;)Lorg/gradle/internal/execution/steps/WorkspaceResult;+6
j  org.gradle.internal.execution.steps.IdentityCacheStep.execute(Lorg/gradle/internal/execution/UnitOfWork;Lorg/gradle/internal/execution/steps/Context;)Lorg/gradle/internal/execution/steps/Result;+6
j  org.gradle.internal.execution.steps.IdentifyStep.execute(Lorg/gradle/internal/execution/UnitOfWork;Lorg/gradle/internal/execution/steps/ExecutionRequestContext;)Lorg/gradle/internal/execution/steps/Result;+11
j  org.gradle.internal.execution.steps.IdentifyStep.execute(Lorg/gradle/internal/execution/UnitOfWork;Lorg/gradle/internal/execution/steps/Context;)Lorg/gradle/internal/execution/steps/Result;+6
j  org.gradle.internal.execution.impl.DefaultExecutionEngine$1.execute()Lorg/gradle/internal/execution/ExecutionEngine$Result;+15
j  org.gradle.kotlin.dsl.provider.StandardKotlinScriptEvaluator$InterpreterHost.cachedDirFor(Lorg/gradle/kotlin/dsl/support/KotlinScriptHost;Lorg/gradle/kotlin/dsl/execution/ProgramId;Lorg/gradle/internal/classpath/ClassPath;Lorg/gradle/internal/classpath/ClassPath;Lkotlin/jvm/functions/Function1;)Ljava/io/File;+131
j  org.gradle.kotlin.dsl.execution.Interpreter.compile(Lorg/gradle/kotlin/dsl/support/KotlinScriptHost;Lorg/gradle/kotlin/dsl/execution/ProgramId;Ljava/lang/String;Lorg/gradle/groovy/scripts/ScriptSource;Lorg/gradle/kotlin/dsl/execution/ProgramKind;Lorg/gradle/kotlin/dsl/execution/ProgramTarget;Lorg/gradle/internal/classpath/ClassPath;Lorg/gradle/internal/classpath/ClassPath;Lorg/gradle/api/internal/file/temp/TemporaryFileProvider;)Ljava/io/File;+43
j  org.gradle.kotlin.dsl.execution.Interpreter.emitSpecializedProgramFor(Lorg/gradle/kotlin/dsl/support/KotlinScriptHost;Lorg/gradle/groovy/scripts/ScriptSource;Lorg/gradle/kotlin/dsl/execution/ProgramId;Lorg/gradle/api/internal/initialization/ClassLoaderScope;Lorg/gradle/api/internal/initialization/ClassLoaderScope;Lorg/gradle/kotlin/dsl/execution/ProgramKind;Lorg/gradle/kotlin/dsl/execution/ProgramTarget;)Lorg/gradle/kotlin/dsl/execution/CompiledScript;+85
j  org.gradle.kotlin.dsl.execution.Interpreter.eval(Ljava/lang/Object;Lorg/gradle/groovy/scripts/ScriptSource;Lorg/gradle/internal/hash/HashCode;Lorg/gradle/api/initialization/dsl/ScriptHandler;Lorg/gradle/api/internal/initialization/ClassLoaderScope;Lorg/gradle/api/internal/initialization/ClassLoaderScope;ZLjava/util/EnumSet;)V+189
j  org.gradle.kotlin.dsl.provider.StandardKotlinScriptEvaluator.evaluate(Ljava/lang/Object;Lorg/gradle/groovy/scripts/ScriptSource;Lorg/gradle/api/initialization/dsl/ScriptHandler;Lorg/gradle/api/internal/initialization/ClassLoaderScope;Lorg/gradle/api/internal/initialization/ClassLoaderScope;ZLjava/util/EnumSet;)V+163
j  org.gradle.kotlin.dsl.provider.KotlinScriptPluginFactory$create$1.invoke(Ljava/lang/Object;)V+72
j  org.gradle.kotlin.dsl.provider.KotlinScriptPluginFactory$create$1.invoke(Ljava/lang/Object;)Ljava/lang/Object;+2
j  org.gradle.kotlin.dsl.provider.KotlinScriptPlugin.apply(Ljava/lang/Object;)V+22
j  org.gradle.configuration.BuildOperationScriptPlugin$1.run(Lorg/gradle/internal/operations/BuildOperationContext;)V+11
j  org.gradle.internal.operations.DefaultBuildOperationRunner$1.execute(Lorg/gradle/internal/operations/RunnableBuildOperation;Lorg/gradle/internal/operations/BuildOperationContext;)V+2
j  org.gradle.internal.operations.DefaultBuildOperationRunner$1.execute(Lorg/gradle/internal/operations/BuildOperation;Lorg/gradle/internal/operations/BuildOperationContext;)V+6
j  org.gradle.internal.operations.DefaultBuildOperationRunner$2.execute(Lorg/gradle/internal/operations/BuildOperationDescriptor;Lorg/gradle/internal/operations/BuildOperationState;Lorg/gradle/internal/operations/BuildOperationState;Lorg/gradle/internal/operations/DefaultBuildOperationRunner$ReadableBuildOperationContext;Lorg/gradle/internal/operations/DefaultBuildOperationRunner$BuildOperationExecutionListener;)Lorg/gradle/internal/operations/BuildOperation;+22
j  org.gradle.internal.operations.DefaultBuildOperationRunner$2.execute(Lorg/gradle/internal/operations/BuildOperationDescriptor;Lorg/gradle/internal/operations/BuildOperationState;Lorg/gradle/internal/operations/BuildOperationState;Lorg/gradle/internal/operations/DefaultBuildOperationRunner$ReadableBuildOperationContext;Lorg/gradle/internal/operations/DefaultBuildOperationRunner$BuildOperationExecutionListener;)Ljava/lang/Object;+8
j  org.gradle.internal.operations.DefaultBuildOperationRunner.execute(Lorg/gradle/internal/operations/BuildOperationDescriptor$Builder;Lorg/gradle/internal/operations/BuildOperationState;Lorg/gradle/internal/operations/DefaultBuildOperationRunner$BuildOperationExecution;)Ljava/lang/Object;+141
j  org.gradle.internal.operations.DefaultBuildOperationRunner.execute(Lorg/gradle/internal/operations/BuildOperation;Lorg/gradle/internal/operations/BuildOperationWorker;Lorg/gradle/internal/operations/BuildOperationState;)V+18
j  org.gradle.internal.operations.DefaultBuildOperationRunner.run(Lorg/gradle/internal/operations/RunnableBuildOperation;)V+9
j  org.gradle.configuration.BuildOperationScriptPlugin.lambda$apply$0(Ljava/lang/Object;Lorg/gradle/internal/code/UserCodeApplicationId;)V+14
j  org.gradle.configuration.BuildOperationScriptPlugin$$Lambda+0x000001a30150a3a8.execute(Ljava/lang/Object;)V+12
j  org.gradle.internal.code.DefaultUserCodeApplicationContext.apply(Lorg/gradle/internal/code/UserCodeSource;Lorg/gradle/api/Action;)V+37
j  org.gradle.configuration.BuildOperationScriptPlugin.apply(Ljava/lang/Object;)V+71
j  org.gradle.initialization.ScriptEvaluatingSettingsProcessor.applySettingsScript(Lorg/gradle/groovy/scripts/TextResourceScriptSource;Lorg/gradle/api/internal/SettingsInternal;)V+32
j  org.gradle.initialization.ScriptEvaluatingSettingsProcessor.process(Lorg/gradle/api/internal/GradleInternal;Lorg/gradle/initialization/SettingsLocation;Lorg/gradle/api/internal/initialization/ClassLoaderScope;Lorg/gradle/StartParameter;)Lorg/gradle/initialization/SettingsState;+90
j  org.gradle.initialization.SettingsEvaluatedCallbackFiringSettingsProcessor.process(Lorg/gradle/api/internal/GradleInternal;Lorg/gradle/initialization/SettingsLocation;Lorg/gradle/api/internal/initialization/ClassLoaderScope;Lorg/gradle/StartParameter;)Lorg/gradle/initialization/SettingsState;+9
j  org.gradle.initialization.RootBuildCacheControllerSettingsProcessor.process(Lorg/gradle/api/internal/GradleInternal;Lorg/gradle/initialization/SettingsLocation;Lorg/gradle/api/internal/initialization/ClassLoaderScope;Lorg/gradle/StartParameter;)Lorg/gradle/initialization/SettingsState;+9
j  org.gradle.initialization.BuildOperationSettingsProcessor$2.call(Lorg/gradle/internal/operations/BuildOperationContext;)Lorg/gradle/initialization/SettingsState;+23
j  org.gradle.initialization.BuildOperationSettingsProcessor$2.call(Lorg/gradle/internal/operations/BuildOperationContext;)Ljava/lang/Object;+2
j  org.gradle.internal.operations.DefaultBuildOperationRunner$CallableBuildOperationWorker.execute(Lorg/gradle/internal/operations/CallableBuildOperation;Lorg/gradle/internal/operations/BuildOperationContext;)V+3
j  org.gradle.internal.operations.DefaultBuildOperationRunner$CallableBuildOperationWorker.execute(Lorg/gradle/internal/operations/BuildOperation;Lorg/gradle/internal/operations/BuildOperationContext;)V+6
j  org.gradle.internal.operations.DefaultBuildOperationRunner$2.execute(Lorg/gradle/internal/operations/BuildOperationDescriptor;Lorg/gradle/internal/operations/BuildOperationState;Lorg/gradle/internal/operations/BuildOperationState;Lorg/gradle/internal/operations/DefaultBuildOperationRunner$ReadableBuildOperationContext;Lorg/gradle/internal/operations/DefaultBuildOperationRunner$BuildOperationExecutionListener;)Lorg/gradle/internal/operations/BuildOperation;+22
j  org.gradle.internal.operations.DefaultBuildOperationRunner$2.execute(Lorg/gradle/internal/operations/BuildOperationDescriptor;Lorg/gradle/internal/operations/BuildOperationState;Lorg/gradle/internal/operations/BuildOperationState;Lorg/gradle/internal/operations/DefaultBuildOperationRunner$ReadableBuildOperationContext;Lorg/gradle/internal/operations/DefaultBuildOperationRunner$BuildOperationExecutionListener;)Ljava/lang/Object;+8
j  org.gradle.internal.operations.DefaultBuildOperationRunner.execute(Lorg/gradle/internal/operations/BuildOperationDescriptor$Builder;Lorg/gradle/internal/operations/BuildOperationState;Lorg/gradle/internal/operations/DefaultBuildOperationRunner$BuildOperationExecution;)Ljava/lang/Object;+141
j  org.gradle.internal.operations.DefaultBuildOperationRunner.execute(Lorg/gradle/internal/operations/BuildOperation;Lorg/gradle/internal/operations/BuildOperationWorker;Lorg/gradle/internal/operations/BuildOperationState;)V+18
j  org.gradle.internal.operations.DefaultBuildOperationRunner.call(Lorg/gradle/internal/operations/CallableBuildOperation;)Ljava/lang/Object;+16
j  org.gradle.initialization.BuildOperationSettingsProcessor.process(Lorg/gradle/api/internal/GradleInternal;Lorg/gradle/initialization/SettingsLocation;Lorg/gradle/api/internal/initialization/ClassLoaderScope;Lorg/gradle/StartParameter;)Lorg/gradle/initialization/SettingsState;+17
j  org.gradle.initialization.DefaultSettingsLoader.findSettingsAndLoadIfAppropriate(Lorg/gradle/api/internal/GradleInternal;Lorg/gradle/StartParameter;Lorg/gradle/initialization/SettingsLocation;Lorg/gradle/api/internal/initialization/ClassLoaderScope;)Lorg/gradle/initialization/SettingsState;+9
j  org.gradle.initialization.DefaultSettingsLoader.findAndLoadSettings(Lorg/gradle/api/internal/GradleInternal;)Lorg/gradle/initialization/SettingsState;+103
j  org.gradle.initialization.SettingsAttachingSettingsLoader.findAndLoadSettings(Lorg/gradle/api/internal/GradleInternal;)Lorg/gradle/initialization/SettingsState;+5
j  org.gradle.internal.composite.ChildBuildRegisteringSettingsLoader.findAndLoadSettings(Lorg/gradle/api/internal/GradleInternal;)Lorg/gradle/initialization/SettingsState;+5
j  org.gradle.initialization.InitScriptHandlingSettingsLoader.findAndLoadSettings(Lorg/gradle/api/internal/GradleInternal;)Lorg/gradle/initialization/SettingsState;+13
j  org.gradle.initialization.GradlePropertiesHandlingSettingsLoader.findAndLoadSettings(Lorg/gradle/api/internal/GradleInternal;)Lorg/gradle/initialization/SettingsState;+40
j  org.gradle.initialization.DefaultSettingsPreparer.prepareSettings(Lorg/gradle/api/internal/GradleInternal;)V+33
j  org.gradle.initialization.BuildOperationFiringSettingsPreparer$LoadBuild.doLoadBuild()V+11
j  org.gradle.initialization.BuildOperationFiringSettingsPreparer$LoadBuild.run(Lorg/gradle/internal/operations/BuildOperationContext;)V+1
j  org.gradle.internal.operations.DefaultBuildOperationRunner$1.execute(Lorg/gradle/internal/operations/RunnableBuildOperation;Lorg/gradle/internal/operations/BuildOperationContext;)V+2
j  org.gradle.internal.operations.DefaultBuildOperationRunner$1.execute(Lorg/gradle/internal/operations/BuildOperation;Lorg/gradle/internal/operations/BuildOperationContext;)V+6
j  org.gradle.internal.operations.DefaultBuildOperationRunner$2.execute(Lorg/gradle/internal/operations/BuildOperationDescriptor;Lorg/gradle/internal/operations/BuildOperationState;Lorg/gradle/internal/operations/BuildOperationState;Lorg/gradle/internal/operations/DefaultBuildOperationRunner$ReadableBuildOperationContext;Lorg/gradle/internal/operations/DefaultBuildOperationRunner$BuildOperationExecutionListener;)Lorg/gradle/internal/operations/BuildOperation;+22
j  org.gradle.internal.operations.DefaultBuildOperationRunner$2.execute(Lorg/gradle/internal/operations/BuildOperationDescriptor;Lorg/gradle/internal/operations/BuildOperationState;Lorg/gradle/internal/operations/BuildOperationState;Lorg/gradle/internal/operations/DefaultBuildOperationRunner$ReadableBuildOperationContext;Lorg/gradle/internal/operations/DefaultBuildOperationRunner$BuildOperationExecutionListener;)Ljava/lang/Object;+8
j  org.gradle.internal.operations.DefaultBuildOperationRunner.execute(Lorg/gradle/internal/operations/BuildOperationDescriptor$Builder;Lorg/gradle/internal/operations/BuildOperationState;Lorg/gradle/internal/operations/DefaultBuildOperationRunner$BuildOperationExecution;)Ljava/lang/Object;+141
j  org.gradle.internal.operations.DefaultBuildOperationRunner.execute(Lorg/gradle/internal/operations/BuildOperation;Lorg/gradle/internal/operations/BuildOperationWorker;Lorg/gradle/internal/operations/BuildOperationState;)V+18
j  org.gradle.internal.operations.DefaultBuildOperationRunner.run(Lorg/gradle/internal/operations/RunnableBuildOperation;)V+9
j  org.gradle.initialization.BuildOperationFiringSettingsPreparer.prepareSettings(Lorg/gradle/api/internal/GradleInternal;)V+31
j  org.gradle.initialization.VintageBuildModelController.lambda$prepareSettings$1()V+8
j  org.gradle.initialization.VintageBuildModelController$$Lambda+0x000001a301445210.run()V+4
j  org.gradle.internal.model.StateTransitionController.lambda$doTransition$14(Ljava/lang/Runnable;)Lorg/gradle/internal/build/ExecutionResult;+1
j  org.gradle.internal.model.StateTransitionController$$Lambda+0x000001a301445660.get()Ljava/lang/Object;+4
j  org.gradle.internal.model.StateTransitionController.doTransition(Lorg/gradle/internal/model/StateTransitionController$State;Lorg/gradle/internal/model/StateTransitionController$State;Ljava/util/function/Supplier;)Lorg/gradle/internal/build/ExecutionResult;+24
j  org.gradle.internal.model.StateTransitionController.doTransition(Lorg/gradle/internal/model/StateTransitionController$State;Lorg/gradle/internal/model/StateTransitionController$State;Ljava/lang/Runnable;)V+9
j  org.gradle.internal.model.StateTransitionController.lambda$transitionIfNotPreviously$11(Lorg/gradle/internal/model/StateTransitionController$State;Lorg/gradle/internal/model/StateTransitionController$State;Ljava/lang/Runnable;)V+16
j  org.gradle.internal.model.StateTransitionController$$Lambda+0x000001a301445438.run()V+16
j  org.gradle.internal.work.DefaultSynchronizer.withLock(Ljava/lang/Runnable;)V+6
j  org.gradle.internal.model.StateTransitionController.transitionIfNotPreviously(Lorg/gradle/internal/model/StateTransitionController$State;Lorg/gradle/internal/model/StateTransitionController$State;Ljava/lang/Runnable;)V+13
j  org.gradle.initialization.VintageBuildModelController.prepareSettings()V+16
j  org.gradle.initialization.VintageBuildModelController.getLoadedSettings()Lorg/gradle/api/internal/SettingsInternal;+1
j  org.gradle.internal.build.DefaultBuildLifecycleController$$Lambda+0x000001a301672830.get()Ljava/lang/Object;+4
j  org.gradle.internal.model.StateTransitionController.lambda$notInState$3(Lorg/gradle/internal/model/StateTransitionController$State;Ljava/util/function/Supplier;)Ljava/lang/Object;+11
j  org.gradle.internal.model.StateTransitionController$$Lambda+0x000001a301444fe8.create()Ljava/lang/Object;+12
j  org.gradle.internal.work.DefaultSynchronizer.withLock(Lorg/gradle/internal/Factory;)Ljava/lang/Object;+6
j  org.gradle.internal.model.StateTransitionController.notInState(Lorg/gradle/internal/model/StateTransitionController$State;Ljava/util/function/Supplier;)Ljava/lang/Object;+12
j  org.gradle.internal.build.DefaultBuildLifecycleController.loadSettings()V+21
j  org.gradle.internal.build.AbstractBuildState.ensureProjectsLoaded()V+4
j  org.gradle.internal.buildtree.BuildInclusionCoordinator.prepareForInclusion(Lorg/gradle/internal/build/IncludedBuildState;Z)V+14
j  org.gradle.internal.composite.DefaultBuildIncluder.lambda$getRegisteredPluginBuilds$0(Lorg/gradle/api/internal/BuildDefinition;)Lorg/gradle/internal/build/IncludedBuildState;+26
j  org.gradle.internal.composite.DefaultBuildIncluder$$Lambda+0x000001a301671ca0.apply(Ljava/lang/Object;)Ljava/lang/Object;+8
J 4224 c2 java.util.stream.ReferencePipeline$3$1.accept(Ljava/lang/Object;)V java.base@21.0.11 (23 bytes) @ 0x000001a36b302c78 [0x000001a36b302c20+0x0000000000000058]
j  java.util.ArrayList$ArrayListSpliterator.forEachRemaining(Ljava/util/function/Consumer;)V+95 java.base@21.0.11
J 4627 c2 java.util.stream.AbstractPipeline.wrapAndCopyInto(Ljava/util/stream/Sink;Ljava/util/Spliterator;)Ljava/util/stream/Sink; java.base@21.0.11 (18 bytes) @ 0x000001a36b0e6bbc [0x000001a36b0e6a60+0x000000000000015c]
J 4046 c1 java.util.stream.ReduceOps$ReduceOp.evaluateSequential(Ljava/util/stream/PipelineHelper;Ljava/util/Spliterator;)Ljava/lang/Object; java.base@21.0.11 (18 bytes) @ 0x000001a363de1ed4 [0x000001a363de1d00+0x00000000000001d4]
J 4776 c2 java.util.stream.AbstractPipeline.evaluate(Ljava/util/stream/TerminalOp;)Ljava/lang/Object; java.base@21.0.11 (94 bytes) @ 0x000001a36b12093c [0x000001a36b120840+0x00000000000000fc]
J 4055 c1 java.util.stream.ReferencePipeline.collect(Ljava/util/stream/Collector;)Ljava/lang/Object; java.base@21.0.11 (124 bytes) @ 0x000001a363de4fb4 [0x000001a363de4ac0+0x00000000000004f4]
j  org.gradle.internal.composite.DefaultBuildIncluder.getRegisteredPluginBuilds()Ljava/util/Collection;+23
j  org.gradle.composite.internal.plugins.CompositeBuildPluginResolverContributor$CompositeBuildPluginResolver.resolveFromIncludedPluginBuilds(Lorg/gradle/plugin/use/PluginId;)Lorg/gradle/plugin/use/resolve/internal/PluginResolution;+4
j  org.gradle.composite.internal.plugins.CompositeBuildPluginResolverContributor$CompositeBuildPluginResolver.doResolve(Lorg/gradle/plugin/use/PluginId;)Lorg/gradle/composite/internal/plugins/CompositeBuildPluginResolverContributor$PluginResult;+2
j  org.gradle.composite.internal.plugins.CompositeBuildPluginResolverContributor$CompositeBuildPluginResolver$$Lambda+0x000001a301675418.apply(Ljava/lang/Object;)Ljava/lang/Object;+8
J 4424 c2 java.util.concurrent.ConcurrentHashMap.computeIfAbsent(Ljava/lang/Object;Ljava/util/function/Function;)Ljava/lang/Object; java.base@21.0.11 (576 bytes) @ 0x000001a36b35c15c [0x000001a36b35b8e0+0x000000000000087c]
j  org.gradle.composite.internal.plugins.CompositeBuildPluginResolverContributor$CompositeBuildPluginResolver.resolve(Lorg/gradle/plugin/management/internal/PluginRequestInternal;)Lorg/gradle/plugin/use/resolve/internal/PluginResolutionResult;+16
j  org.gradle.plugin.use.resolve.internal.CompositePluginResolver.resolve(Lorg/gradle/plugin/management/internal/PluginRequestInternal;)Lorg/gradle/plugin/use/resolve/internal/PluginResolutionResult;+37
j  org.gradle.plugin.use.resolve.internal.AlreadyOnClasspathPluginResolver.resolve(Lorg/gradle/plugin/management/internal/PluginRequestInternal;)Lorg/gradle/plugin/use/resolve/internal/PluginResolutionResult;+28
j  org.gradle.plugin.use.internal.DefaultPluginRequestApplicator.resolvePluginRequest(Lorg/gradle/plugin/use/resolve/internal/PluginResolver;Lorg/gradle/plugin/management/internal/PluginRequestInternal;)Lorg/gradle/plugin/use/resolve/internal/PluginResolution;+2
j  org.gradle.plugin.use.internal.DefaultPluginRequestApplicator.applyPlugins(Lorg/gradle/plugin/management/internal/PluginRequests;Lorg/gradle/api/internal/initialization/ScriptHandlerInternal;Lorg/gradle/api/internal/plugins/PluginManagerInternal;Lorg/gradle/api/internal/initialization/ClassLoaderScope;)V+136
j  org.gradle.configuration.DefaultScriptPluginFactory$ScriptPluginImpl.apply(Ljava/lang/Object;)V+174
j  org.gradle.configuration.BuildOperationScriptPlugin$1.run(Lorg/gradle/internal/operations/BuildOperationContext;)V+11
j  org.gradle.internal.operations.DefaultBuildOperationRunner$1.execute(Lorg/gradle/internal/operations/RunnableBuildOperation;Lorg/gradle/internal/operations/BuildOperationContext;)V+2
j  org.gradle.internal.operations.DefaultBuildOperationRunner$1.execute(Lorg/gradle/internal/operations/BuildOperation;Lorg/gradle/internal/operations/BuildOperationContext;)V+6
j  org.gradle.internal.operations.DefaultBuildOperationRunner$2.execute(Lorg/gradle/internal/operations/BuildOperationDescriptor;Lorg/gradle/internal/operations/BuildOperationState;Lorg/gradle/internal/operations/BuildOperationState;Lorg/gradle/internal/operations/DefaultBuildOperationRunner$ReadableBuildOperationContext;Lorg/gradle/internal/operations/DefaultBuildOperationRunner$BuildOperationExecutionListener;)Lorg/gradle/internal/operations/BuildOperation;+22
j  org.gradle.internal.operations.DefaultBuildOperationRunner$2.execute(Lorg/gradle/internal/operations/BuildOperationDescriptor;Lorg/gradle/internal/operations/BuildOperationState;Lorg/gradle/internal/operations/BuildOperationState;Lorg/gradle/internal/operations/DefaultBuildOperationRunner$ReadableBuildOperationContext;Lorg/gradle/internal/operations/DefaultBuildOperationRunner$BuildOperationExecutionListener;)Ljava/lang/Object;+8
j  org.gradle.internal.operations.DefaultBuildOperationRunner.execute(Lorg/gradle/internal/operations/BuildOperationDescriptor$Builder;Lorg/gradle/internal/operations/BuildOperationState;Lorg/gradle/internal/operations/DefaultBuildOperationRunner$BuildOperationExecution;)Ljava/lang/Object;+141
j  org.gradle.internal.operations.DefaultBuildOperationRunner.execute(Lorg/gradle/internal/operations/BuildOperation;Lorg/gradle/internal/operations/BuildOperationWorker;Lorg/gradle/internal/operations/BuildOperationState;)V+18
j  org.gradle.internal.operations.DefaultBuildOperationRunner.run(Lorg/gradle/internal/operations/RunnableBuildOperation;)V+9
j  org.gradle.configuration.BuildOperationScriptPlugin.lambda$apply$0(Ljava/lang/Object;Lorg/gradle/internal/code/UserCodeApplicationId;)V+14
j  org.gradle.configuration.BuildOperationScriptPlugin$$Lambda+0x000001a30150a3a8.execute(Ljava/lang/Object;)V+12
j  org.gradle.internal.code.DefaultUserCodeApplicationContext.apply(Lorg/gradle/internal/code/UserCodeSource;Lorg/gradle/api/Action;)V+37
j  org.gradle.configuration.BuildOperationScriptPlugin.apply(Ljava/lang/Object;)V+71
j  org.gradle.initialization.ScriptEvaluatingSettingsProcessor.applySettingsScript(Lorg/gradle/groovy/scripts/TextResourceScriptSource;Lorg/gradle/api/internal/SettingsInternal;)V+32
j  org.gradle.initialization.ScriptEvaluatingSettingsProcessor.process(Lorg/gradle/api/internal/GradleInternal;Lorg/gradle/initialization/SettingsLocation;Lorg/gradle/api/internal/initialization/ClassLoaderScope;Lorg/gradle/StartParameter;)Lorg/gradle/initialization/SettingsState;+90
j  org.gradle.initialization.SettingsEvaluatedCallbackFiringSettingsProcessor.process(Lorg/gradle/api/internal/GradleInternal;Lorg/gradle/initialization/SettingsLocation;Lorg/gradle/api/internal/initialization/ClassLoaderScope;Lorg/gradle/StartParameter;)Lorg/gradle/initialization/SettingsState;+9
j  org.gradle.initialization.RootBuildCacheControllerSettingsProcessor.process(Lorg/gradle/api/internal/GradleInternal;Lorg/gradle/initialization/SettingsLocation;Lorg/gradle/api/internal/initialization/ClassLoaderScope;Lorg/gradle/StartParameter;)Lorg/gradle/initialization/SettingsState;+9
j  org.gradle.initialization.BuildOperationSettingsProcessor$2.call(Lorg/gradle/internal/operations/BuildOperationContext;)Lorg/gradle/initialization/SettingsState;+23
j  org.gradle.initialization.BuildOperationSettingsProcessor$2.call(Lorg/gradle/internal/operations/BuildOperationContext;)Ljava/lang/Object;+2
j  org.gradle.internal.operations.DefaultBuildOperationRunner$CallableBuildOperationWorker.execute(Lorg/gradle/internal/operations/CallableBuildOperation;Lorg/gradle/internal/operations/BuildOperationContext;)V+3
j  org.gradle.internal.operations.DefaultBuildOperationRunner$CallableBuildOperationWorker.execute(Lorg/gradle/internal/operations/BuildOperation;Lorg/gradle/internal/operations/BuildOperationContext;)V+6
j  org.gradle.internal.operations.DefaultBuildOperationRunner$2.execute(Lorg/gradle/internal/operations/BuildOperationDescriptor;Lorg/gradle/internal/operations/BuildOperationState;Lorg/gradle/internal/operations/BuildOperationState;Lorg/gradle/internal/operations/DefaultBuildOperationRunner$ReadableBuildOperationContext;Lorg/gradle/internal/operations/DefaultBuildOperationRunner$BuildOperationExecutionListener;)Lorg/gradle/internal/operations/BuildOperation;+22
j  org.gradle.internal.operations.DefaultBuildOperationRunner$2.execute(Lorg/gradle/internal/operations/BuildOperationDescriptor;Lorg/gradle/internal/operations/BuildOperationState;Lorg/gradle/internal/operations/BuildOperationState;Lorg/gradle/internal/operations/DefaultBuildOperationRunner$ReadableBuildOperationContext;Lorg/gradle/internal/operations/DefaultBuildOperationRunner$BuildOperationExecutionListener;)Ljava/lang/Object;+8
j  org.gradle.internal.operations.DefaultBuildOperationRunner.execute(Lorg/gradle/internal/operations/BuildOperationDescriptor$Builder;Lorg/gradle/internal/operations/BuildOperationState;Lorg/gradle/internal/operations/DefaultBuildOperationRunner$BuildOperationExecution;)Ljava/lang/Object;+141
j  org.gradle.internal.operations.DefaultBuildOperationRunner.execute(Lorg/gradle/internal/operations/BuildOperation;Lorg/gradle/internal/operations/BuildOperationWorker;Lorg/gradle/internal/operations/BuildOperationState;)V+18
j  org.gradle.internal.operations.DefaultBuildOperationRunner.call(Lorg/gradle/internal/operations/CallableBuildOperation;)Ljava/lang/Object;+16
j  org.gradle.initialization.BuildOperationSettingsProcessor.process(Lorg/gradle/api/internal/GradleInternal;Lorg/gradle/initialization/SettingsLocation;Lorg/gradle/api/internal/initialization/ClassLoaderScope;Lorg/gradle/StartParameter;)Lorg/gradle/initialization/SettingsState;+17
j  org.gradle.initialization.DefaultSettingsLoader.findSettingsAndLoadIfAppropriate(Lorg/gradle/api/internal/GradleInternal;Lorg/gradle/StartParameter;Lorg/gradle/initialization/SettingsLocation;Lorg/gradle/api/internal/initialization/ClassLoaderScope;)Lorg/gradle/initialization/SettingsState;+9
j  org.gradle.initialization.DefaultSettingsLoader.findAndLoadSettings(Lorg/gradle/api/internal/GradleInternal;)Lorg/gradle/initialization/SettingsState;+103
j  org.gradle.initialization.SettingsAttachingSettingsLoader.findAndLoadSettings(Lorg/gradle/api/internal/GradleInternal;)Lorg/gradle/initialization/SettingsState;+5
j  org.gradle.internal.composite.CommandLineIncludedBuildSettingsLoader.findAndLoadSettings(Lorg/gradle/api/internal/GradleInternal;)Lorg/gradle/initialization/SettingsState;+5
j  org.gradle.internal.composite.ChildBuildRegisteringSettingsLoader.findAndLoadSettings(Lorg/gradle/api/internal/GradleInternal;)Lorg/gradle/initialization/SettingsState;+5
j  org.gradle.internal.composite.CompositeBuildSettingsLoader.findAndLoadSettings(Lorg/gradle/api/internal/GradleInternal;)Lorg/gradle/initialization/SettingsState;+5
j  org.gradle.initialization.InitScriptHandlingSettingsLoader.findAndLoadSettings(Lorg/gradle/api/internal/GradleInternal;)Lorg/gradle/initialization/SettingsState;+13
j  org.gradle.api.internal.initialization.CacheConfigurationsHandlingSettingsLoader.findAndLoadSettings(Lorg/gradle/api/internal/GradleInternal;)Lorg/gradle/initialization/SettingsState;+15
j  org.gradle.initialization.GradlePropertiesHandlingSettingsLoader.findAndLoadSettings(Lorg/gradle/api/internal/GradleInternal;)Lorg/gradle/initialization/SettingsState;+40
j  org.gradle.initialization.DefaultSettingsPreparer.prepareSettings(Lorg/gradle/api/internal/GradleInternal;)V+33
j  org.gradle.initialization.BuildOperationFiringSettingsPreparer$LoadBuild.doLoadBuild()V+11
j  org.gradle.initialization.BuildOperationFiringSettingsPreparer$LoadBuild.run(Lorg/gradle/internal/operations/BuildOperationContext;)V+1
j  org.gradle.internal.operations.DefaultBuildOperationRunner$1.execute(Lorg/gradle/internal/operations/RunnableBuildOperation;Lorg/gradle/internal/operations/BuildOperationContext;)V+2
j  org.gradle.internal.operations.DefaultBuildOperationRunner$1.execute(Lorg/gradle/internal/operations/BuildOperation;Lorg/gradle/internal/operations/BuildOperationContext;)V+6
j  org.gradle.internal.operations.DefaultBuildOperationRunner$2.execute(Lorg/gradle/internal/operations/BuildOperationDescriptor;Lorg/gradle/internal/operations/BuildOperationState;Lorg/gradle/internal/operations/BuildOperationState;Lorg/gradle/internal/operations/DefaultBuildOperationRunner$ReadableBuildOperationContext;Lorg/gradle/internal/operations/DefaultBuildOperationRunner$BuildOperationExecutionListener;)Lorg/gradle/internal/operations/BuildOperation;+22
j  org.gradle.internal.operations.DefaultBuildOperationRunner$2.execute(Lorg/gradle/internal/operations/BuildOperationDescriptor;Lorg/gradle/internal/operations/BuildOperationState;Lorg/gradle/internal/operations/BuildOperationState;Lorg/gradle/internal/operations/DefaultBuildOperationRunner$ReadableBuildOperationContext;Lorg/gradle/internal/operations/DefaultBuildOperationRunner$BuildOperationExecutionListener;)Ljava/lang/Object;+8
j  org.gradle.internal.operations.DefaultBuildOperationRunner.execute(Lorg/gradle/internal/operations/BuildOperationDescriptor$Builder;Lorg/gradle/internal/operations/BuildOperationState;Lorg/gradle/internal/operations/DefaultBuildOperationRunner$BuildOperationExecution;)Ljava/lang/Object;+141
j  org.gradle.internal.operations.DefaultBuildOperationRunner.execute(Lorg/gradle/internal/operations/BuildOperation;Lorg/gradle/internal/operations/BuildOperationWorker;Lorg/gradle/internal/operations/BuildOperationState;)V+18
j  org.gradle.internal.operations.DefaultBuildOperationRunner.run(Lorg/gradle/internal/operations/RunnableBuildOperation;)V+9
j  org.gradle.initialization.BuildOperationFiringSettingsPreparer.prepareSettings(Lorg/gradle/api/internal/GradleInternal;)V+31
j  org.gradle.initialization.VintageBuildModelController.lambda$prepareSettings$1()V+8
j  org.gradle.initialization.VintageBuildModelController$$Lambda+0x000001a301445210.run()V+4
j  org.gradle.internal.model.StateTransitionController.lambda$doTransition$14(Ljava/lang/Runnable;)Lorg/gradle/internal/build/ExecutionResult;+1
j  org.gradle.internal.model.StateTransitionController$$Lambda+0x000001a301445660.get()Ljava/lang/Object;+4
j  org.gradle.internal.model.StateTransitionController.doTransition(Lorg/gradle/internal/model/StateTransitionController$State;Lorg/gradle/internal/model/StateTransitionController$State;Ljava/util/function/Supplier;)Lorg/gradle/internal/build/ExecutionResult;+24
j  org.gradle.internal.model.StateTransitionController.doTransition(Lorg/gradle/internal/model/StateTransitionController$State;Lorg/gradle/internal/model/StateTransitionController$State;Ljava/lang/Runnable;)V+9
j  org.gradle.internal.model.StateTransitionController.lambda$transitionIfNotPreviously$11(Lorg/gradle/internal/model/StateTransitionController$State;Lorg/gradle/internal/model/StateTransitionController$State;Ljava/lang/Runnable;)V+16
j  org.gradle.internal.model.StateTransitionController$$Lambda+0x000001a301445438.run()V+16
j  org.gradle.internal.work.DefaultSynchronizer.withLock(Ljava/lang/Runnable;)V+6
j  org.gradle.internal.model.StateTransitionController.transitionIfNotPreviously(Lorg/gradle/internal/model/StateTransitionController$State;Lorg/gradle/internal/model/StateTransitionController$State;Ljava/lang/Runnable;)V+13
j  org.gradle.initialization.VintageBuildModelController.prepareSettings()V+16
j  org.gradle.initialization.VintageBuildModelController.getConfiguredModel()Lorg/gradle/api/internal/GradleInternal;+1
j  org.gradle.internal.build.DefaultBuildLifecycleController.lambda$withProjectsConfigured$1(Ljava/util/function/Function;)Ljava/lang/Object;+5
j  org.gradle.internal.build.DefaultBuildLifecycleController$$Lambda+0x000001a301444dc0.get()Ljava/lang/Object;+8
j  org.gradle.internal.model.StateTransitionController.lambda$notInState$3(Lorg/gradle/internal/model/StateTransitionController$State;Ljava/util/function/Supplier;)Ljava/lang/Object;+11
j  org.gradle.internal.model.StateTransitionController$$Lambda+0x000001a301444fe8.create()Ljava/lang/Object;+12
j  org.gradle.internal.work.DefaultSynchronizer.withLock(Lorg/gradle/internal/Factory;)Ljava/lang/Object;+6
j  org.gradle.internal.model.StateTransitionController.notInState(Lorg/gradle/internal/model/StateTransitionController$State;Ljava/util/function/Supplier;)Ljava/lang/Object;+12
j  org.gradle.internal.build.DefaultBuildLifecycleController.withProjectsConfigured(Ljava/util/function/Function;)Ljava/lang/Object;+14
j  org.gradle.internal.build.DefaultBuildToolingModelController.locateBuilderForTarget(Ljava/lang/String;Z)Lorg/gradle/tooling/provider/model/internal/ToolingModelScope;+38
j  org.gradle.internal.buildtree.DefaultBuildTreeModelCreator$DefaultBuildTreeModelController.lambda$locateBuilderForBuildTarget$0(Ljava/lang/String;ZLorg/gradle/internal/build/BuildToolingModelController;)Lorg/gradle/tooling/provider/model/internal/ToolingModelScope;+3
j  org.gradle.internal.buildtree.DefaultBuildTreeModelCreator$DefaultBuildTreeModelController$$Lambda+0x000001a301422528.apply(Ljava/lang/Object;)Ljava/lang/Object;+12
j  org.gradle.internal.build.DefaultBuildLifecycleController.withToolingModels(Ljava/util/function/Function;)Ljava/lang/Object;+15
j  org.gradle.internal.build.AbstractBuildState.withToolingModels(Ljava/util/function/Function;)Ljava/lang/Object;+5
j  org.gradle.internal.buildtree.DefaultBuildTreeModelCreator$DefaultBuildTreeModelController.locateBuilderForBuildTarget(Lorg/gradle/internal/build/BuildState;Ljava/lang/String;Z)Lorg/gradle/tooling/provider/model/internal/ToolingModelScope;+8
j  org.gradle.internal.buildtree.DefaultBuildTreeModelCreator$DefaultBuildTreeModelController.locateBuilderForDefaultTarget(Ljava/lang/String;Z)Lorg/gradle/tooling/provider/model/internal/ToolingModelScope;+10
j  org.gradle.internal.buildtree.DefaultBuildTreeModelCreator$DefaultBuildTreeModelController.locateBuilderForTarget(Lorg/gradle/internal/buildtree/BuildTreeModelTarget;Ljava/lang/String;Z)Lorg/gradle/tooling/provider/model/internal/ToolingModelScope;+10
j  org.gradle.internal.buildtree.DefaultBuildTreeModelCreator$DefaultBuildTreeModelController.access$200(Lorg/gradle/internal/buildtree/DefaultBuildTreeModelCreator$DefaultBuildTreeModelController;Lorg/gradle/internal/buildtree/BuildTreeModelTarget;Ljava/lang/String;Z)Lorg/gradle/tooling/provider/model/internal/ToolingModelScope;+4
j  org.gradle.internal.buildtree.DefaultBuildTreeModelCreator$DefaultBuildTreeModelController$1.call(Lorg/gradle/internal/operations/BuildOperationContext;)Ljava/lang/Object;+24
j  org.gradle.internal.operations.DefaultBuildOperationRunner$CallableBuildOperationWorker.execute(Lorg/gradle/internal/operations/CallableBuildOperation;Lorg/gradle/internal/operations/BuildOperationContext;)V+3
j  org.gradle.internal.operations.DefaultBuildOperationRunner$CallableBuildOperationWorker.execute(Lorg/gradle/internal/operations/BuildOperation;Lorg/gradle/internal/operations/BuildOperationContext;)V+6
j  org.gradle.internal.operations.DefaultBuildOperationRunner$2.execute(Lorg/gradle/internal/operations/BuildOperationDescriptor;Lorg/gradle/internal/operations/BuildOperationState;Lorg/gradle/internal/operations/BuildOperationState;Lorg/gradle/internal/operations/DefaultBuildOperationRunner$ReadableBuildOperationContext;Lorg/gradle/internal/operations/DefaultBuildOperationRunner$BuildOperationExecutionListener;)Lorg/gradle/internal/operations/BuildOperation;+22
j  org.gradle.internal.operations.DefaultBuildOperationRunner$2.execute(Lorg/gradle/internal/operations/BuildOperationDescriptor;Lorg/gradle/internal/operations/BuildOperationState;Lorg/gradle/internal/operations/BuildOperationState;Lorg/gradle/internal/operations/DefaultBuildOperationRunner$ReadableBuildOperationContext;Lorg/gradle/internal/operations/DefaultBuildOperationRunner$BuildOperationExecutionListener;)Ljava/lang/Object;+8
j  org.gradle.internal.operations.DefaultBuildOperationRunner.execute(Lorg/gradle/internal/operations/BuildOperationDescriptor$Builder;Lorg/gradle/internal/operations/BuildOperationState;Lorg/gradle/internal/operations/DefaultBuildOperationRunner$BuildOperationExecution;)Ljava/lang/Object;+141
j  org.gradle.internal.operations.DefaultBuildOperationRunner.execute(Lorg/gradle/internal/operations/BuildOperation;Lorg/gradle/internal/operations/BuildOperationWorker;Lorg/gradle/internal/operations/BuildOperationState;)V+18
j  org.gradle.internal.operations.DefaultBuildOperationRunner.call(Lorg/gradle/internal/operations/CallableBuildOperation;)Ljava/lang/Object;+16
j  org.gradle.internal.buildtree.DefaultBuildTreeModelCreator$DefaultBuildTreeModelController.getModel(Lorg/gradle/internal/buildtree/BuildTreeModelTarget;Ljava/lang/String;Ljava/lang/Object;)Ljava/lang/Object;+18
j  org.gradle.tooling.internal.provider.runner.BuildModelActionRunner$ModelCreateAction.fromBuildModel(Lorg/gradle/internal/buildtree/BuildTreeModelController;)Ljava/lang/Object;+14
j  org.gradle.internal.buildtree.DefaultBuildTreeModelCreator.fromBuildModel(Lorg/gradle/internal/buildtree/BuildTreeModelAction;)Ljava/lang/Object;+10
j  org.gradle.internal.buildtree.DefaultBuildTreeLifecycleController.lambda$fromBuildModel$2(Lorg/gradle/internal/buildtree/BuildTreeModelAction;Z)Lorg/gradle/internal/build/ExecutionResult;+57
j  org.gradle.internal.buildtree.DefaultBuildTreeLifecycleController$$Lambda+0x000001a3014213d8.get()Ljava/lang/Object;+12
j  org.gradle.internal.buildtree.DefaultBuildTreeLifecycleController.lambda$runBuild$4(Ljava/util/function/Supplier;)Ljava/lang/Object;+1
j  org.gradle.internal.buildtree.DefaultBuildTreeLifecycleController$$Lambda+0x000001a301421600.get()Ljava/lang/Object;+8
j  org.gradle.internal.model.StateTransitionController.lambda$transition$6(Ljava/util/function/Supplier;)Lorg/gradle/internal/build/ExecutionResult;+1
j  org.gradle.internal.model.StateTransitionController$$Lambda+0x000001a301421a50.get()Ljava/lang/Object;+4
j  org.gradle.internal.model.StateTransitionController.doTransition(Lorg/gradle/internal/model/StateTransitionController$State;Lorg/gradle/internal/model/StateTransitionController$State;Ljava/util/function/Supplier;)Lorg/gradle/internal/build/ExecutionResult;+24
j  org.gradle.internal.model.StateTransitionController.lambda$transition$7(Lorg/gradle/internal/model/StateTransitionController$State;Lorg/gradle/internal/model/StateTransitionController$State;Ljava/util/function/Supplier;)Ljava/lang/Object;+9
j  org.gradle.internal.model.StateTransitionController$$Lambda+0x000001a301421828.create()Ljava/lang/Object;+16
j  org.gradle.internal.work.DefaultSynchronizer.withLock(Lorg/gradle/internal/Factory;)Ljava/lang/Object;+6
j  org.gradle.internal.model.StateTransitionController.transition(Lorg/gradle/internal/model/StateTransitionController$State;Lorg/gradle/internal/model/StateTransitionController$State;Ljava/util/function/Supplier;)Ljava/lang/Object;+13
j  org.gradle.internal.buildtree.DefaultBuildTreeLifecycleController.runBuild(Ljava/util/function/Supplier;)Ljava/lang/Object;+17
j  org.gradle.internal.buildtree.DefaultBuildTreeLifecycleController.fromBuildModel(ZLorg/gradle/internal/buildtree/BuildTreeModelAction;)Ljava/lang/Object;+9
j  org.gradle.tooling.internal.provider.runner.BuildModelActionRunner.run(Lorg/gradle/internal/invocation/BuildAction;Lorg/gradle/internal/buildtree/BuildTreeLifecycleController;)Lorg/gradle/internal/buildtree/BuildActionRunner$Result;+40
j  org.gradle.launcher.exec.ChainingBuildActionRunner.run(Lorg/gradle/internal/invocation/BuildAction;Lorg/gradle/internal/buildtree/BuildTreeLifecycleController;)Lorg/gradle/internal/buildtree/BuildActionRunner$Result;+34
j  org.gradle.internal.buildtree.ProblemReportingBuildActionRunner.run(Lorg/gradle/internal/invocation/BuildAction;Lorg/gradle/internal/buildtree/BuildTreeLifecycleController;)Lorg/gradle/internal/buildtree/BuildActionRunner$Result;+12
j  org.gradle.launcher.exec.BuildOutcomeReportingBuildActionRunner.run(Lorg/gradle/internal/invocation/BuildAction;Lorg/gradle/internal/buildtree/BuildTreeLifecycleController;)Lorg/gradle/internal/buildtree/BuildActionRunner$Result;+69
j  org.gradle.tooling.internal.provider.FileSystemWatchingBuildActionRunner.run(Lorg/gradle/internal/invocation/BuildAction;Lorg/gradle/internal/buildtree/BuildTreeLifecycleController;)Lorg/gradle/internal/buildtree/BuildActionRunner$Result;+317
j  org.gradle.launcher.exec.BuildCompletionNotifyingBuildActionRunner.run(Lorg/gradle/internal/invocation/BuildAction;Lorg/gradle/internal/buildtree/BuildTreeLifecycleController;)Lorg/gradle/internal/buildtree/BuildActionRunner$Result;+6
j  org.gradle.launcher.exec.RootBuildLifecycleBuildActionExecutor.lambda$execute$0(Lorg/gradle/internal/invocation/BuildAction;Lorg/gradle/internal/buildtree/BuildTreeLifecycleController;)Lorg/gradle/internal/buildtree/BuildActionRunner$Result;+6
j  org.gradle.launcher.exec.RootBuildLifecycleBuildActionExecutor$$Lambda+0x000001a30140a200.apply(Ljava/lang/Object;)Ljava/lang/Object;+12
j  org.gradle.composite.internal.DefaultRootBuildState.run(Ljava/util/function/Function;)Ljava/lang/Object;+87
j  org.gradle.launcher.exec.RootBuildLifecycleBuildActionExecutor.execute(Lorg/gradle/internal/invocation/BuildAction;Lorg/gradle/internal/buildtree/BuildTreeContext;)Lorg/gradle/internal/buildtree/BuildActionRunner$Result;+75
j  org.gradle.internal.buildtree.InitDeprecationLoggingActionExecutor.execute(Lorg/gradle/internal/invocation/BuildAction;Lorg/gradle/internal/buildtree/BuildTreeContext;)Lorg/gradle/internal/buildtree/BuildActionRunner$Result;+83
j  org.gradle.internal.buildtree.InitProblems.execute(Lorg/gradle/internal/invocation/BuildAction;Lorg/gradle/internal/buildtree/BuildTreeContext;)Lorg/gradle/internal/buildtree/BuildActionRunner$Result;+13
j  org.gradle.internal.buildtree.DefaultBuildTreeContext.execute(Lorg/gradle/internal/invocation/BuildAction;)Lorg/gradle/internal/buildtree/BuildActionRunner$Result;+64
j  org.gradle.launcher.exec.BuildTreeLifecycleBuildActionExecutor.lambda$execute$0(Lorg/gradle/internal/invocation/BuildAction;Lorg/gradle/internal/buildtree/BuildTreeContext;)Lorg/gradle/internal/buildtree/BuildActionRunner$Result;+2
j  org.gradle.launcher.exec.BuildTreeLifecycleBuildActionExecutor$$Lambda+0x000001a3012b75a8.apply(Ljava/lang/Object;)Ljava/lang/Object;+8
j  org.gradle.internal.buildtree.BuildTreeState.run(Ljava/util/function/Function;)Ljava/lang/Object;+47
j  org.gradle.launcher.exec.BuildTreeLifecycleBuildActionExecutor.execute(Lorg/gradle/internal/invocation/BuildAction;Lorg/gradle/internal/session/BuildSessionContext;)Lorg/gradle/internal/buildtree/BuildActionRunner$Result;+74
j  org.gradle.launcher.exec.RunAsBuildOperationBuildActionExecutor$2.call(Lorg/gradle/internal/operations/BuildOperationContext;)Lorg/gradle/internal/buildtree/BuildActionRunner$Result;+25
j  org.gradle.launcher.exec.RunAsBuildOperationBuildActionExecutor$2.call(Lorg/gradle/internal/operations/BuildOperationContext;)Ljava/lang/Object;+2
j  org.gradle.internal.operations.DefaultBuildOperationRunner$CallableBuildOperationWorker.execute(Lorg/gradle/internal/operations/CallableBuildOperation;Lorg/gradle/internal/operations/BuildOperationContext;)V+3
j  org.gradle.internal.operations.DefaultBuildOperationRunner$CallableBuildOperationWorker.execute(Lorg/gradle/internal/operations/BuildOperation;Lorg/gradle/internal/operations/BuildOperationContext;)V+6
j  org.gradle.internal.operations.DefaultBuildOperationRunner$2.execute(Lorg/gradle/internal/operations/BuildOperationDescriptor;Lorg/gradle/internal/operations/BuildOperationState;Lorg/gradle/internal/operations/BuildOperationState;Lorg/gradle/internal/operations/DefaultBuildOperationRunner$ReadableBuildOperationContext;Lorg/gradle/internal/operations/DefaultBuildOperationRunner$BuildOperationExecutionListener;)Lorg/gradle/internal/operations/BuildOperation;+22
j  org.gradle.internal.operations.DefaultBuildOperationRunner$2.execute(Lorg/gradle/internal/operations/BuildOperationDescriptor;Lorg/gradle/internal/operations/BuildOperationState;Lorg/gradle/internal/operations/BuildOperationState;Lorg/gradle/internal/operations/DefaultBuildOperationRunner$ReadableBuildOperationContext;Lorg/gradle/internal/operations/DefaultBuildOperationRunner$BuildOperationExecutionListener;)Ljava/lang/Object;+8
j  org.gradle.internal.operations.DefaultBuildOperationRunner.execute(Lorg/gradle/internal/operations/BuildOperationDescriptor$Builder;Lorg/gradle/internal/operations/BuildOperationState;Lorg/gradle/internal/operations/DefaultBuildOperationRunner$BuildOperationExecution;)Ljava/lang/Object;+141
j  org.gradle.internal.operations.DefaultBuildOperationRunner.execute(Lorg/gradle/internal/operations/BuildOperation;Lorg/gradle/internal/operations/BuildOperationWorker;Lorg/gradle/internal/operations/BuildOperationState;)V+18
j  org.gradle.internal.operations.DefaultBuildOperationRunner.call(Lorg/gradle/internal/operations/CallableBuildOperation;)Ljava/lang/Object;+16
j  org.gradle.launcher.exec.RunAsBuildOperationBuildActionExecutor.execute(Lorg/gradle/internal/invocation/BuildAction;Lorg/gradle/internal/session/BuildSessionContext;)Lorg/gradle/internal/buildtree/BuildActionRunner$Result;+23
j  org.gradle.launcher.exec.RunAsWorkerThreadBuildActionExecutor.lambda$execute$0(Lorg/gradle/internal/invocation/BuildAction;Lorg/gradle/internal/session/BuildSessionContext;)Lorg/gradle/internal/buildtree/BuildActionRunner$Result;+6
j  org.gradle.launcher.exec.RunAsWorkerThreadBuildActionExecutor$$Lambda+0x000001a30128c240.create()Ljava/lang/Object;+12
j  org.gradle.internal.work.DefaultWorkerLeaseService.withLocks(Ljava/util/Collection;Lorg/gradle/internal/Factory;)Ljava/lang/Object;+28
j  org.gradle.internal.work.DefaultWorkerLeaseService.runAsWorkerThread(Lorg/gradle/internal/Factory;)Ljava/lang/Object;+33
j  org.gradle.launcher.exec.RunAsWorkerThreadBuildActionExecutor.execute(Lorg/gradle/internal/invocation/BuildAction;Lorg/gradle/internal/session/BuildSessionContext;)Lorg/gradle/internal/buildtree/BuildActionRunner$Result;+12
j  org.gradle.tooling.internal.provider.continuous.ContinuousBuildActionExecutor.execute(Lorg/gradle/internal/invocation/BuildAction;Lorg/gradle/internal/session/BuildSessionContext;)Lorg/gradle/internal/buildtree/BuildActionRunner$Result;+58
j  org.gradle.tooling.internal.provider.SubscribableBuildActionExecutor.execute(Lorg/gradle/internal/invocation/BuildAction;Lorg/gradle/internal/session/BuildSessionContext;)Lorg/gradle/internal/buildtree/BuildActionRunner$Result;+30
j  org.gradle.internal.session.DefaultBuildSessionContext.execute(Lorg/gradle/internal/invocation/BuildAction;)Lorg/gradle/internal/buildtree/BuildActionRunner$Result;+64
j  org.gradle.internal.buildprocess.execution.BuildSessionLifecycleBuildActionExecutor$ActionImpl.apply(Lorg/gradle/internal/session/BuildSessionContext;)Lorg/gradle/launcher/exec/BuildActionResult;+6
j  org.gradle.internal.buildprocess.execution.BuildSessionLifecycleBuildActionExecutor$ActionImpl.apply(Ljava/lang/Object;)Ljava/lang/Object;+5
j  org.gradle.internal.session.BuildSessionState.run(Ljava/util/function/Function;)Ljava/lang/Object;+5
j  org.gradle.internal.buildprocess.execution.BuildSessionLifecycleBuildActionExecutor.execute(Lorg/gradle/internal/invocation/BuildAction;Lorg/gradle/launcher/exec/BuildActionParameters;Lorg/gradle/initialization/BuildRequestContext;)Lorg/gradle/launcher/exec/BuildActionResult;+95
j  org.gradle.internal.buildprocess.execution.BuildSessionLifecycleBuildActionExecutor.execute(Lorg/gradle/internal/invocation/BuildAction;Ljava/lang/Object;Ljava/lang/Object;)Lorg/gradle/launcher/exec/BuildActionResult;+10
j  org.gradle.internal.buildprocess.execution.StartParamsValidatingActionExecutor.execute(Lorg/gradle/internal/invocation/BuildAction;Lorg/gradle/launcher/exec/BuildActionParameters;Lorg/gradle/initialization/BuildRequestContext;)Lorg/gradle/launcher/exec/BuildActionResult;+203
j  org.gradle.internal.buildprocess.execution.StartParamsValidatingActionExecutor.execute(Lorg/gradle/internal/invocation/BuildAction;Ljava/lang/Object;Ljava/lang/Object;)Lorg/gradle/launcher/exec/BuildActionResult;+10
j  org.gradle.internal.buildprocess.execution.SessionFailureReportingActionExecutor.execute(Lorg/gradle/internal/invocation/BuildAction;Lorg/gradle/launcher/exec/BuildActionParameters;Lorg/gradle/initialization/BuildRequestContext;)Lorg/gradle/launcher/exec/BuildActionResult;+7
j  org.gradle.internal.buildprocess.execution.SessionFailureReportingActionExecutor.execute(Lorg/gradle/internal/invocation/BuildAction;Ljava/lang/Object;Ljava/lang/Object;)Lorg/gradle/launcher/exec/BuildActionResult;+10
j  org.gradle.internal.buildprocess.execution.SetupLoggingActionExecutor.execute(Lorg/gradle/internal/invocation/BuildAction;Lorg/gradle/launcher/exec/BuildActionParameters;Lorg/gradle/initialization/BuildRequestContext;)Lorg/gradle/launcher/exec/BuildActionResult;+50
j  org.gradle.internal.buildprocess.execution.SetupLoggingActionExecutor.execute(Lorg/gradle/internal/invocation/BuildAction;Ljava/lang/Object;Ljava/lang/Object;)Lorg/gradle/launcher/exec/BuildActionResult;+10
j  org.gradle.launcher.daemon.server.exec.ExecuteBuild.doBuild(Lorg/gradle/launcher/daemon/server/api/DaemonCommandExecution;Lorg/gradle/launcher/daemon/protocol/Build;)V+147
j  org.gradle.launcher.daemon.server.exec.BuildCommandOnly.execute(Lorg/gradle/launcher/daemon/server/api/DaemonCommandExecution;)V+49
j  org.gradle.launcher.daemon.server.api.DaemonCommandExecution.proceed()Z+23
j  org.gradle.launcher.daemon.server.exec.WatchForDisconnection.execute(Lorg/gradle/launcher/daemon/server/api/DaemonCommandExecution;)V+19
j  org.gradle.launcher.daemon.server.api.DaemonCommandExecution.proceed()Z+23
j  org.gradle.launcher.daemon.server.exec.ResetDeprecationLogger.execute(Lorg/gradle/launcher/daemon/server/api/DaemonCommandExecution;)V+7
j  org.gradle.launcher.daemon.server.api.DaemonCommandExecution.proceed()Z+23
j  org.gradle.launcher.daemon.server.exec.RequestStopIfSingleUsedDaemon.execute(Lorg/gradle/launcher/daemon/server/api/DaemonCommandExecution;)V+33
j  org.gradle.launcher.daemon.server.api.DaemonCommandExecution.proceed()Z+23
j  org.gradle.launcher.daemon.server.exec.ForwardClientInput.lambda$execute$0(Lorg/gradle/launcher/daemon/server/api/DaemonCommandExecution;Lorg/gradle/internal/daemon/clientinput/StdinHandler;)Ljava/lang/Object;+11
j  org.gradle.launcher.daemon.server.exec.ForwardClientInput$$Lambda+0x000001a301194208.apply(Ljava/lang/Object;)Ljava/lang/Object;+8
j  org.gradle.internal.daemon.clientinput.ClientInputForwarder.forwardInput(Ljava/util/function/Function;)Ljava/lang/Object;+46
j  org.gradle.launcher.daemon.server.exec.ForwardClientInput.execute(Lorg/gradle/launcher/daemon/server/api/DaemonCommandExecution;)V+10
j  org.gradle.launcher.daemon.server.api.DaemonCommandExecution.proceed()Z+23
j  org.gradle.launcher.daemon.server.exec.LogAndCheckHealth.execute(Lorg/gradle/launcher/daemon/server/api/DaemonCommandExecution;)V+51
j  org.gradle.launcher.daemon.server.api.DaemonCommandExecution.proceed()Z+23
j  org.gradle.launcher.daemon.server.exec.LogToClient.doBuild(Lorg/gradle/launcher/daemon/server/api/DaemonCommandExecution;Lorg/gradle/launcher/daemon/protocol/Build;)V+87
j  org.gradle.launcher.daemon.server.exec.BuildCommandOnly.execute(Lorg/gradle/launcher/daemon/server/api/DaemonCommandExecution;)V+49
j  org.gradle.launcher.daemon.server.api.DaemonCommandExecution.proceed()Z+23
j  org.gradle.launcher.daemon.server.exec.EstablishBuildEnvironment.doBuild(Lorg/gradle/launcher/daemon/server/api/DaemonCommandExecution;Lorg/gradle/launcher/daemon/protocol/Build;)V+356
j  org.gradle.launcher.daemon.server.exec.BuildCommandOnly.execute(Lorg/gradle/launcher/daemon/server/api/DaemonCommandExecution;)V+49
j  org.gradle.launcher.daemon.server.api.DaemonCommandExecution.proceed()Z+23
j  org.gradle.launcher.daemon.server.exec.StartBuildOrRespondWithBusy$1.run()V+44
j  org.gradle.launcher.daemon.server.DaemonStateCoordinator.lambda$runCommand$0(Ljava/lang/Runnable;)V+1
j  org.gradle.launcher.daemon.server.DaemonStateCoordinator$$Lambda+0x000001a30118ebd8.run()V+8
j  org.gradle.internal.concurrent.ExecutorPolicy$CatchAndRecordFailures.onExecute(Ljava/lang/Runnable;)V+1
j  org.gradle.internal.concurrent.AbstractManagedExecutor$1.run()V+25
j  java.util.concurrent.ThreadPoolExecutor.runWorker(Ljava/util/concurrent/ThreadPoolExecutor$Worker;)V+92 java.base@21.0.11
j  java.util.concurrent.ThreadPoolExecutor$Worker.run()V+5 java.base@21.0.11
j  java.lang.Thread.runWith(Ljava/lang/Object;Ljava/lang/Runnable;)V+5 java.base@21.0.11
j  java.lang.Thread.run()V+19 java.base@21.0.11
v  ~StubRoutines::call_stub 0x000001a36ab2100d
new  187 new  [0x000001a36ab3a0a0, 0x000001a36ab3a2a8]  520 bytes
[MachCode]
  0x000001a36ab3a0a0: 4883 ec08 | c5fa 1104 | 24eb 1f48 | 83ec 10c5 | fb11 0424 | eb14 4883 | ec10 4889 | 0424 48c7 
  0x000001a36ab3a0c0: 4424 0800 | 0000 00eb | 0150 410f | b755 010f | cac1 ea10 | 488b 4de8 | 488b 4908 | 488b 4908 
  0x000001a36ab3a0e0: 488b 4108 | 807c 1004 | 070f 85d3 | 0000 0066 | 8b54 d148 | 488b 4928 | 488b 4cd1 | 0851 80b9 
  0x000001a36ab3a100: 3101 0000 | 040f 85b6 | 0000 008b | 5108 f6c2 | 010f 85aa | 0000 0049 | 8b87 b801 | 0000 488d 
  0x000001a36ab3a120: 1c10 493b | 9fc8 0100 | 000f 8792 | 0000 0049 | 899f b801 | 0000 4883 | ea10 0f84 | 0f00 0000 
  0x000001a36ab3a140: 33c9 c1ea | 0348 894c | d008 48ff | ca75 f648 | c700 0100 | 0000 5933 | f689 700c | 49ba 0000 
  0x000001a36ab3a160: 0000 a301 | 0000 492b | ca89 4808 | 49ba c76c | d4cd fa7f | 0000 4180 | 3a00 0f84 | 3c00 0000 
  0x000001a36ab3a180: 5048 8bc8 | 4883 ec20 | 40f6 c40f | 0f84 1900 | 0000 4883 | ec08 48b8 | 60e5 7dcd | fa7f 0000 
  0x000001a36ab3a1a0: ffd0 4883 | c408 e90c | 0000 0048 | b860 e57d | cdfa 7f00 | 00ff d048 | 83c4 2058 | e9cb 0000 
  0x000001a36ab3a1c0: 0059 488b | 55e8 488b | 5208 488b | 5208 450f | b745 0141 | 0fc8 41c1 | e810 e805 | 0000 00e9 
  0x000001a36ab3a1e0: a800 0000 | 488d 4424 | 084c 896d | c049 8bcf | c5f8 7749 | 89af b003 | 0000 4989 | 87a0 0300 
  0x000001a36ab3a200: 0048 83ec | 2040 f6c4 | 0f0f 8419 | 0000 0048 | 83ec 0848 | b800 cf47 | cdfa 7f00 | 00ff d048 
  0x000001a36ab3a220: 83c4 08e9 | 0c00 0000 | 48b8 00cf | 47cd fa7f | 0000 ffd0 | 4883 c420 | 49c7 87a0 | 0300 0000 
  0x000001a36ab3a240: 0000 0049 | c787 b003 | 0000 0000 | 0000 49c7 | 87a8 0300 | 0000 0000 | 00c5 f877 | 4983 7f08 
  0x000001a36ab3a260: 000f 8405 | 0000 00e9 | 946c feff | 498b 87f8 | 0300 0049 | c787 f803 | 0000 0000 | 0000 4c8b 
  0x000001a36ab3a280: 6dc0 4c8b | 75c8 4e8d | 74f5 00c3 | 410f b65d | 0349 83c5 | 0349 ba10 | 35d7 cdfa | 7f00 0041 
  0x000001a36ab3a2a0: ff24 da0f | 1f44 0000 
[/MachCode]

Compiled method (c1) 60139 8785       3       org.jetbrains.kotlin.ir.expressions.IrCall::accept (15 bytes)
 total in heap  [0x000001a364477c90,0x000001a3644787a0] = 2832
 relocation     [0x000001a364477df0,0x000001a364477eb8] = 200
 main code      [0x000001a364477ec0,0x000001a3644784d8] = 1560
 stub code      [0x000001a3644784d8,0x000001a364478560] = 136
 oops           [0x000001a364478560,0x000001a364478578] = 24
 metadata       [0x000001a364478578,0x000001a3644785a0] = 40
 scopes data    [0x000001a3644785a0,0x000001a364478658] = 184
 scopes pcs     [0x000001a364478658,0x000001a364478778] = 288
 dependencies   [0x000001a364478778,0x000001a364478780] = 8
 nul chk table  [0x000001a364478780,0x000001a3644787a0] = 32

[Constant Pool (empty)]

[MachCode]
[Entry Point]
  # {method} {0x000001a3244156a8} 'accept' '(Lorg/jetbrains/kotlin/ir/visitors/IrElementVisitor;Ljava/lang/Object;)Ljava/lang/Object;' in 'org/jetbrains/kotlin/ir/expressions/IrCall'
  # this:     rdx:rdx   = 'org/jetbrains/kotlin/ir/expressions/IrCall'
  # parm0:    r8:r8     = 'org/jetbrains/kotlin/ir/visitors/IrElementVisitor'
  # parm1:    r9:r9     = 'java/lang/Object'
  #           [sp+0xb0]  (sp of caller)
  0x000001a364477ec0: 448b 5208 | 49bb 0000 | 0000 a301 | 0000 4d03 | d34c 3bd0 

  0x000001a364477ed4: ;   {runtime_call ic_miss_stub}
  0x000001a364477ed4: 0f85 a668 | 6f06 660f | 1f44 0000 
[Verified Entry Point]
  0x000001a364477ee0: 8984 2400 | 80ff ff55 | 4881 eca0 | 0000 0090 | 4181 7f20 | 0f00 0000 

  0x000001a364477ef8: ;   {runtime_call StubRoutines (final stubs)}
  0x000001a364477ef8: 7405 e8a1 | e56d 064c | 8984 2480 

  0x000001a364477f04: ;   {metadata(method data for {method} {0x000001a3244156a8} 'accept' '(Lorg/jetbrains/kotlin/ir/visitors/IrElementVisitor;Ljava/lang/Object;)Ljava/lang/Object;' in 'org/jetbrains/kotlin/ir/expressions/IrCall')}
  0x000001a364477f04: 0000 0048 | be30 00ab | 24a3 0100 | 008b becc | 0000 0083 | c702 89be | cc00 0000 | 81e7 fe07 
  0x000001a364477f24: 0000 85ff | 0f84 8604 

  0x000001a364477f2c: ;   {metadata(method data for {method} {0x000001a3244156a8} 'accept' '(Lorg/jetbrains/kotlin/ir/visitors/IrElementVisitor;Ljava/lang/Object;)Ljava/lang/Object;' in 'org/jetbrains/kotlin/ir/expressions/IrCall')}
  0x000001a364477f2c: 0000 48be | 3000 ab24 | a301 0000 | 4883 8610 | 0100 0001 

  0x000001a364477f40: ;   {metadata(method data for {method} {0x000001a3795c67b0} 'checkNotNullParameter' '(Ljava/lang/Object;Ljava/lang/String;)V' in 'kotlin/jvm/internal/Intrinsics')}
  0x000001a364477f40: 48be 48f1 | 2e7b a301 | 0000 8bbe | cc00 0000 | 83c7 0289 | becc 0000 | 0081 e7fe | ff1f 0085 
  0x000001a364477f60: ff0f 846e | 0400 004d 

  0x000001a364477f68: ;   {metadata(method data for {method} {0x000001a3795c67b0} 'checkNotNullParameter' '(Ljava/lang/Object;Ljava/lang/String;)V' in 'kotlin/jvm/internal/Intrinsics')}
  0x000001a364477f68: 85c0 48be | 48f1 2e7b | a301 0000 | 48c7 c710 | 0100 0075 | 0748 c7c7 | 2001 0000 | 488b 043e 
  0x000001a364477f88: 488d 4001 | 4889 043e | 4c89 8c24 | 9000 0000 | 4889 9424 | 8800 0000 | 0f85 fb01 

  0x000001a364477fa4: ;   {metadata(method data for {method} {0x000001a3795c67b0} 'checkNotNullParameter' '(Ljava/lang/Object;Ljava/lang/String;)V' in 'kotlin/jvm/internal/Intrinsics')}
  0x000001a364477fa4: 0000 48be | 48f1 2e7b | a301 0000 | 4883 8630 | 0100 0001 

  0x000001a364477fb8: ;   {metadata(method data for {method} {0x000001a3795c6930} 'throwParameterIsNullNPE' '(Ljava/lang/String;)V' in 'kotlin/jvm/internal/Intrinsics')}
  0x000001a364477fb8: 48be d0f2 | 2e7b a301 | 0000 8bbe | cc00 0000 | 83c7 0289 | becc 0000 | 0081 e7fe | ff1f 0085 
  0x000001a364477fd8: ff0f 8417 | 0400 0090 

  0x000001a364477fe0: ;   {no_reloc}
  0x000001a364477fe0: e941 0400 | 0000 0000 | 0000 498b | 87b8 0100 | 0048 8d78 | 3049 3bbf | c801 0000 | 0f87 2e04 
  0x000001a364478000: 0000 4989 | bfb8 0100 | 0048 c700 | 0100 0000 | 488b ca49 | ba00 0000 | 00a3 0100 | 0049 2bca 
  0x000001a364478020: 8948 0848 | 33c9 8948 | 0c48 33c9 | 4889 4810 | 4889 4818 | 4889 4820 | 4889 4828 

  0x000001a36447803c: ;   {metadata(method data for {method} {0x000001a3795c6930} 'throwParameterIsNullNPE' '(Ljava/lang/String;)V' in 'kotlin/jvm/internal/Intrinsics')}
  0x000001a36447803c: 48ba d0f2 | 2e7b a301 | 0000 4883 | 8210 0100 

  0x000001a36447804c: ;   {oop("visitor"{0x00000000820f8c90})}
  0x000001a36447804c: 0001 48ba | 908c 0f82 | 0000 0000 | 4889 4424 

  0x000001a36447805c: ;   {static_call}
  0x000001a36447805c: 7866 90e8 

  0x000001a364478060: ; ImmutableOopMap {[120]=Oop [128]=Oop [136]=Oop [144]=Oop }
                      ;*invokestatic createParameterIsNullExceptionMessage {reexecute=0 rethrow=0 return_oop=0}
                      ; - kotlin.jvm.internal.Intrinsics::throwParameterIsNullNPE@5 (line 140)
                      ; - kotlin.jvm.internal.Intrinsics::checkNotNullParameter@5 (line 131)
                      ; - org.jetbrains.kotlin.ir.expressions.IrCall::accept@3
  0x000001a364478060: 1c70 6f06 

  0x000001a364478064: ;   {other}
  0x000001a364478064: 0f1f 8400 | d403 0000 | 4c8b 4424 

  0x000001a364478070: ;   {metadata(method data for {method} {0x000001a3795c6930} 'throwParameterIsNullNPE' '(Ljava/lang/String;)V' in 'kotlin/jvm/internal/Intrinsics')}
  0x000001a364478070: 7848 bad0 | f22e 7ba3 | 0100 0048 | 8382 2001 | 0000 014c | 8bc0 488b | 5424 780f 

  0x000001a36447808c: ;   {optimized virtual_call}
  0x000001a36447808c: 1f40 00e8 

  0x000001a364478090: ; ImmutableOopMap {[120]=Oop [128]=Oop [136]=Oop [144]=Oop }
                      ;*invokespecial <init> {reexecute=0 rethrow=0 return_oop=0}
                      ; - kotlin.jvm.internal.Intrinsics::throwParameterIsNullNPE@8 (line 140)
                      ; - kotlin.jvm.internal.Intrinsics::checkNotNullParameter@5 (line 131)
                      ; - org.jetbrains.kotlin.ir.expressions.IrCall::accept@3
  0x000001a364478090: ec69 6f06 

  0x000001a364478094: ;   {other}
  0x000001a364478094: 0f1f 8400 | 0404 0001 

  0x000001a36447809c: ;   {metadata(method data for {method} {0x000001a3795c6930} 'throwParameterIsNullNPE' '(Ljava/lang/String;)V' in 'kotlin/jvm/internal/Intrinsics')}
  0x000001a36447809c: 48ba d0f2 | 2e7b a301 | 0000 4883 | 8230 0100 

  0x000001a3644780ac: ;   {metadata(method data for {method} {0x000001a3795c79a8} 'sanitizeStackTrace' '(Ljava/lang/Throwable;)Ljava/lang/Throwable;' in 'kotlin/jvm/internal/Intrinsics')}
  0x000001a3644780ac: 0001 48ba | b0f9 2e7b | a301 0000 | 8bb2 cc00 | 0000 83c6 | 0289 b2cc | 0000 0081 | e6fe ff1f 
  0x000001a3644780cc: 0085 f60f | 8468 0300 

  0x000001a3644780d4: ;   {oop(a 'java/lang/Class'{0x0000000080a9ebf0} = 'kotlin/jvm/internal/Intrinsics')}
  0x000001a3644780d4: 0048 baf0 | eba9 8000 | 0000 0048 

  0x000001a3644780e0: ;   {metadata(method data for {method} {0x000001a3795c79a8} 'sanitizeStackTrace' '(Ljava/lang/Throwable;)Ljava/lang/Throwable;' in 'kotlin/jvm/internal/Intrinsics')}
  0x000001a3644780e0: 8bf2 48bf | b0f9 2e7b | a301 0000 | 4883 8710 | 0100 0001 

  0x000001a3644780f4: ;   {metadata(method data for {method} {0x000001a3004695d0} 'getName' '()Ljava/lang/String;' in 'java/lang/Class')}
  0x000001a3644780f4: 48be 18a2 | 0679 a301 | 0000 8bbe | cc00 0000 | 83c7 0289 | becc 0000 | 0081 e7fe | ff1f 0085 
  0x000001a364478114: ff0f 8443 | 0300 008b | 522c 4885 

  0x000001a364478120: ;   {metadata(method data for {method} {0x000001a3004695d0} 'getName' '()Ljava/lang/String;' in 'java/lang/Class')}
  0x000001a364478120: d248 be18 | a206 79a3 | 0100 0048 | c7c7 1001 | 0000 7407 | 48c7 c720 | 0100 0048 | 8b1c 3e48 
  0x000001a364478140: 8d5b 0148 | 891c 3e0f | 8418 0000 

  0x000001a36447814c: ;   {metadata(method data for {method} {0x000001a3004695d0} 'getName' '()Ljava/lang/String;' in 'java/lang/Class')}
  0x000001a36447814c: 0048 be18 | a206 79a3 | 0100 00ff | 8630 0100 | 0048 8bf2 | e932 0000 

  0x000001a364478164: ;   {oop(a 'java/lang/Class'{0x0000000080a9ebf0} = 'kotlin/jvm/internal/Intrinsics')}
  0x000001a364478164: 0048 baf0 | eba9 8000 | 0000 0048 

  0x000001a364478170: ;   {metadata(method data for {method} {0x000001a3004695d0} 'getName' '()Ljava/lang/String;' in 'java/lang/Class')}
  0x000001a364478170: 8bf2 48bf | 18a2 0679 | a301 0000 | 4883 8748 | 0100 0001 

  0x000001a364478184: ;   {optimized virtual_call}
  0x000001a364478184: 6666 90e8 

  0x000001a364478188: ; ImmutableOopMap {[120]=Oop [128]=Oop [136]=Oop [144]=Oop }
                      ;*invokevirtual initClassName {reexecute=0 rethrow=0 return_oop=0}
                      ; - java.lang.Class::getName@14
                      ; - kotlin.jvm.internal.Intrinsics::sanitizeStackTrace@3 (line 253)
                      ; - kotlin.jvm.internal.Intrinsics::throwParameterIsNullNPE@11 (line 140)
                      ; - kotlin.jvm.internal.Intrinsics::checkNotNullParameter@5 (line 131)
                      ; - org.jetbrains.kotlin.ir.expressions.IrCall::accept@3
  0x000001a364478188: f468 6f06 

  0x000001a36447818c: ;   {other}
  0x000001a36447818c: 0f1f 8400 | fc04 0002 | 488b f048 | 8b44 2478 | e9e1 0000 | 0049 3b00 

  0x000001a3644781a4: ;   {metadata(method data for {method} {0x000001a3244156a8} 'accept' '(Lorg/jetbrains/kotlin/ir/visitors/IrElementVisitor;Ljava/lang/Object;)Ljava/lang/Object;' in 'org/jetbrains/kotlin/ir/expressions/IrCall')}
  0x000001a3644781a4: 4d8b c848 | ba30 00ab | 24a3 0100 | 0045 8b49 | 0849 ba00 | 0000 00a3 | 0100 004d | 03ca 4c3b 
  0x000001a3644781c4: 8a30 0100 | 0075 0d48 | 8382 3801 | 0000 01e9 | 6000 0000 | 4c3b 8a40 | 0100 0075 | 0d48 8382 
  0x000001a3644781e4: 4801 0000 | 01e9 4a00 | 0000 4883 | ba30 0100 | 0000 7517 | 4c89 8a30 | 0100 0048 | c782 3801 
  0x000001a364478204: 0000 0100 | 0000 e929 | 0000 0048 | 83ba 4001 | 0000 0075 | 174c 898a | 4001 0000 | 48c7 8248 
  0x000001a364478224: 0100 0001 | 0000 00e9 | 0800 0000 | 4883 8220 | 0100 0001 | 498b f84c | 8b84 2488 | 0000 004c 
  0x000001a364478244: 8b8c 2490 | 0000 0048 | 8bd7 0f1f | 8000 0000 | 0048 b890 | 41ad 1ea3 

  0x000001a36447825c: ;   {virtual_call}
  0x000001a36447825c: 0100 00e8 

  0x000001a364478260: ; ImmutableOopMap {}
                      ;*invokeinterface visitCall {reexecute=0 rethrow=0 return_oop=0}
                      ; - org.jetbrains.kotlin.ir.expressions.IrCall::accept@9 (line 24)
  0x000001a364478260: 3c35 6f06 

  0x000001a364478264: ;   {other}
  0x000001a364478264: 0f1f 8400 | d405 0003 | 4881 c4a0 | 0000 005d 

  0x000001a364478274: ;   {poll_return}
  0x000001a364478274: 493b a750 | 0400 000f | 8708 0200 

  0x000001a364478280: ;   {metadata(method data for {method} {0x000001a3795c79a8} 'sanitizeStackTrace' '(Ljava/lang/Throwable;)Ljava/lang/Throwable;' in 'kotlin/jvm/internal/Intrinsics')}
  0x000001a364478280: 00c3 48ba | b0f9 2e7b | a301 0000 | 4883 8248 | 0100 0001 | 488b d04c | 8bc6 0f1f 

  0x000001a36447829c: ;   {static_call}
  0x000001a36447829c: 4400 00e8 

  0x000001a3644782a0: ; ImmutableOopMap {[128]=Oop [136]=Oop [144]=Oop }
                      ;*invokestatic sanitizeStackTrace {reexecute=0 rethrow=0 return_oop=0}
                      ; - kotlin.jvm.internal.Intrinsics::sanitizeStackTrace@6 (line 253)
                      ; - kotlin.jvm.internal.Intrinsics::throwParameterIsNullNPE@11 (line 140)
                      ; - kotlin.jvm.internal.Intrinsics::checkNotNullParameter@5 (line 131)
                      ; - org.jetbrains.kotlin.ir.expressions.IrCall::accept@3
  0x000001a3644782a0: dc6d 6f06 

  0x000001a3644782a4: ;   {other}
  0x000001a3644782a4: 0f1f 8400 | 1406 0004 | 4c8b 8c24 | 9000 0000 | 4c8b 8424 | 8000 0000 | 488b 9424 | 8800 0000 
  0x000001a3644782c4: 4885 c075 

  0x000001a3644782c8: ;   {metadata(method data for {method} {0x000001a3795c6930} 'throwParameterIsNullNPE' '(Ljava/lang/String;)V' in 'kotlin/jvm/internal/Intrinsics')}
  0x000001a3644782c8: 1648 bfd0 | f22e 7ba3 | 0100 0080 | 8f39 0100 | 0001 e9cd 

  0x000001a3644782dc: ;   {metadata('java/lang/NullPointerException')}
  0x000001a3644782dc: 0000 0048 | bb70 b406 | 00a3 0100 | 008b 7808 | 49ba 0000 | 0000 a301 | 0000 4903 | fa48 3b5f 
  0x000001a3644782fc: 500f 858d 

  0x000001a364478300: ;   {metadata(method data for {method} {0x000001a3795c6930} 'throwParameterIsNullNPE' '(Ljava/lang/String;)V' in 'kotlin/jvm/internal/Intrinsics')}
  0x000001a364478300: 0000 0048 | bfd0 f22e | 7ba3 0100 | 008b 5808 | 49ba 0000 | 0000 a301 | 0000 4903 | da48 3b9f 
  0x000001a364478320: 5001 0000 | 750d 4883 | 8758 0100 | 0001 e979 | 0000 0048 | 3b9f 6001 | 0000 750d | 4883 8768 
  0x000001a364478340: 0100 0001 | e963 0000 | 0048 83bf | 5001 0000 | 0075 1748 | 899f 5001 | 0000 48c7 | 8758 0100 
  0x000001a364478360: 0001 0000 | 00e9 4200 | 0000 4883 | bf60 0100 | 0000 7517 | 4889 9f60 | 0100 0048 | c787 6801 
  0x000001a364478380: 0000 0100 | 0000 e921 | 0000 00e9 | 1c00 0000 

  0x000001a364478390: ;   {metadata(method data for {method} {0x000001a3795c6930} 'throwParameterIsNullNPE' '(Ljava/lang/String;)V' in 'kotlin/jvm/internal/Intrinsics')}
  0x000001a364478390: 48bf d0f2 | 2e7b a301 | 0000 4883 | af40 0100 | 0001 e9f8 | 0000 00e9 | 0000 0000 

  0x000001a3644783ac: ; implicit exception: dispatches to 0x000001a3644784a8
  0x000001a3644783ac: 483b 00e9 | 1601 0000 

  0x000001a3644783b4: ;   {metadata({method} {0x000001a3244156a8} 'accept' '(Lorg/jetbrains/kotlin/ir/visitors/IrElementVisitor;Ljava/lang/Object;)Ljava/lang/Object;' in 'org/jetbrains/kotlin/ir/expressions/IrCall')}
  0x000001a3644783b4: 49ba a056 | 4124 a301 | 0000 4c89 | 5424 0848 | c704 24ff 

  0x000001a3644783c8: ;   {runtime_call counter_overflow Runtime1 stub}
  0x000001a3644783c8: ffff ffe8 

  0x000001a3644783cc: ; ImmutableOopMap {rdx=Oop r8=Oop r9=Oop [128]=Oop }
                      ;*synchronization entry
                      ; - org.jetbrains.kotlin.ir.expressions.IrCall::accept@-1
  0x000001a3644783cc: 30ab 7b06 | e959 fbff 

  0x000001a3644783d4: ;   {metadata({method} {0x000001a3795c67b0} 'checkNotNullParameter' '(Ljava/lang/Object;Ljava/lang/String;)V' in 'kotlin/jvm/internal/Intrinsics')}
  0x000001a3644783d4: ff49 baa8 | 675c 79a3 | 0100 004c | 8954 2408 | 48c7 0424 | ffff ffff 

  0x000001a3644783ec: ;   {runtime_call counter_overflow Runtime1 stub}
  0x000001a3644783ec: e80f ab7b 

  0x000001a3644783f0: ; ImmutableOopMap {rdx=Oop r8=Oop r9=Oop [128]=Oop }
                      ;*synchronization entry
                      ; - kotlin.jvm.internal.Intrinsics::checkNotNullParameter@-1 (line 130)
                      ; - org.jetbrains.kotlin.ir.expressions.IrCall::accept@3
  0x000001a3644783f0: 06e9 71fb 

  0x000001a3644783f4: ;   {metadata({method} {0x000001a3795c6930} 'throwParameterIsNullNPE' '(Ljava/lang/String;)V' in 'kotlin/jvm/internal/Intrinsics')}
  0x000001a3644783f4: ffff 49ba | 2869 5c79 | a301 0000 | 4c89 5424 | 0848 c704 | 24ff ffff 

  0x000001a36447840c: ;   {runtime_call counter_overflow Runtime1 stub}
  0x000001a36447840c: ffe8 eeaa 

  0x000001a364478410: ; ImmutableOopMap {[128]=Oop [136]=Oop [144]=Oop }
                      ;*synchronization entry
                      ; - kotlin.jvm.internal.Intrinsics::throwParameterIsNullNPE@-1 (line 140)
                      ; - kotlin.jvm.internal.Intrinsics::checkNotNullParameter@5 (line 131)
                      ; - org.jetbrains.kotlin.ir.expressions.IrCall::accept@3
  0x000001a364478410: 7b06 e9c8 

  0x000001a364478414: ;   {metadata(nullptr)}
  0x000001a364478414: fbff ff48 | ba00 0000 | 0000 0000 | 00b8 000f 

  0x000001a364478424: ;   {runtime_call load_klass_patching Runtime1 stub}
  0x000001a364478424: 050a e855 

  0x000001a364478428: ; ImmutableOopMap {[128]=Oop [136]=Oop [144]=Oop }
                      ;*new {reexecute=1 rethrow=0 return_oop=0}
                      ; - (reexecute) kotlin.jvm.internal.Intrinsics::throwParameterIsNullNPE@0 (line 140)
                      ; - kotlin.jvm.internal.Intrinsics::checkNotNullParameter@5 (line 131)
                      ; - org.jetbrains.kotlin.ir.expressions.IrCall::accept@3
  0x000001a364478428: 9a7b 06e9 | b0fb ffff 

  0x000001a364478430: ;   {runtime_call fast_new_instance Runtime1 stub}
  0x000001a364478430: 488b d2e8 

  0x000001a364478434: ; ImmutableOopMap {[128]=Oop [136]=Oop [144]=Oop }
                      ;*new {reexecute=0 rethrow=0 return_oop=0}
                      ; - kotlin.jvm.internal.Intrinsics::throwParameterIsNullNPE@0 (line 140)
                      ; - kotlin.jvm.internal.Intrinsics::checkNotNullParameter@5 (line 131)
                      ; - org.jetbrains.kotlin.ir.expressions.IrCall::accept@3
  0x000001a364478434: c862 7b06 | e9ff fbff 

  0x000001a36447843c: ;   {metadata({method} {0x000001a3795c79a8} 'sanitizeStackTrace' '(Ljava/lang/Throwable;)Ljava/lang/Throwable;' in 'kotlin/jvm/internal/Intrinsics')}
  0x000001a36447843c: ff49 baa0 | 795c 79a3 | 0100 004c | 8954 2408 | 48c7 0424 | ffff ffff 

  0x000001a364478454: ;   {runtime_call counter_overflow Runtime1 stub}
  0x000001a364478454: e8a7 aa7b 

  0x000001a364478458: ; ImmutableOopMap {[120]=Oop [128]=Oop [136]=Oop [144]=Oop }
                      ;*synchronization entry
                      ; - kotlin.jvm.internal.Intrinsics::sanitizeStackTrace@-1 (line 253)
                      ; - kotlin.jvm.internal.Intrinsics::throwParameterIsNullNPE@11 (line 140)
                      ; - kotlin.jvm.internal.Intrinsics::checkNotNullParameter@5 (line 131)
                      ; - org.jetbrains.kotlin.ir.expressions.IrCall::accept@3
  0x000001a364478458: 06e9 77fc 

  0x000001a36447845c: ;   {metadata({method} {0x000001a3004695d0} 'getName' '()Ljava/lang/String;' in 'java/lang/Class')}
  0x000001a36447845c: ffff 49ba | c895 4600 | a301 0000 | 4c89 5424 | 0848 c704 | 24ff ffff 

  0x000001a364478474: ;   {runtime_call counter_overflow Runtime1 stub}
  0x000001a364478474: ffe8 86aa 

  0x000001a364478478: ; ImmutableOopMap {rdx=Oop [120]=Oop [128]=Oop [136]=Oop [144]=Oop }
                      ;*synchronization entry
                      ; - java.lang.Class::getName@-1
                      ; - kotlin.jvm.internal.Intrinsics::sanitizeStackTrace@3 (line 253)
                      ; - kotlin.jvm.internal.Intrinsics::throwParameterIsNullNPE@11 (line 140)
                      ; - kotlin.jvm.internal.Intrinsics::checkNotNullParameter@5 (line 131)
                      ; - org.jetbrains.kotlin.ir.expressions.IrCall::accept@3
  0x000001a364478478: 7b06 e99c 

  0x000001a36447847c: ;   {runtime_call throw_null_pointer_exception Runtime1 stub}
  0x000001a36447847c: fcff ffe8 

  0x000001a364478480: ; ImmutableOopMap {[120]=Oop [128]=Oop [136]=Oop [144]=Oop }
                      ;*getfield name {reexecute=1 rethrow=0 return_oop=0}
                      ; - (reexecute) java.lang.Class::getName@1
                      ; - kotlin.jvm.internal.Intrinsics::sanitizeStackTrace@3 (line 253)
                      ; - kotlin.jvm.internal.Intrinsics::throwParameterIsNullNPE@11 (line 140)
                      ; - kotlin.jvm.internal.Intrinsics::checkNotNullParameter@5 (line 131)
                      ; - org.jetbrains.kotlin.ir.expressions.IrCall::accept@3
  0x000001a364478480: 7c51 7b06 

  0x000001a364478484: ;   {runtime_call throw_null_pointer_exception Runtime1 stub}
  0x000001a364478484: e877 517b 

  0x000001a364478488: ; ImmutableOopMap {r8=Oop [128]=Oop [136]=Oop [144]=Oop }
                      ;*invokeinterface visitCall {reexecute=0 rethrow=0 return_oop=0}
                      ; - org.jetbrains.kotlin.ir.expressions.IrCall::accept@9 (line 24)
                      ;   {internal_word}
  0x000001a364478488: 0649 ba74 | 8247 64a3 | 0100 004d | 8997 6804 

  0x000001a364478498: ;   {runtime_call SafepointBlob}
  0x000001a364478498: 0000 e9e1 | cf6f 0648 

  0x000001a3644784a0: ;   {runtime_call throw_class_cast_exception Runtime1 stub}
  0x000001a3644784a0: 8904 24e8 

  0x000001a3644784a4: ; ImmutableOopMap {r9=Oop r8=Oop rdx=Oop [128]=Oop }
                      ;*checkcast {reexecute=0 rethrow=0 return_oop=0}
                      ; - kotlin.jvm.internal.Intrinsics::throwParameterIsNullNPE@14 (line 140)
                      ; - kotlin.jvm.internal.Intrinsics::checkNotNullParameter@5 (line 131)
                      ; - org.jetbrains.kotlin.ir.expressions.IrCall::accept@3
  0x000001a3644784a4: 587d 7b06 

  0x000001a3644784a8: ;   {runtime_call throw_null_pointer_exception Runtime1 stub}
  0x000001a3644784a8: e853 517b 

  0x000001a3644784ac: ; ImmutableOopMap {r9=Oop r8=Oop rdx=Oop rax=Oop [128]=Oop }
                      ;*athrow {reexecute=1 rethrow=0 return_oop=0}
                      ; - (reexecute) kotlin.jvm.internal.Intrinsics::throwParameterIsNullNPE@17 (line 140)
                      ; - kotlin.jvm.internal.Intrinsics::checkNotNullParameter@5 (line 131)
                      ; - org.jetbrains.kotlin.ir.expressions.IrCall::accept@3
  0x000001a3644784ac: 0649 8b87 | 0005 0000 | 49c7 8700 | 0500 0000 | 0000 0049 | c787 0805 | 0000 0000 | 0000 4881 
  0x000001a3644784cc: c4a0 0000 

  0x000001a3644784d0: ;   {runtime_call unwind_exception Runtime1 stub}
  0x000001a3644784d0: 005d e929 | 3a7b 06f4 
[Stub Code]
  0x000001a3644784d8: ;   {no_reloc}
  0x000001a3644784d8: 0f1f 4400 

  0x000001a3644784dc: ;   {static_stub}
  0x000001a3644784dc: 0048 bb00 | 0000 0000 

  0x000001a3644784e4: ;   {runtime_call nmethod}
  0x000001a3644784e4: 0000 00e9 | fbff ffff 

  0x000001a3644784ec: ;   {static_stub}
  0x000001a3644784ec: 48bb 0000 | 0000 0000 

  0x000001a3644784f4: ;   {runtime_call nmethod}
  0x000001a3644784f4: 0000 e9fb 

  0x000001a3644784f8: ;   {static_stub}
  0x000001a3644784f8: ffff ff48 | bb00 0000 | 0000 0000 

  0x000001a364478504: ;   {runtime_call nmethod}
  0x000001a364478504: 00e9 fbff 

  0x000001a364478508: ;   {static_stub}
  0x000001a364478508: ffff 48bb | 0000 0000 | 0000 0000 

  0x000001a364478514: ;   {runtime_call nmethod}
  0x000001a364478514: e9fb ffff 

  0x000001a364478518: ;   {static_stub}
  0x000001a364478518: ff48 bb00 | 0000 0000 

  0x000001a364478520: ;   {runtime_call nmethod}
  0x000001a364478520: 0000 00e9 | fbff ffff 
[Exception Handler]
  0x000001a364478528: ;   {runtime_call handle_exception_from_callee Runtime1 stub}
  0x000001a364478528: e8d3 767b 

  0x000001a36447852c: ;   {external_word}
  0x000001a36447852c: 0648 b940 | 63aa cdfa | 7f00 0048 

  0x000001a364478538: ;   {runtime_call}
  0x000001a364478538: 83e4 f048 | b8d0 c46c | cdfa 7f00 | 00ff d0f4 
[Deopt Handler Code]
  0x000001a364478548: ;   {section_word}
  0x000001a364478548: 49ba 4885 | 4764 a301 | 0000 4152 

  0x000001a364478554: ;   {runtime_call DeoptimizationBlob}
  0x000001a364478554: e9c7 c16f | 06f4 f4f4 | f4f4 f4f4 
[/MachCode]


Compiled method (c1) 60179 5025       3       java.util.Optional::orElseGet (21 bytes)
 total in heap  [0x000001a363650190,0x000001a3636505e8] = 1112
 relocation     [0x000001a3636502f0,0x000001a363650338] = 72
 main code      [0x000001a363650340,0x000001a363650518] = 472
 stub code      [0x000001a363650518,0x000001a363650560] = 72
 metadata       [0x000001a363650560,0x000001a363650568] = 8
 scopes data    [0x000001a363650568,0x000001a363650580] = 24
 scopes pcs     [0x000001a363650580,0x000001a3636505d0] = 80
 dependencies   [0x000001a3636505d0,0x000001a3636505d8] = 8
 nul chk table  [0x000001a3636505d8,0x000001a3636505e8] = 16

[Constant Pool (empty)]

[MachCode]
[Entry Point]
  # {method} {0x000001a3000e6858} 'orElseGet' '(Ljava/util/function/Supplier;)Ljava/lang/Object;' in 'java/util/Optional'
  # this:     rdx:rdx   = 'java/util/Optional'
  # parm0:    r8:r8     = 'java/util/function/Supplier'
  #           [sp+0x30]  (sp of caller)
  0x000001a363650340: 448b 5208 | 49bb 0000 | 0000 a301 | 0000 4d03 | d34c 3bd0 

  0x000001a363650354: ;   {runtime_call ic_miss_stub}
  0x000001a363650354: 0f85 26e4 | 5107 660f | 1f44 0000 
[Verified Entry Point]
  0x000001a363650360: 8984 2400 | 80ff ff55 | 4883 ec20 | 4181 7f20 | 0e00 0000 

  0x000001a363650374: ;   {runtime_call StubRoutines (final stubs)}
  0x000001a363650374: 7405 e825 

  0x000001a363650378: ;   {metadata(method data for {method} {0x000001a3000e6858} 'orElseGet' '(Ljava/util/function/Supplier;)Ljava/lang/Object;' in 'java/util/Optional')}
  0x000001a363650378: 6150 0748 | be28 cef4 | 79a3 0100 | 008b becc | 0000 0083 | c702 89be | cc00 0000 | 81e7 fe07 
  0x000001a363650398: 0000 85ff | 0f84 1301 | 0000 8b52 | 0c48 85d2 

  0x000001a3636503a8: ;   {metadata(method data for {method} {0x000001a3000e6858} 'orElseGet' '(Ljava/util/function/Supplier;)Ljava/lang/Object;' in 'java/util/Optional')}
  0x000001a3636503a8: 48be 28ce | f479 a301 | 0000 48c7 | c710 0100 | 0074 0748 | c7c7 2001 | 0000 488b | 1c3e 488d 
  0x000001a3636503c8: 5b01 4889 | 1c3e 0f84 | 1500 0000 

  0x000001a3636503d4: ;   {metadata(method data for {method} {0x000001a3000e6858} 'orElseGet' '(Ljava/util/function/Supplier;)Ljava/lang/Object;' in 'java/util/Optional')}
  0x000001a3636503d4: 48be 28ce | f479 a301 | 0000 ff86 | 3001 0000 | e9b6 0000 | 0049 3b00 

  0x000001a3636503ec: ;   {metadata(method data for {method} {0x000001a3000e6858} 'orElseGet' '(Ljava/util/function/Supplier;)Ljava/lang/Object;' in 'java/util/Optional')}
  0x000001a3636503ec: 498b d048 | be28 cef4 | 79a3 0100 | 008b 5208 | 49ba 0000 | 0000 a301 | 0000 4903 | d248 3b96 
  0x000001a36365040c: 5801 0000 | 750d 4883 | 8660 0100 | 0001 e960 | 0000 0048 | 3b96 6801 | 0000 750d | 4883 8670 
  0x000001a36365042c: 0100 0001 | e94a 0000 | 0048 83be | 5801 0000 | 0075 1748 | 8996 5801 | 0000 48c7 | 8660 0100 
  0x000001a36365044c: 0001 0000 | 00e9 2900 | 0000 4883 | be68 0100 | 0000 7517 | 4889 9668 | 0100 0048 | c786 7001 
  0x000001a36365046c: 0000 0100 | 0000 e908 | 0000 0048 | 8386 4801 | 0000 0149 | 8bd0 6666 | 9048 b880 | f890 7ea3 
  0x000001a36365048c: ;   {virtual_call}
  0x000001a36365048c: 0100 00e8 

  0x000001a363650490: ; ImmutableOopMap {}
                      ;*invokeinterface get {reexecute=0 rethrow=0 return_oop=0}
                      ; - java.util.Optional::orElseGet@15
  0x000001a363650490: 7c6e 5e07 

  0x000001a363650494: ;   {other}
  0x000001a363650494: 0f1f 8400 | 0403 0000 | 488b d048 | 8bc2 4883 

  0x000001a3636504a4: ;   {poll_return}
  0x000001a3636504a4: c420 5d49 | 3ba7 5004 | 0000 0f87 | 2700 0000 

  0x000001a3636504b4: ;   {metadata({method} {0x000001a3000e6858} 'orElseGet' '(Ljava/util/function/Supplier;)Ljava/lang/Object;' in 'java/util/Optional')}
  0x000001a3636504b4: c349 ba50 | 680e 00a3 | 0100 004c | 8954 2408 | 48c7 0424 | ffff ffff 

  0x000001a3636504cc: ;   {runtime_call counter_overflow Runtime1 stub}
  0x000001a3636504cc: e82f 2a5e 

  0x000001a3636504d0: ; ImmutableOopMap {rdx=Oop r8=Oop }
                      ;*synchronization entry
                      ; - java.util.Optional::orElseGet@-1
  0x000001a3636504d0: 07e9 ccfe 

  0x000001a3636504d4: ;   {runtime_call throw_null_pointer_exception Runtime1 stub}
  0x000001a3636504d4: ffff e825 

  0x000001a3636504d8: ; ImmutableOopMap {r8=Oop }
                      ;*invokeinterface get {reexecute=0 rethrow=0 return_oop=0}
                      ; - java.util.Optional::orElseGet@15
                      ;   {internal_word}
  0x000001a3636504d8: d15d 0749 | baa7 0465 | 63a3 0100 | 004d 8997 | 6804 0000 

  0x000001a3636504ec: ;   {runtime_call SafepointBlob}
  0x000001a3636504ec: e98f 4f52 | 0749 8b87 | 0005 0000 | 49c7 8700 | 0500 0000 | 0000 0049 | c787 0805 | 0000 0000 
  0x000001a36365050c: 0000 4883 

  0x000001a363650510: ;   {runtime_call unwind_exception Runtime1 stub}
  0x000001a363650510: c420 5de9 | e8b9 5d07 
[Stub Code]
  0x000001a363650518: ;   {no_reloc}
  0x000001a363650518: 0f1f 4400 

  0x000001a36365051c: ;   {static_stub}
  0x000001a36365051c: 0048 bb00 | 0000 0000 

  0x000001a363650524: ;   {runtime_call nmethod}
  0x000001a363650524: 0000 00e9 | fbff ffff 
[Exception Handler]
  0x000001a36365052c: ;   {runtime_call handle_exception_from_callee Runtime1 stub}
  0x000001a36365052c: e8cf f65d 

  0x000001a363650530: ;   {external_word}
  0x000001a363650530: 0748 b940 | 63aa cdfa | 7f00 0048 

  0x000001a36365053c: ;   {runtime_call}
  0x000001a36365053c: 83e4 f048 | b8d0 c46c | cdfa 7f00 | 00ff d0f4 
[Deopt Handler Code]
  0x000001a36365054c: ;   {section_word}
  0x000001a36365054c: 49ba 4c05 | 6563 a301 | 0000 4152 

  0x000001a363650558: ;   {runtime_call DeoptimizationBlob}
  0x000001a363650558: e9c3 4152 | 07f4 f4f4 
[/MachCode]


---------------  P R O C E S S  ---------------

Threads class SMR info:
_java_thread_list=0x000001a31ca8fae0, length=45, elements={
0x000001a35df58340, 0x000001a377f94370, 0x000001a377f95af0, 0x000001a377f99280,
0x000001a377f99ce0, 0x000001a377f9a740, 0x000001a377f9b1a0, 0x000001a377f9c6d0,
0x000001a377fa3b40, 0x000001a3781fdac0, 0x000001a3782cc440, 0x000001a37de57e20,
0x000001a37854db80, 0x000001a37df055a0, 0x000001a37842ae80, 0x000001a3780c16a0,
0x000001a3783c3140, 0x000001a3783c37d0, 0x000001a3783c3e60, 0x000001a3783c44f0,
0x000001a3783c4b80, 0x000001a3783c2ab0, 0x000001a3783c5f30, 0x000001a3783c58a0,
0x000001a3783c5210, 0x000001a31c759920, 0x000001a31c757ee0, 0x000001a31c758570,
0x000001a31c759fb0, 0x000001a31c75a640, 0x000001a31c7571c0, 0x000001a31c75acd0,
0x000001a31c757850, 0x000001a31c758c00, 0x000001a31c75b360, 0x000001a31c75b9f0,
0x000001a31c75dac0, 0x000001a31c75c080, 0x000001a31ca2d3c0, 0x000001a31ca2cd30,
0x000001a31ca2da50, 0x000001a31ca2e0e0, 0x000001a31ca2e770, 0x000001a31ca2c6a0,
0x000001a31ca2ee00
}

Java Threads: ( => current thread )
  0x000001a35df58340 JavaThread "main"                              [_thread_blocked, id=30716, stack(0x0000007327000000,0x0000007327100000) (1024K)]
  0x000001a377f94370 JavaThread "Reference Handler"          daemon [_thread_blocked, id=32496, stack(0x0000007327800000,0x0000007327900000) (1024K)]
  0x000001a377f95af0 JavaThread "Finalizer"                  daemon [_thread_blocked, id=26400, stack(0x0000007327900000,0x0000007327a00000) (1024K)]
  0x000001a377f99280 JavaThread "Signal Dispatcher"          daemon [_thread_blocked, id=3124, stack(0x0000007327a00000,0x0000007327b00000) (1024K)]
  0x000001a377f99ce0 JavaThread "Attach Listener"            daemon [_thread_blocked, id=14800, stack(0x0000007327b00000,0x0000007327c00000) (1024K)]
  0x000001a377f9a740 JavaThread "Service Thread"             daemon [_thread_blocked, id=29432, stack(0x0000007327c00000,0x0000007327d00000) (1024K)]
  0x000001a377f9b1a0 JavaThread "Monitor Deflation Thread"   daemon [_thread_blocked, id=31620, stack(0x0000007327d00000,0x0000007327e00000) (1024K)]
  0x000001a377f9c6d0 JavaThread "C2 CompilerThread0"         daemon [_thread_blocked, id=25436, stack(0x0000007327e00000,0x0000007327f00000) (1024K)]
  0x000001a377fa3b40 JavaThread "C1 CompilerThread0"         daemon [_thread_blocked, id=32708, stack(0x0000007327f00000,0x0000007328000000) (1024K)]
  0x000001a3781fdac0 JavaThread "Common-Cleaner"             daemon [_thread_blocked, id=26072, stack(0x0000007328000000,0x0000007328100000) (1024K)]
  0x000001a3782cc440 JavaThread "Notification Thread"        daemon [_thread_blocked, id=3088, stack(0x0000007328100000,0x0000007328200000) (1024K)]
  0x000001a37de57e20 JavaThread "Daemon health stats"               [_thread_blocked, id=30756, stack(0x0000007328800000,0x0000007328900000) (1024K)]
  0x000001a37854db80 JavaThread "Incoming local TCP Connector on port 60889"        [_thread_in_native, id=25060, stack(0x0000007328300000,0x0000007328400000) (1024K)]
  0x000001a37df055a0 JavaThread "Daemon periodic checks"            [_thread_blocked, id=27128, stack(0x0000007328900000,0x0000007328a00000) (1024K)]
  0x000001a37842ae80 JavaThread "Daemon"                            [_thread_blocked, id=10200, stack(0x0000007328a00000,0x0000007328b00000) (1024K)]
  0x000001a3780c16a0 JavaThread "Handler for socket connection from /127.0.0.1:60889 to /127.0.0.1:60890"        [_thread_in_native, id=26544, stack(0x0000007328b00000,0x0000007328c00000) (1024K)]
  0x000001a3783c3140 JavaThread "Cancel handler"                    [_thread_blocked, id=24080, stack(0x0000007328c00000,0x0000007328d00000) (1024K)]
=>0x000001a3783c37d0 JavaThread "Daemon worker"                     [_thread_in_vm, id=16684, stack(0x0000007328d00000,0x0000007328e00000) (1024K)]
  0x000001a3783c3e60 JavaThread "Asynchronous log dispatcher for DefaultDaemonConnection: socket connection from /127.0.0.1:60889 to /127.0.0.1:60890"        [_thread_blocked, id=23512, stack(0x0000007328e00000,0x0000007328f00000) (1024K)]
  0x000001a3783c44f0 JavaThread "Stdin handler"                     [_thread_blocked, id=23664, stack(0x0000007328f00000,0x0000007329000000) (1024K)]
  0x000001a3783c4b80 JavaThread "Daemon client event forwarder"        [_thread_blocked, id=25904, stack(0x0000007329000000,0x0000007329100000) (1024K)]
  0x000001a3783c2ab0 JavaThread "Cache worker for journal cache (C:\Users\sk\.gradle\caches\journal-1)"        [_thread_blocked, id=27624, stack(0x0000007329100000,0x0000007329200000) (1024K)]
  0x000001a3783c5f30 JavaThread "File lock request listener"        [_thread_in_native, id=29876, stack(0x0000007329200000,0x0000007329300000) (1024K)]
  0x000001a3783c58a0 JavaThread "Cache worker for file hash cache (C:\Users\sk\.gradle\caches\8.14.3\fileHashes)"        [_thread_blocked, id=32332, stack(0x0000007329300000,0x0000007329400000) (1024K)]
  0x000001a3783c5210 JavaThread "File lock release action executor"        [_thread_blocked, id=7724, stack(0x0000007329500000,0x0000007329600000) (1024K)]
  0x000001a31c759920 JavaThread "Cache worker for file hash cache (D:\Projects\CAmpDeliver\apps\expo\android\.gradle\8.14.3\fileHashes)"        [_thread_blocked, id=17104, stack(0x0000007329c00000,0x0000007329d00000) (1024K)]
  0x000001a31c757ee0 JavaThread "Cache worker for Build Output Cleanup Cache (D:\Projects\CAmpDeliver\apps\expo\android\.gradle\buildOutputCleanup)"        [_thread_blocked, id=29620, stack(0x0000007329d00000,0x0000007329e00000) (1024K)]
  0x000001a31c758570 JavaThread "File watcher server"        daemon [_thread_in_native, id=30548, stack(0x0000007329b00000,0x0000007329c00000) (1024K)]
  0x000001a31c759fb0 JavaThread "File watcher consumer"      daemon [_thread_blocked, id=31440, stack(0x0000007329e00000,0x0000007329f00000) (1024K)]
  0x000001a31c75a640 JavaThread "jar transforms"                    [_thread_blocked, id=29404, stack(0x0000007329f00000,0x000000732a000000) (1024K)]
  0x000001a31c7571c0 JavaThread "Cache worker for checksums cache (D:\Projects\CAmpDeliver\apps\expo\android\.gradle\8.14.3\checksums)"        [_thread_blocked, id=23940, stack(0x000000732a000000,0x000000732a100000) (1024K)]
  0x000001a31c75acd0 JavaThread "Cache worker for file content cache (C:\Users\sk\.gradle\caches\8.14.3\fileContent)"        [_thread_blocked, id=25120, stack(0x000000732a100000,0x000000732a200000) (1024K)]
  0x000001a31c757850 JavaThread "Exec process"                      [_thread_blocked, id=22852, stack(0x000000732a200000,0x000000732a300000) (1024K)]
  0x000001a31c758c00 JavaThread "Exec process Thread 2"             [_thread_blocked, id=20068, stack(0x000000732a300000,0x000000732a400000) (1024K)]
  0x000001a31c75b360 JavaThread "Exec process Thread 3"             [_thread_blocked, id=32720, stack(0x000000732a400000,0x000000732a500000) (1024K)]
  0x000001a31c75b9f0 JavaThread "Cache worker for cache directory md-supplier (C:\Users\sk\.gradle\caches\8.14.3\md-supplier)"        [_thread_blocked, id=1492, stack(0x000000732a500000,0x000000732a600000) (1024K)]
  0x000001a31c75dac0 JavaThread "Cache worker for cache directory md-rule (C:\Users\sk\.gradle\caches\8.14.3\md-rule)"        [_thread_blocked, id=32024, stack(0x000000732a600000,0x000000732a700000) (1024K)]
  0x000001a31c75c080 JavaThread "Cache worker for Build Output Cleanup Cache (D:\Projects\CAmpDeliver\node_modules\.pnpm\@react-native+gradle-plugin@0.81.5\node_modules\@react-native\gradle-plugin\.gradle\buildOutputCleanup)"        [_thread_blocked, id=28952, stack(0x000000732a700000,0x000000732a800000) (1024K)]
  0x000001a31ca2d3c0 JavaThread "Unconstrained build operations"        [_thread_blocked, id=32188, stack(0x000000732a900000,0x000000732aa00000) (1024K)]
  0x000001a31ca2cd30 JavaThread "Unconstrained build operations Thread 2"        [_thread_blocked, id=6916, stack(0x000000732aa00000,0x000000732ab00000) (1024K)]
  0x000001a31ca2da50 JavaThread "Unconstrained build operations Thread 3"        [_thread_blocked, id=12776, stack(0x000000732a800000,0x000000732a900000) (1024K)]
  0x000001a31ca2e0e0 JavaThread "Unconstrained build operations Thread 4"        [_thread_blocked, id=25272, stack(0x000000732ab00000,0x000000732ac00000) (1024K)]
  0x000001a31ca2e770 JavaThread "Unconstrained build operations Thread 5"        [_thread_blocked, id=12840, stack(0x000000732ac00000,0x000000732ad00000) (1024K)]
  0x000001a31ca2c6a0 JavaThread "Unconstrained build operations Thread 6"        [_thread_blocked, id=7648, stack(0x000000732ad00000,0x000000732ae00000) (1024K)]
  0x000001a31ca2ee00 JavaThread "Cache worker for Build Output Cleanup Cache (D:\Projects\CAmpDeliver\node_modules\.pnpm\expo-modules-autolinking@3.0.26\node_modules\expo-modules-autolinking\android\expo-gradle-plugin\.gradle\buildOutputCleanup)"        [_thread_blocked, id=32696, stack(0x000000732ae00000,0x000000732af00000) (1024K)]
Total: 45

Other Threads:
  0x000001a377f75980 VMThread "VM Thread"                           [id=8432, stack(0x0000007327700000,0x0000007327800000) (1024K)] _threads_hazard_ptr=0x000001a31ca8fae0
  0x000001a3780610a0 WatcherThread "VM Periodic Task Thread"        [id=20932, stack(0x0000007327600000,0x0000007327700000) (1024K)]
  0x000001a3604485f0 WorkerThread "GC Thread#0"                     [id=32380, stack(0x0000007327100000,0x0000007327200000) (1024K)]
  0x000001a378413bb0 WorkerThread "GC Thread#1"                     [id=26132, stack(0x0000007328400000,0x0000007328500000) (1024K)]
  0x000001a37851e550 WorkerThread "GC Thread#2"                     [id=6200, stack(0x0000007328500000,0x0000007328600000) (1024K)]
  0x000001a37851e900 WorkerThread "GC Thread#3"                     [id=28836, stack(0x0000007328600000,0x0000007328700000) (1024K)]
  0x000001a378461010 WorkerThread "GC Thread#4"                     [id=27900, stack(0x0000007328700000,0x0000007328800000) (1024K)]
  0x000001a37de38400 WorkerThread "GC Thread#5"                     [id=25588, stack(0x0000007328200000,0x0000007328300000) (1024K)]
  0x000001a31b3b9ac0 WorkerThread "GC Thread#6"                     [id=24636, stack(0x0000007329400000,0x0000007329500000) (1024K)]
  0x000001a31b3bc700 WorkerThread "GC Thread#7"                     [id=15908, stack(0x0000007329600000,0x0000007329700000) (1024K)]
  0x000001a31b3bb490 WorkerThread "GC Thread#8"                     [id=20624, stack(0x0000007329700000,0x0000007329800000) (1024K)]
  0x000001a31b3bc350 WorkerThread "GC Thread#9"                     [id=28960, stack(0x0000007329800000,0x0000007329900000) (1024K)]
  0x000001a36045b380 ConcurrentGCThread "G1 Main Marker"            [id=18120, stack(0x0000007327200000,0x0000007327300000) (1024K)]
  0x000001a36045bda0 WorkerThread "G1 Conc#0"                       [id=19992, stack(0x0000007327300000,0x0000007327400000) (1024K)]
  0x000001a31b3bb840 WorkerThread "G1 Conc#1"                       [id=15104, stack(0x0000007329900000,0x0000007329a00000) (1024K)]
  0x000001a31b3bcab0 WorkerThread "G1 Conc#2"                       [id=9168, stack(0x0000007329a00000,0x0000007329b00000) (1024K)]
  0x000001a377eb6590 ConcurrentGCThread "G1 Refine#0"               [id=23228, stack(0x0000007327400000,0x0000007327500000) (1024K)]
  0x000001a377eb6f20 ConcurrentGCThread "G1 Service"                [id=21544, stack(0x0000007327500000,0x0000007327600000) (1024K)]
Total: 18

Threads with active compile tasks:
Total: 0

VM state: synchronizing (normal execution)

VM Mutex/Monitor currently owned by a thread:  ([mutex/lock_event])
[0x00007ffacdd5d4f0] Metaspace_lock - owner thread: 0x000001a3783c37d0
[0x00007ffacdd5f570] Threads_lock - owner thread: 0x000001a377f75980

Heap address: 0x0000000080000000, size: 2048 MB, Compressed Oops mode: 32-bit

CDS archive(s) mapped at: [0x000001a300000000-0x000001a300ba0000-0x000001a300ba0000), size 12189696, SharedBaseAddress: 0x000001a300000000, ArchiveRelocationMode: 1.
Compressed class space mapped at: 0x000001a301000000-0x000001a31b000000, reserved size: 436207616
Narrow klass base: 0x000001a300000000, Narrow klass shift: 0, Narrow klass range: 0x100000000

GC Precious Log:
 CardTable entry size: 512
 Card Set container configuration: InlinePtr #cards 5 size 8 Array Of Cards #cards 12 size 40 Howl #buckets 4 coarsen threshold 1843 Howl Bitmap #cards 512 size 80 coarsen threshold 460 Card regions per heap region 1 cards per card region 2048
 CPUs: 12 total, 12 available
 Memory: 15710M
 Large Page Support: Disabled
 NUMA Support: Disabled
 Compressed Oops: Enabled (32-bit)
 Heap Region Size: 1M
 Heap Min Capacity: 8M
 Heap Initial Capacity: 246M
 Heap Max Capacity: 2G
 Pre-touch: Disabled
 Parallel Workers: 10
 Concurrent Workers: 3
 Concurrent Refinement Workers: 10
 Periodic GC: Disabled

Heap:
 garbage-first heap   total 135168K, used 111894K [0x0000000080000000, 0x0000000100000000)
  region size 1024K, 34 young (34816K), 5 survivors (5120K)
 Metaspace       used 109441K, committed 111680K, reserved 557056K
  class space    used 14569K, committed 15680K, reserved 425984K

Heap Regions: E=young(eden), S=young(survivor), O=old, HS=humongous(starts), HC=humongous(continues), CS=collection set, F=free, TAMS=top-at-mark-start, PB=parsable bottom
|   0|0x0000000080000000, 0x0000000080100000, 0x0000000080100000|100%|HS|  |TAMS 0x0000000080000000| PB 0x0000000080000000| Complete 
|   1|0x0000000080100000, 0x0000000080200000, 0x0000000080200000|100%|HC|  |TAMS 0x0000000080100000| PB 0x0000000080100000| Complete 
|   2|0x0000000080200000, 0x0000000080300000, 0x0000000080300000|100%|HC|  |TAMS 0x0000000080200000| PB 0x0000000080200000| Complete 
|   3|0x0000000080300000, 0x0000000080400000, 0x0000000080400000|100%| O|  |TAMS 0x0000000080300000| PB 0x0000000080300000| Untracked 
|   4|0x0000000080400000, 0x0000000080500000, 0x0000000080500000|100%| O|  |TAMS 0x0000000080400000| PB 0x0000000080400000| Untracked 
|   5|0x0000000080500000, 0x0000000080600000, 0x0000000080600000|100%| O|  |TAMS 0x0000000080500000| PB 0x0000000080500000| Untracked 
|   6|0x0000000080600000, 0x0000000080700000, 0x0000000080700000|100%|HS|  |TAMS 0x0000000080600000| PB 0x0000000080600000| Complete 
|   7|0x0000000080700000, 0x0000000080800000, 0x0000000080800000|100%| O|  |TAMS 0x0000000080700000| PB 0x0000000080700000| Untracked 
|   8|0x0000000080800000, 0x0000000080900000, 0x0000000080900000|100%| O|  |TAMS 0x0000000080800000| PB 0x0000000080800000| Untracked 
|   9|0x0000000080900000, 0x0000000080a00000, 0x0000000080a00000|100%| O|  |TAMS 0x0000000080900000| PB 0x0000000080900000| Untracked 
|  10|0x0000000080a00000, 0x0000000080b00000, 0x0000000080b00000|100%| O|  |TAMS 0x0000000080a00000| PB 0x0000000080a00000| Untracked 
|  11|0x0000000080b00000, 0x0000000080c00000, 0x0000000080c00000|100%| O|  |TAMS 0x0000000080b00000| PB 0x0000000080b00000| Untracked 
|  12|0x0000000080c00000, 0x0000000080d00000, 0x0000000080d00000|100%| O|  |TAMS 0x0000000080c00000| PB 0x0000000080c00000| Untracked 
|  13|0x0000000080d00000, 0x0000000080e00000, 0x0000000080e00000|100%| O|  |TAMS 0x0000000080d00000| PB 0x0000000080d00000| Untracked 
|  14|0x0000000080e00000, 0x0000000080f00000, 0x0000000080f00000|100%| O|  |TAMS 0x0000000080e00000| PB 0x0000000080e00000| Untracked 
|  15|0x0000000080f00000, 0x0000000081000000, 0x0000000081000000|100%| O|  |TAMS 0x0000000080f00000| PB 0x0000000080f00000| Untracked 
|  16|0x0000000081000000, 0x0000000081100000, 0x0000000081100000|100%| O|  |TAMS 0x0000000081000000| PB 0x0000000081000000| Untracked 
|  17|0x0000000081100000, 0x0000000081200000, 0x0000000081200000|100%| O|  |TAMS 0x0000000081100000| PB 0x0000000081100000| Untracked 
|  18|0x0000000081200000, 0x0000000081300000, 0x0000000081300000|100%| O|  |TAMS 0x0000000081200000| PB 0x0000000081200000| Untracked 
|  19|0x0000000081300000, 0x0000000081400000, 0x0000000081400000|100%| O|  |TAMS 0x0000000081300000| PB 0x0000000081300000| Untracked 
|  20|0x0000000081400000, 0x0000000081500000, 0x0000000081500000|100%| O|  |TAMS 0x0000000081400000| PB 0x0000000081400000| Untracked 
|  21|0x0000000081500000, 0x0000000081600000, 0x0000000081600000|100%| O|  |TAMS 0x0000000081500000| PB 0x0000000081500000| Untracked 
|  22|0x0000000081600000, 0x0000000081700000, 0x0000000081700000|100%| O|  |TAMS 0x0000000081600000| PB 0x0000000081600000| Untracked 
|  23|0x0000000081700000, 0x0000000081800000, 0x0000000081800000|100%| O|  |TAMS 0x0000000081700000| PB 0x0000000081700000| Untracked 
|  24|0x0000000081800000, 0x0000000081900000, 0x0000000081900000|100%| O|  |TAMS 0x0000000081800000| PB 0x0000000081800000| Untracked 
|  25|0x0000000081900000, 0x0000000081a00000, 0x0000000081a00000|100%| O|  |TAMS 0x0000000081900000| PB 0x0000000081900000| Untracked 
|  26|0x0000000081a00000, 0x0000000081b00000, 0x0000000081b00000|100%| O|  |TAMS 0x0000000081a00000| PB 0x0000000081a00000| Untracked 
|  27|0x0000000081b00000, 0x0000000081c00000, 0x0000000081c00000|100%| O|  |TAMS 0x0000000081b00000| PB 0x0000000081b00000| Untracked 
|  28|0x0000000081c00000, 0x0000000081d00000, 0x0000000081d00000|100%| O|  |TAMS 0x0000000081c00000| PB 0x0000000081c00000| Untracked 
|  29|0x0000000081d00000, 0x0000000081e00000, 0x0000000081e00000|100%| O|  |TAMS 0x0000000081d00000| PB 0x0000000081d00000| Untracked 
|  30|0x0000000081e00000, 0x0000000081f00000, 0x0000000081f00000|100%| O|  |TAMS 0x0000000081e00000| PB 0x0000000081e00000| Untracked 
|  31|0x0000000081f00000, 0x0000000082000000, 0x0000000082000000|100%| O|  |TAMS 0x0000000081f00000| PB 0x0000000081f00000| Untracked 
|  32|0x0000000082000000, 0x0000000082100000, 0x0000000082100000|100%| O|  |TAMS 0x0000000082000000| PB 0x0000000082000000| Untracked 
|  33|0x0000000082100000, 0x0000000082200000, 0x0000000082200000|100%| O|  |TAMS 0x0000000082100000| PB 0x0000000082100000| Untracked 
|  34|0x0000000082200000, 0x0000000082300000, 0x0000000082300000|100%|HS|  |TAMS 0x0000000082200000| PB 0x0000000082200000| Complete 
|  35|0x0000000082300000, 0x0000000082400000, 0x0000000082400000|100%| O|  |TAMS 0x0000000082300000| PB 0x0000000082300000| Untracked 
|  36|0x0000000082400000, 0x0000000082500000, 0x0000000082500000|100%| O|  |TAMS 0x0000000082400000| PB 0x0000000082400000| Untracked 
|  37|0x0000000082500000, 0x0000000082600000, 0x0000000082600000|100%| O|  |TAMS 0x0000000082500000| PB 0x0000000082500000| Untracked 
|  38|0x0000000082600000, 0x0000000082700000, 0x0000000082700000|100%| O|  |TAMS 0x0000000082600000| PB 0x0000000082600000| Untracked 
|  39|0x0000000082700000, 0x0000000082800000, 0x0000000082800000|100%| O|  |TAMS 0x0000000082700000| PB 0x0000000082700000| Untracked 
|  40|0x0000000082800000, 0x0000000082800000, 0x0000000082900000|  0%| F|  |TAMS 0x0000000082800000| PB 0x0000000082800000| Untracked 
|  41|0x0000000082900000, 0x0000000082a00000, 0x0000000082a00000|100%| O|  |TAMS 0x0000000082900000| PB 0x0000000082900000| Untracked 
|  42|0x0000000082a00000, 0x0000000082b00000, 0x0000000082b00000|100%|HS|  |TAMS 0x0000000082a00000| PB 0x0000000082a00000| Complete 
|  43|0x0000000082b00000, 0x0000000082c00000, 0x0000000082c00000|100%|HC|  |TAMS 0x0000000082b00000| PB 0x0000000082b00000| Complete 
|  44|0x0000000082c00000, 0x0000000082d00000, 0x0000000082d00000|100%|HC|  |TAMS 0x0000000082c00000| PB 0x0000000082c00000| Complete 
|  45|0x0000000082d00000, 0x0000000082e00000, 0x0000000082e00000|100%|HC|  |TAMS 0x0000000082d00000| PB 0x0000000082d00000| Complete 
|  46|0x0000000082e00000, 0x0000000082f00000, 0x0000000082f00000|100%|HC|  |TAMS 0x0000000082e00000| PB 0x0000000082e00000| Complete 
|  47|0x0000000082f00000, 0x0000000083000000, 0x0000000083000000|100%|HC|  |TAMS 0x0000000082f00000| PB 0x0000000082f00000| Complete 
|  48|0x0000000083000000, 0x0000000083100000, 0x0000000083100000|100%| O|  |TAMS 0x0000000083000000| PB 0x0000000083000000| Untracked 
|  49|0x0000000083100000, 0x0000000083200000, 0x0000000083200000|100%| O|  |TAMS 0x0000000083100000| PB 0x0000000083100000| Untracked 
|  50|0x0000000083200000, 0x0000000083300000, 0x0000000083300000|100%| O|  |TAMS 0x0000000083200000| PB 0x0000000083200000| Untracked 
|  51|0x0000000083300000, 0x0000000083400000, 0x0000000083400000|100%| O|  |TAMS 0x0000000083300000| PB 0x0000000083300000| Untracked 
|  52|0x0000000083400000, 0x0000000083500000, 0x0000000083500000|100%| O|  |TAMS 0x0000000083400000| PB 0x0000000083400000| Untracked 
|  53|0x0000000083500000, 0x0000000083600000, 0x0000000083600000|100%| O|  |TAMS 0x0000000083500000| PB 0x0000000083500000| Untracked 
|  54|0x0000000083600000, 0x0000000083700000, 0x0000000083700000|100%| O|  |TAMS 0x0000000083600000| PB 0x0000000083600000| Untracked 
|  55|0x0000000083700000, 0x0000000083800000, 0x0000000083800000|100%| O|  |TAMS 0x0000000083700000| PB 0x0000000083700000| Untracked 
|  56|0x0000000083800000, 0x0000000083900000, 0x0000000083900000|100%| O|  |TAMS 0x0000000083800000| PB 0x0000000083800000| Untracked 
|  57|0x0000000083900000, 0x0000000083a00000, 0x0000000083a00000|100%| O|  |TAMS 0x0000000083900000| PB 0x0000000083900000| Untracked 
|  58|0x0000000083a00000, 0x0000000083b00000, 0x0000000083b00000|100%| O|  |TAMS 0x0000000083a00000| PB 0x0000000083a00000| Untracked 
|  59|0x0000000083b00000, 0x0000000083c00000, 0x0000000083c00000|100%| O|  |TAMS 0x0000000083b00000| PB 0x0000000083b00000| Untracked 
|  60|0x0000000083c00000, 0x0000000083d00000, 0x0000000083d00000|100%| O|  |TAMS 0x0000000083c00000| PB 0x0000000083c00000| Untracked 
|  61|0x0000000083d00000, 0x0000000083e00000, 0x0000000083e00000|100%| O|  |TAMS 0x0000000083d00000| PB 0x0000000083d00000| Untracked 
|  62|0x0000000083e00000, 0x0000000083f00000, 0x0000000083f00000|100%| O|  |TAMS 0x0000000083e00000| PB 0x0000000083e00000| Untracked 
|  63|0x0000000083f00000, 0x0000000083f00000, 0x0000000084000000|  0%| F|  |TAMS 0x0000000083f00000| PB 0x0000000083f00000| Untracked 
|  64|0x0000000084000000, 0x0000000084100000, 0x0000000084100000|100%| O|  |TAMS 0x0000000084000000| PB 0x0000000084000000| Untracked 
|  65|0x0000000084100000, 0x0000000084200000, 0x0000000084200000|100%| O|  |TAMS 0x0000000084100000| PB 0x0000000084100000| Untracked 
|  66|0x0000000084200000, 0x0000000084300000, 0x0000000084300000|100%| O|  |TAMS 0x0000000084200000| PB 0x0000000084200000| Untracked 
|  67|0x0000000084300000, 0x0000000084400000, 0x0000000084400000|100%| O|  |TAMS 0x0000000084300000| PB 0x0000000084300000| Untracked 
|  68|0x0000000084400000, 0x0000000084500000, 0x0000000084500000|100%| O|  |TAMS 0x0000000084400000| PB 0x0000000084400000| Untracked 
|  69|0x0000000084500000, 0x0000000084600000, 0x0000000084600000|100%| O|  |TAMS 0x0000000084500000| PB 0x0000000084500000| Untracked 
|  70|0x0000000084600000, 0x0000000084698b30, 0x0000000084700000| 59%| O|  |TAMS 0x0000000084600000| PB 0x0000000084600000| Untracked 
|  71|0x0000000084700000, 0x0000000084700000, 0x0000000084800000|  0%| F|  |TAMS 0x0000000084700000| PB 0x0000000084700000| Untracked 
|  72|0x0000000084800000, 0x0000000084800000, 0x0000000084900000|  0%| F|  |TAMS 0x0000000084800000| PB 0x0000000084800000| Untracked 
|  73|0x0000000084900000, 0x0000000084900000, 0x0000000084a00000|  0%| F|  |TAMS 0x0000000084900000| PB 0x0000000084900000| Untracked 
|  74|0x0000000084a00000, 0x0000000084b00000, 0x0000000084b00000|100%| O|  |TAMS 0x0000000084a00000| PB 0x0000000084a00000| Untracked 
|  75|0x0000000084b00000, 0x0000000084b00000, 0x0000000084c00000|  0%| F|  |TAMS 0x0000000084b00000| PB 0x0000000084b00000| Untracked 
|  76|0x0000000084c00000, 0x0000000084cacea8, 0x0000000084d00000| 67%| S|CS|TAMS 0x0000000084c00000| PB 0x0000000084c00000| Complete 
|  77|0x0000000084d00000, 0x0000000084e00000, 0x0000000084e00000|100%| S|CS|TAMS 0x0000000084d00000| PB 0x0000000084d00000| Complete 
|  78|0x0000000084e00000, 0x0000000084f00000, 0x0000000084f00000|100%| S|CS|TAMS 0x0000000084e00000| PB 0x0000000084e00000| Complete 
|  79|0x0000000084f00000, 0x0000000085000000, 0x0000000085000000|100%| S|CS|TAMS 0x0000000084f00000| PB 0x0000000084f00000| Complete 
|  80|0x0000000085000000, 0x0000000085100000, 0x0000000085100000|100%| S|CS|TAMS 0x0000000085000000| PB 0x0000000085000000| Complete 
|  81|0x0000000085100000, 0x0000000085100000, 0x0000000085200000|  0%| F|  |TAMS 0x0000000085100000| PB 0x0000000085100000| Untracked 
|  82|0x0000000085200000, 0x0000000085200000, 0x0000000085300000|  0%| F|  |TAMS 0x0000000085200000| PB 0x0000000085200000| Untracked 
|  83|0x0000000085300000, 0x0000000085300000, 0x0000000085400000|  0%| F|  |TAMS 0x0000000085300000| PB 0x0000000085300000| Untracked 
|  84|0x0000000085400000, 0x0000000085400000, 0x0000000085500000|  0%| F|  |TAMS 0x0000000085400000| PB 0x0000000085400000| Untracked 
|  85|0x0000000085500000, 0x0000000085500000, 0x0000000085600000|  0%| F|  |TAMS 0x0000000085500000| PB 0x0000000085500000| Untracked 
|  86|0x0000000085600000, 0x0000000085600000, 0x0000000085700000|  0%| F|  |TAMS 0x0000000085600000| PB 0x0000000085600000| Untracked 
|  87|0x0000000085700000, 0x0000000085700000, 0x0000000085800000|  0%| F|  |TAMS 0x0000000085700000| PB 0x0000000085700000| Untracked 
|  88|0x0000000085800000, 0x0000000085800000, 0x0000000085900000|  0%| F|  |TAMS 0x0000000085800000| PB 0x0000000085800000| Untracked 
|  89|0x0000000085900000, 0x0000000085900000, 0x0000000085a00000|  0%| F|  |TAMS 0x0000000085900000| PB 0x0000000085900000| Untracked 
|  90|0x0000000085a00000, 0x0000000085a00000, 0x0000000085b00000|  0%| F|  |TAMS 0x0000000085a00000| PB 0x0000000085a00000| Untracked 
|  91|0x0000000085b00000, 0x0000000085b00000, 0x0000000085c00000|  0%| F|  |TAMS 0x0000000085b00000| PB 0x0000000085b00000| Untracked 
|  92|0x0000000085c00000, 0x0000000085c00000, 0x0000000085d00000|  0%| F|  |TAMS 0x0000000085c00000| PB 0x0000000085c00000| Untracked 
|  93|0x0000000085d00000, 0x0000000085d00000, 0x0000000085e00000|  0%| F|  |TAMS 0x0000000085d00000| PB 0x0000000085d00000| Untracked 
|  94|0x0000000085e00000, 0x0000000085e00000, 0x0000000085f00000|  0%| F|  |TAMS 0x0000000085e00000| PB 0x0000000085e00000| Untracked 
|  95|0x0000000085f00000, 0x0000000085f00000, 0x0000000086000000|  0%| F|  |TAMS 0x0000000085f00000| PB 0x0000000085f00000| Untracked 
|  96|0x0000000086000000, 0x00000000860814d8, 0x0000000086100000| 50%| E|  |TAMS 0x0000000086000000| PB 0x0000000086000000| Complete 
|  97|0x0000000086100000, 0x0000000086200000, 0x0000000086200000|100%| E|CS|TAMS 0x0000000086100000| PB 0x0000000086100000| Complete 
|  98|0x0000000086200000, 0x0000000086300000, 0x0000000086300000|100%| E|CS|TAMS 0x0000000086200000| PB 0x0000000086200000| Complete 
|  99|0x0000000086300000, 0x0000000086400000, 0x0000000086400000|100%| E|CS|TAMS 0x0000000086300000| PB 0x0000000086300000| Complete 
| 100|0x0000000086400000, 0x0000000086500000, 0x0000000086500000|100%| E|CS|TAMS 0x0000000086400000| PB 0x0000000086400000| Complete 
| 101|0x0000000086500000, 0x0000000086600000, 0x0000000086600000|100%| E|CS|TAMS 0x0000000086500000| PB 0x0000000086500000| Complete 
| 102|0x0000000086600000, 0x0000000086700000, 0x0000000086700000|100%| E|CS|TAMS 0x0000000086600000| PB 0x0000000086600000| Complete 
| 103|0x0000000086700000, 0x0000000086800000, 0x0000000086800000|100%| E|CS|TAMS 0x0000000086700000| PB 0x0000000086700000| Complete 
| 104|0x0000000086800000, 0x0000000086900000, 0x0000000086900000|100%| E|CS|TAMS 0x0000000086800000| PB 0x0000000086800000| Complete 
| 105|0x0000000086900000, 0x0000000086a00000, 0x0000000086a00000|100%| E|CS|TAMS 0x0000000086900000| PB 0x0000000086900000| Complete 
| 106|0x0000000086a00000, 0x0000000086b00000, 0x0000000086b00000|100%| E|CS|TAMS 0x0000000086a00000| PB 0x0000000086a00000| Complete 
| 107|0x0000000086b00000, 0x0000000086c00000, 0x0000000086c00000|100%| E|CS|TAMS 0x0000000086b00000| PB 0x0000000086b00000| Complete 
| 108|0x0000000086c00000, 0x0000000086d00000, 0x0000000086d00000|100%| E|CS|TAMS 0x0000000086c00000| PB 0x0000000086c00000| Complete 
| 109|0x0000000086d00000, 0x0000000086e00000, 0x0000000086e00000|100%| E|CS|TAMS 0x0000000086d00000| PB 0x0000000086d00000| Complete 
| 110|0x0000000086e00000, 0x0000000086f00000, 0x0000000086f00000|100%| E|CS|TAMS 0x0000000086e00000| PB 0x0000000086e00000| Complete 
| 111|0x0000000086f00000, 0x0000000087000000, 0x0000000087000000|100%| E|CS|TAMS 0x0000000086f00000| PB 0x0000000086f00000| Complete 
| 138|0x0000000088a00000, 0x0000000088b00000, 0x0000000088b00000|100%| E|CS|TAMS 0x0000000088a00000| PB 0x0000000088a00000| Complete 
| 139|0x0000000088b00000, 0x0000000088c00000, 0x0000000088c00000|100%| E|CS|TAMS 0x0000000088b00000| PB 0x0000000088b00000| Complete 
| 140|0x0000000088c00000, 0x0000000088d00000, 0x0000000088d00000|100%| E|CS|TAMS 0x0000000088c00000| PB 0x0000000088c00000| Complete 
| 141|0x0000000088d00000, 0x0000000088e00000, 0x0000000088e00000|100%| E|CS|TAMS 0x0000000088d00000| PB 0x0000000088d00000| Complete 
| 142|0x0000000088e00000, 0x0000000088f00000, 0x0000000088f00000|100%| E|CS|TAMS 0x0000000088e00000| PB 0x0000000088e00000| Complete 
| 143|0x0000000088f00000, 0x0000000089000000, 0x0000000089000000|100%| E|CS|TAMS 0x0000000088f00000| PB 0x0000000088f00000| Complete 
| 144|0x0000000089000000, 0x0000000089100000, 0x0000000089100000|100%| E|CS|TAMS 0x0000000089000000| PB 0x0000000089000000| Complete 
| 145|0x0000000089100000, 0x0000000089200000, 0x0000000089200000|100%| E|CS|TAMS 0x0000000089100000| PB 0x0000000089100000| Complete 
| 146|0x0000000089200000, 0x0000000089300000, 0x0000000089300000|100%| E|CS|TAMS 0x0000000089200000| PB 0x0000000089200000| Complete 
| 147|0x0000000089300000, 0x0000000089400000, 0x0000000089400000|100%| E|CS|TAMS 0x0000000089300000| PB 0x0000000089300000| Complete 
| 148|0x0000000089400000, 0x0000000089500000, 0x0000000089500000|100%| E|CS|TAMS 0x0000000089400000| PB 0x0000000089400000| Complete 
| 149|0x0000000089500000, 0x0000000089600000, 0x0000000089600000|100%| E|CS|TAMS 0x0000000089500000| PB 0x0000000089500000| Complete 
| 245|0x000000008f500000, 0x000000008f600000, 0x000000008f600000|100%| E|CS|TAMS 0x000000008f500000| PB 0x000000008f500000| Complete 
|2041|0x00000000ff900000, 0x00000000ffa00000, 0x00000000ffa00000|100%| O|  |TAMS 0x00000000ff900000| PB 0x00000000ff900000| Untracked 
|2042|0x00000000ffa00000, 0x00000000ffb00000, 0x00000000ffb00000|100%| O|  |TAMS 0x00000000ffa00000| PB 0x00000000ffa00000| Untracked 
|2043|0x00000000ffb00000, 0x00000000ffc00000, 0x00000000ffc00000|100%| O|  |TAMS 0x00000000ffb00000| PB 0x00000000ffb00000| Untracked 
|2044|0x00000000ffc00000, 0x00000000ffd00000, 0x00000000ffd00000|100%| O|  |TAMS 0x00000000ffc00000| PB 0x00000000ffc00000| Untracked 
|2045|0x00000000ffd00000, 0x00000000ffe00000, 0x00000000ffe00000|100%| O|  |TAMS 0x00000000ffd00000| PB 0x00000000ffd00000| Untracked 
|2046|0x00000000ffe00000, 0x00000000fff00000, 0x00000000fff00000|100%| O|  |TAMS 0x00000000ffe00000| PB 0x00000000ffe00000| Untracked 
|2047|0x00000000fff00000, 0x0000000100000000, 0x0000000100000000|100%| O|  |TAMS 0x00000000fff00000| PB 0x00000000fff00000| Untracked 

Card table byte_map: [0x000001a372f40000,0x000001a373340000] _byte_map_base: 0x000001a372b40000

Marking Bits: (CMBitMap*) 0x000001a360449c20
 Bits: [0x000001a373340000, 0x000001a375340000)

Polling page: 0x000001a35e280000

Metaspace:

Usage:
  Non-class:     92.65 MB used.
      Class:     14.23 MB used.
       Both:    106.88 MB used.

Virtual space:
  Non-class space:      128.00 MB reserved,      93.75 MB ( 73%) committed,  2 nodes.
      Class space:      416.00 MB reserved,      15.31 MB (  4%) committed,  1 nodes.
             Both:      544.00 MB reserved,     109.06 MB ( 20%) committed. 

Chunk freelists:
   Non-Class:  1.30 MB
       Class:  672.00 KB
        Both:  1.95 MB

MaxMetaspaceSize: 512.00 MB
CompressedClassSpaceSize: 416.00 MB
Initial GC threshold: 21.00 MB
Current GC threshold: 159.00 MB
CDS: on
 - commit_granule_bytes: 65536.
 - commit_granule_words: 8192.
 - virtual_space_node_default_size: 8388608.
 - enlarge_chunks_in_place: 1.
 - use_allocation_guard: 0.


Internal statistics:

num_allocs_failed_limit: 9.
num_arena_births: 3996.
num_arena_deaths: 0.
num_vsnodes_births: 3.
num_vsnodes_deaths: 0.
num_space_committed: 1743.
num_space_uncommitted: 0.
num_chunks_returned_to_freelist: 9.
num_chunks_taken_from_freelist: 8616.
num_chunk_merges: 9.
num_chunk_splits: 6066.
num_chunks_enlarged: 4202.
num_inconsistent_stats: 0.

CodeHeap 'non-profiled nmethods': size=120000Kb used=4592Kb max_used=4592Kb free=115407Kb
 bounds [0x000001a36b0c0000, 0x000001a36b540000, 0x000001a3725f0000]
CodeHeap 'profiled nmethods': size=120000Kb used=15385Kb max_used=15385Kb free=104614Kb
 bounds [0x000001a3635f0000, 0x000001a364500000, 0x000001a36ab20000]
CodeHeap 'non-nmethods': size=5760Kb used=2865Kb max_used=2898Kb free=2894Kb
 bounds [0x000001a36ab20000, 0x000001a36ae10000, 0x000001a36b0c0000]
CodeCache: size=245760Kb, used=22842Kb, max_used=22875Kb, free=222915Kb
 total_blobs=8693, nmethods=7583, adapters=1013, full_count=0
Compilation: enabled, stopped_count=0, restarted_count=0

Compilation events (20 events):
Event: 57.900 Thread 0x000001a377fa3b40 8968       1       org.jetbrains.org.objectweb.asm.tree.AbstractInsnNode::getOpcode (5 bytes)
Event: 57.900 Thread 0x000001a377fa3b40 nmethod 8968 0x000001a36b53ab10 code [0x000001a36b53aca0, 0x000001a36b53ad68]
Event: 57.945 Thread 0x000001a377fa3b40 8969       3       org.jetbrains.kotlin.codegen.inline.InlineCodegenUtilsKt::isInlineMarker (91 bytes)
Event: 57.947 Thread 0x000001a377fa3b40 nmethod 8969 0x000001a3644f4790 code [0x000001a3644f4a60, 0x000001a3644f5758]
Event: 57.948 Thread 0x000001a377fa3b40 8970       1       org.jetbrains.org.objectweb.asm.tree.AbstractInsnNode::getNext (5 bytes)
Event: 57.948 Thread 0x000001a377fa3b40 nmethod 8970 0x000001a36b53ae10 code [0x000001a36b53afa0, 0x000001a36b53b068]
Event: 57.951 Thread 0x000001a377fa3b40 8971       1       org.jetbrains.kotlin.codegen.optimization.common.InsnSequence::getTo (5 bytes)
Event: 57.952 Thread 0x000001a377fa3b40 nmethod 8971 0x000001a36b53b110 code [0x000001a36b53b2a0, 0x000001a36b53b368]
Event: 57.981 Thread 0x000001a377fa3b40 8973       3       org.jetbrains.org.objectweb.asm.tree.InsnList$InsnListIterator::hasNext (13 bytes)
Event: 57.981 Thread 0x000001a377fa3b40 nmethod 8973 0x000001a3644f5b90 code [0x000001a3644f5d20, 0x000001a3644f5e80]
Event: 57.981 Thread 0x000001a377fa3b40 8974       3       org.jetbrains.org.objectweb.asm.tree.InsnList$InsnListIterator::next (40 bytes)
Event: 57.982 Thread 0x000001a377fa3b40 nmethod 8974 0x000001a3644f5f10 code [0x000001a3644f60e0, 0x000001a3644f6418]
Event: 57.983 Thread 0x000001a377fa3b40 8975       3       org.jetbrains.kotlin.codegen.optimization.common.UtilKt::getNodeType (99 bytes)
Event: 57.984 Thread 0x000001a377fa3b40 nmethod 8975 0x000001a3644f6510 code [0x000001a3644f67a0, 0x000001a3644f7388]
Event: 57.987 Thread 0x000001a377f9c6d0 8976       4       java.lang.invoke.InnerClassLambdaMetafactory::getOpcodeOffset (38 bytes)
Event: 57.988 Thread 0x000001a377f9c6d0 nmethod 8976 0x000001a36b53b710 code [0x000001a36b53b8a0, 0x000001a36b53b990]
Event: 58.029 Thread 0x000001a377fa3b40 8977       1       org.jetbrains.kotlin.ir.IrAttribute::getFollowAttributeOwner (5 bytes)
Event: 58.030 Thread 0x000001a377fa3b40 nmethod 8977 0x000001a36b53ba90 code [0x000001a36b53bc20, 0x000001a36b53bcf0]
Event: 58.383 Thread 0x000001a377fa3b40 8978       1       java.util.stream.FindOps$FindOp::getOpFlags (5 bytes)
Event: 58.383 Thread 0x000001a377fa3b40 nmethod 8978 0x000001a36b53bd90 code [0x000001a36b53bf20, 0x000001a36b53bfe8]

GC Heap History (20 events):
Event: 46.765 GC heap before
{Heap before GC invocations=21 (full 0):
 garbage-first heap   total 107520K, used 96602K [0x0000000080000000, 0x0000000100000000)
  region size 1024K, 34 young (34816K), 4 survivors (4096K)
 Metaspace       used 74676K, committed 76480K, reserved 491520K
  class space    used 10736K, committed 11648K, reserved 425984K
}
Event: 46.771 GC heap after
{Heap after GC invocations=22 (full 0):
 garbage-first heap   total 107520K, used 68327K [0x0000000080000000, 0x0000000100000000)
  region size 1024K, 3 young (3072K), 3 survivors (3072K)
 Metaspace       used 74676K, committed 76480K, reserved 491520K
  class space    used 10736K, committed 11648K, reserved 425984K
}
Event: 47.581 GC heap before
{Heap before GC invocations=22 (full 0):
 garbage-first heap   total 107520K, used 94951K [0x0000000080000000, 0x0000000100000000)
  region size 1024K, 29 young (29696K), 3 survivors (3072K)
 Metaspace       used 77701K, committed 79488K, reserved 557056K
  class space    used 10969K, committed 11840K, reserved 425984K
}
Event: 47.586 GC heap after
{Heap after GC invocations=23 (full 0):
 garbage-first heap   total 107520K, used 70562K [0x0000000080000000, 0x0000000100000000)
  region size 1024K, 3 young (3072K), 3 survivors (3072K)
 Metaspace       used 77701K, committed 79488K, reserved 557056K
  class space    used 10969K, committed 11840K, reserved 425984K
}
Event: 48.221 GC heap before
{Heap before GC invocations=24 (full 0):
 garbage-first heap   total 117760K, used 95138K [0x0000000080000000, 0x0000000100000000)
  region size 1024K, 28 young (28672K), 3 survivors (3072K)
 Metaspace       used 80580K, committed 82752K, reserved 557056K
  class space    used 11352K, committed 12416K, reserved 425984K
}
Event: 48.225 GC heap after
{Heap after GC invocations=25 (full 0):
 garbage-first heap   total 117760K, used 71059K [0x0000000080000000, 0x0000000100000000)
  region size 1024K, 4 young (4096K), 4 survivors (4096K)
 Metaspace       used 80580K, committed 82752K, reserved 557056K
  class space    used 11352K, committed 12416K, reserved 425984K
}
Event: 49.721 GC heap before
{Heap before GC invocations=25 (full 0):
 garbage-first heap   total 117760K, used 103827K [0x0000000080000000, 0x0000000100000000)
  region size 1024K, 37 young (37888K), 4 survivors (4096K)
 Metaspace       used 84330K, committed 86528K, reserved 557056K
  class space    used 11833K, committed 12928K, reserved 425984K
}
Event: 49.727 GC heap after
{Heap after GC invocations=26 (full 0):
 garbage-first heap   total 117760K, used 71706K [0x0000000080000000, 0x0000000100000000)
  region size 1024K, 4 young (4096K), 4 survivors (4096K)
 Metaspace       used 84330K, committed 86528K, reserved 557056K
  class space    used 11833K, committed 12928K, reserved 425984K
}
Event: 51.114 GC heap before
{Heap before GC invocations=26 (full 0):
 garbage-first heap   total 117760K, used 97306K [0x0000000080000000, 0x0000000100000000)
  region size 1024K, 30 young (30720K), 4 survivors (4096K)
 Metaspace       used 88156K, committed 90304K, reserved 557056K
  class space    used 12346K, committed 13440K, reserved 425984K
}
Event: 51.119 GC heap after
{Heap after GC invocations=27 (full 0):
 garbage-first heap   total 117760K, used 73099K [0x0000000080000000, 0x0000000100000000)
  region size 1024K, 4 young (4096K), 4 survivors (4096K)
 Metaspace       used 88156K, committed 90304K, reserved 557056K
  class space    used 12346K, committed 13440K, reserved 425984K
}
Event: 51.800 GC heap before
{Heap before GC invocations=28 (full 0):
 garbage-first heap   total 124928K, used 107915K [0x0000000080000000, 0x0000000100000000)
  region size 1024K, 37 young (37888K), 4 survivors (4096K)
 Metaspace       used 89012K, committed 91200K, reserved 557056K
  class space    used 12456K, committed 13568K, reserved 425984K
}
Event: 51.806 GC heap after
{Heap after GC invocations=29 (full 0):
 garbage-first heap   total 124928K, used 74855K [0x0000000080000000, 0x0000000100000000)
  region size 1024K, 4 young (4096K), 4 survivors (4096K)
 Metaspace       used 89012K, committed 91200K, reserved 557056K
  class space    used 12456K, committed 13568K, reserved 425984K
}
Event: 53.073 GC heap before
{Heap before GC invocations=29 (full 0):
 garbage-first heap   total 124928K, used 112743K [0x0000000080000000, 0x0000000100000000)
  region size 1024K, 41 young (41984K), 4 survivors (4096K)
 Metaspace       used 91132K, committed 93376K, reserved 557056K
  class space    used 12667K, committed 13760K, reserved 425984K
}
Event: 53.080 GC heap after
{Heap after GC invocations=30 (full 0):
 garbage-first heap   total 124928K, used 77325K [0x0000000080000000, 0x0000000100000000)
  region size 1024K, 6 young (6144K), 6 survivors (6144K)
 Metaspace       used 91132K, committed 93376K, reserved 557056K
  class space    used 12667K, committed 13760K, reserved 425984K
}
Event: 54.465 GC heap before
{Heap before GC invocations=30 (full 0):
 garbage-first heap   total 124928K, used 114189K [0x0000000080000000, 0x0000000100000000)
  region size 1024K, 42 young (43008K), 6 survivors (6144K)
 Metaspace       used 95430K, committed 97664K, reserved 557056K
  class space    used 13175K, committed 14272K, reserved 425984K
}
Event: 54.472 GC heap after
{Heap after GC invocations=31 (full 0):
 garbage-first heap   total 124928K, used 79715K [0x0000000080000000, 0x0000000100000000)
  region size 1024K, 3 young (3072K), 3 survivors (3072K)
 Metaspace       used 95430K, committed 97664K, reserved 557056K
  class space    used 13175K, committed 14272K, reserved 425984K
}
Event: 55.633 GC heap before
{Heap before GC invocations=32 (full 0):
 garbage-first heap   total 135168K, used 114531K [0x0000000080000000, 0x0000000100000000)
  region size 1024K, 37 young (37888K), 3 survivors (3072K)
 Metaspace       used 99216K, committed 101504K, reserved 557056K
  class space    used 13597K, committed 14720K, reserved 425984K
}
Event: 55.637 GC heap after
{Heap after GC invocations=33 (full 0):
 garbage-first heap   total 135168K, used 82170K [0x0000000080000000, 0x0000000100000000)
  region size 1024K, 5 young (5120K), 5 survivors (5120K)
 Metaspace       used 99216K, committed 101504K, reserved 557056K
  class space    used 13597K, committed 14720K, reserved 425984K
}
Event: 57.200 GC heap before
{Heap before GC invocations=33 (full 0):
 garbage-first heap   total 135168K, used 122106K [0x0000000080000000, 0x0000000100000000)
  region size 1024K, 44 young (45056K), 5 survivors (5120K)
 Metaspace       used 105049K, committed 107328K, reserved 557056K
  class space    used 14177K, committed 15296K, reserved 425984K
}
Event: 57.207 GC heap after
{Heap after GC invocations=34 (full 0):
 garbage-first heap   total 135168K, used 83222K [0x0000000080000000, 0x0000000100000000)
  region size 1024K, 5 young (5120K), 5 survivors (5120K)
 Metaspace       used 105049K, committed 107328K, reserved 557056K
  class space    used 14177K, committed 15296K, reserved 425984K
}

Dll operation events (14 events):
Event: 0.035 Loaded shared library C:\Users\sk\.antigravity-ide\extensions\redhat.java-1.55.0-win32-x64\jre\21.0.11-win32-x86_64\bin\java.dll
Event: 0.180 Loaded shared library C:\Users\sk\.antigravity-ide\extensions\redhat.java-1.55.0-win32-x64\jre\21.0.11-win32-x86_64\bin\zip.dll
Event: 0.227 Loaded shared library C:\Users\sk\.antigravity-ide\extensions\redhat.java-1.55.0-win32-x64\jre\21.0.11-win32-x86_64\bin\instrument.dll
Event: 0.238 Loaded shared library C:\Users\sk\.antigravity-ide\extensions\redhat.java-1.55.0-win32-x64\jre\21.0.11-win32-x86_64\bin\net.dll
Event: 0.243 Loaded shared library C:\Users\sk\.antigravity-ide\extensions\redhat.java-1.55.0-win32-x64\jre\21.0.11-win32-x86_64\bin\nio.dll
Event: 0.250 Loaded shared library C:\Users\sk\.antigravity-ide\extensions\redhat.java-1.55.0-win32-x64\jre\21.0.11-win32-x86_64\bin\zip.dll
Event: 1.161 Loaded shared library C:\Users\sk\.antigravity-ide\extensions\redhat.java-1.55.0-win32-x64\jre\21.0.11-win32-x86_64\bin\jimage.dll
Event: 1.838 Loaded shared library C:\Users\sk\.antigravity-ide\extensions\redhat.java-1.55.0-win32-x64\jre\21.0.11-win32-x86_64\bin\verify.dll
Event: 2.059 Loaded shared library C:\Users\sk\.gradle\native\1def1411415f61bf3af743bc5b6707747c0891f09f0c88961ee8f79bc544acac\windows-amd64\native-platform.dll
Event: 2.090 Loaded shared library C:\Users\sk\.gradle\native\0.2.7\x86_64-windows-gnu\gradle-fileevents.dll
Event: 5.245 Loaded shared library C:\Users\sk\.antigravity-ide\extensions\redhat.java-1.55.0-win32-x64\jre\21.0.11-win32-x86_64\bin\management.dll
Event: 5.259 Loaded shared library C:\Users\sk\.antigravity-ide\extensions\redhat.java-1.55.0-win32-x64\jre\21.0.11-win32-x86_64\bin\management_ext.dll
Event: 5.856 Loaded shared library C:\Users\sk\.antigravity-ide\extensions\redhat.java-1.55.0-win32-x64\jre\21.0.11-win32-x86_64\bin\extnet.dll
Event: 6.650 Loaded shared library C:\Users\sk\.antigravity-ide\extensions\redhat.java-1.55.0-win32-x64\jre\21.0.11-win32-x86_64\bin\sunmscapi.dll

Deoptimization events (20 events):
Event: 56.545 Thread 0x000001a3783c37d0 Uncommon trap: trap_request=0xffffff45 fr.pc=0x000001a36b2f8638 relative=0x00000000000000f8
Event: 56.545 Thread 0x000001a3783c37d0 Uncommon trap: reason=unstable_if action=reinterpret pc=0x000001a36b2f8638 method=org.jetbrains.kotlin.name.Name.hashCode()I @ 16 c2
Event: 56.545 Thread 0x000001a3783c37d0 DEOPT PACKING pc=0x000001a36b2f8638 sp=0x0000007328df0d90
Event: 56.545 Thread 0x000001a3783c37d0 DEOPT UNPACKING pc=0x000001a36ab74422 sp=0x0000007328df0d18 mode 2
Event: 57.162 Thread 0x000001a3783c37d0 Uncommon trap: trap_request=0xffffffbe fr.pc=0x000001a36b3ffe50 relative=0x00000000000015f0
Event: 57.162 Thread 0x000001a3783c37d0 Uncommon trap: reason=profile_predicate action=maybe_recompile pc=0x000001a36b3ffe50 method=org.jetbrains.kotlin.serialization.deserialization.descriptors.DeserializedPackageMemberScope.hasClass(Lorg/jetbrains/kotlin/name/Name;)Z @ 65 c2
Event: 57.162 Thread 0x000001a3783c37d0 DEOPT PACKING pc=0x000001a36b3ffe50 sp=0x0000007328df11f0
Event: 57.162 Thread 0x000001a3783c37d0 DEOPT UNPACKING pc=0x000001a36ab74422 sp=0x0000007328df10d0 mode 2
Event: 57.163 Thread 0x000001a3783c37d0 Uncommon trap: trap_request=0xffffffbe fr.pc=0x000001a36b3ffe50 relative=0x00000000000015f0
Event: 57.163 Thread 0x000001a3783c37d0 Uncommon trap: reason=profile_predicate action=maybe_recompile pc=0x000001a36b3ffe50 method=org.jetbrains.kotlin.serialization.deserialization.descriptors.DeserializedPackageMemberScope.hasClass(Lorg/jetbrains/kotlin/name/Name;)Z @ 65 c2
Event: 57.163 Thread 0x000001a3783c37d0 DEOPT PACKING pc=0x000001a36b3ffe50 sp=0x0000007328df0da0
Event: 57.163 Thread 0x000001a3783c37d0 DEOPT UNPACKING pc=0x000001a36ab74422 sp=0x0000007328df0c80 mode 2
Event: 57.309 Thread 0x000001a3783c37d0 Uncommon trap: trap_request=0xffffffbe fr.pc=0x000001a36b3ffe50 relative=0x00000000000015f0
Event: 57.309 Thread 0x000001a3783c37d0 Uncommon trap: reason=profile_predicate action=maybe_recompile pc=0x000001a36b3ffe50 method=org.jetbrains.kotlin.serialization.deserialization.descriptors.DeserializedPackageMemberScope.hasClass(Lorg/jetbrains/kotlin/name/Name;)Z @ 65 c2
Event: 57.309 Thread 0x000001a3783c37d0 DEOPT PACKING pc=0x000001a36b3ffe50 sp=0x0000007328df1110
Event: 57.309 Thread 0x000001a3783c37d0 DEOPT UNPACKING pc=0x000001a36ab74422 sp=0x0000007328df0ff0 mode 2
Event: 58.027 Thread 0x000001a3783c37d0 Uncommon trap: trap_request=0xfffffff4 fr.pc=0x000001a36b50ef38 relative=0x0000000000000198
Event: 58.027 Thread 0x000001a3783c37d0 Uncommon trap: reason=null_check action=make_not_entrant pc=0x000001a36b50ef38 method=java.lang.reflect.Array.newInstance(Ljava/lang/Class;I)Ljava/lang/Object; @ 2 c2
Event: 58.027 Thread 0x000001a3783c37d0 DEOPT PACKING pc=0x000001a36b50ef38 sp=0x0000007328df1fa0
Event: 58.027 Thread 0x000001a3783c37d0 DEOPT UNPACKING pc=0x000001a36ab74422 sp=0x0000007328df1f38 mode 2

Classes loaded (20 events):
Event: 48.931 Loading class java/io/NotSerializableException
Event: 48.931 Loading class java/io/NotSerializableException done
Event: 48.995 Loading class java/util/AbstractList$ListItr
Event: 48.995 Loading class java/util/AbstractList$ListItr done
Event: 50.535 Loading class java/util/function/IntUnaryOperator
Event: 50.535 Loading class java/util/function/IntUnaryOperator done
Event: 50.692 Loading class java/util/AbstractList$SubList
Event: 50.699 Loading class java/util/AbstractList$SubList done
Event: 50.699 Loading class java/util/AbstractList$SubList$1
Event: 50.699 Loading class java/util/AbstractList$SubList$1 done
Event: 50.955 Loading class java/util/EnumMap$EntrySet
Event: 50.956 Loading class java/util/EnumMap$EntrySet done
Event: 50.956 Loading class java/util/EnumMap$EntryIterator
Event: 50.956 Loading class java/util/EnumMap$EnumMapIterator
Event: 50.956 Loading class java/util/EnumMap$EnumMapIterator done
Event: 50.956 Loading class java/util/EnumMap$EntryIterator done
Event: 50.956 Loading class java/util/EnumMap$EntryIterator$Entry
Event: 50.956 Loading class java/util/EnumMap$EntryIterator$Entry done
Event: 53.019 Loading class java/util/AbstractList$RandomAccessSubList
Event: 53.019 Loading class java/util/AbstractList$RandomAccessSubList done

Classes unloaded (0 events):
No events

Classes redefined (0 events):
No events

Internal exceptions (20 events):
Event: 53.162 Thread 0x000001a3783c37d0 Exception <a 'java/lang/NoSuchMethodError'{0x0000000089427510}: 'java.lang.Object java.lang.invoke.DirectMethodHandle$Holder.invokeStatic(java.lang.Object, int, java.lang.Object, java.lang.Object, java.lang.Object, java.lang.Object, java.lang.Object, java.lang.Object)'> (0x0000000089427510) 
thrown [s\src\hotspot\share\interpreter\linkResolver.cpp, line 773]
Event: 53.163 Thread 0x000001a3783c37d0 Exception <a 'java/lang/NoSuchMethodError'{0x0000000089432e58}: 'java.lang.Object java.lang.invoke.DirectMethodHandle$Holder.newInvokeSpecial(java.lang.Object, int, java.lang.Object, java.lang.Object, java.lang.Object, java.lang.Object, java.lang.Object)'> (0x0000000089432e58) 
thrown [s\src\hotspot\share\interpreter\linkResolver.cpp, line 773]
Event: 53.164 Thread 0x000001a3783c37d0 Exception <a 'java/lang/NoSuchMethodError'{0x0000000089438f40}: 'java.lang.Object java.lang.invoke.DirectMethodHandle$Holder.invokeSpecial(java.lang.Object, java.lang.Object, int, java.lang.Object, java.lang.Object, java.lang.Object, java.lang.Object, java.lang.Object)'> (0x0000000089438f40) 
thrown [s\src\hotspot\share\interpreter\linkResolver.cpp, line 773]
Event: 53.494 Thread 0x000001a3783c37d0 Exception <a 'java/lang/NoSuchMethodError'{0x0000000088f3d208}: 'java.lang.Object java.lang.invoke.DirectMethodHandle$Holder.invokeStatic(java.lang.Object, int, java.lang.Object)'> (0x0000000088f3d208) 
thrown [s\src\hotspot\share\interpreter\linkResolver.cpp, line 773]
Event: 53.880 Thread 0x000001a3783c37d0 Exception <a 'java/lang/NoSuchMethodError'{0x0000000086118750}: 'java.lang.Object java.lang.invoke.DirectMethodHandle$Holder.newInvokeSpecial(java.lang.Object, java.lang.Object, java.lang.Object, java.lang.Object, java.lang.Object, java.lang.Object, java.lang.Object, int)'> (0x0000000086118750) 
thrown [s\src\hotspot\share\interpreter\linkResolver.cpp, line 773]
Event: 53.881 Thread 0x000001a3783c37d0 Exception <a 'java/lang/NoSuchMethodError'{0x000000008611ed00}: 'java.lang.Object java.lang.invoke.DirectMethodHandle$Holder.invokeSpecial(java.lang.Object, java.lang.Object, java.lang.Object, java.lang.Object, java.lang.Object, java.lang.Object, java.lang.Object, java.lang.Object, int)'> (0x000000008611ed00) 
thrown [s\src\hotspot\share\interpreter\linkResolver.cpp, line 773]
Event: 53.881 Thread 0x000001a3783c37d0 Exception <a 'java/lang/NoSuchMethodError'{0x0000000086124a00}: 'java.lang.Object java.lang.invoke.Invokers$Holder.linkToTargetMethod(java.lang.Object, java.lang.Object, java.lang.Object, java.lang.Object, java.lang.Object, java.lang.Object, int, java.lang.Object)'> (0x0000000086124a00) 
thrown [s\src\hotspot\share\interpreter\linkResolver.cpp, line 773]
Event: 54.487 Thread 0x000001a3783c37d0 Implicit null exception at 0x000001a36b114f20 to 0x000001a36b11556c
Event: 55.158 Thread 0x000001a3783c37d0 Exception <a 'java/lang/NoSuchMethodError'{0x0000000086a1ab60}: 'java.lang.Object java.lang.invoke.DirectMethodHandle$Holder.invokeStatic(java.lang.Object, java.lang.Object, int, int, java.lang.Object, java.lang.Object)'> (0x0000000086a1ab60) 
thrown [s\src\hotspot\share\interpreter\linkResolver.cpp, line 773]
Event: 55.159 Thread 0x000001a3783c37d0 Exception <a 'java/lang/NoSuchMethodError'{0x0000000086a2a748}: 'java.lang.Object java.lang.invoke.Invokers$Holder.linkToTargetMethod(java.lang.Object, int, int, java.lang.Object, java.lang.Object)'> (0x0000000086a2a748) 
thrown [s\src\hotspot\share\interpreter\linkResolver.cpp, line 773]
Event: 55.241 Thread 0x000001a3783c37d0 Exception <a 'java/lang/NoSuchMethodError'{0x00000000868f84e0}: 'java.lang.Object java.lang.invoke.DirectMethodHandle$Holder.invokeStatic(java.lang.Object, java.lang.Object, java.lang.Object, int, int, java.lang.Object, java.lang.Object)'> (0x00000000868f84e0) 
thrown [s\src\hotspot\share\interpreter\linkResolver.cpp, line 773]
Event: 55.243 Thread 0x000001a3783c37d0 Exception <a 'java/lang/NoSuchMethodError'{0x0000000086702650}: 'java.lang.Object java.lang.invoke.DirectMethodHandle$Holder.newInvokeSpecial(java.lang.Object, java.lang.Object, java.lang.Object, int, int, java.lang.Object)'> (0x0000000086702650) 
thrown [s\src\hotspot\share\interpreter\linkResolver.cpp, line 773]
Event: 55.244 Thread 0x000001a3783c37d0 Exception <a 'java/lang/NoSuchMethodError'{0x000000008670b820}: 'java.lang.Object java.lang.invoke.Invokers$Holder.linkToTargetMethod(java.lang.Object, java.lang.Object, int, int, java.lang.Object, java.lang.Object)'> (0x000000008670b820) 
thrown [s\src\hotspot\share\interpreter\linkResolver.cpp, line 773]
Event: 55.246 Thread 0x000001a3783c37d0 Exception <a 'java/lang/NoSuchMethodError'{0x00000000867194e0}: 'java.lang.Object java.lang.invoke.DirectMethodHandle$Holder.invokeStatic(java.lang.Object, java.lang.Object, int, int, java.lang.Object)'> (0x00000000867194e0) 
thrown [s\src\hotspot\share\interpreter\linkResolver.cpp, line 773]
Event: 55.263 Thread 0x000001a3783c37d0 Exception <a 'java/lang/NoSuchMethodError'{0x0000000086781bc0}: 'java.lang.Object java.lang.invoke.DirectMethodHandle$Holder.newInvokeSpecial(java.lang.Object, java.lang.Object, java.lang.Object, int, int, java.lang.Object, java.lang.Object)'> (0x0000000086781bc0) 
thrown [s\src\hotspot\share\interpreter\linkResolver.cpp, line 773]
Event: 55.264 Thread 0x000001a3783c37d0 Exception <a 'java/lang/NoSuchMethodError'{0x000000008678b288}: 'java.lang.Object java.lang.invoke.Invokers$Holder.linkToTargetMethod(java.lang.Object, java.lang.Object, int, int, java.lang.Object, java.lang.Object, java.lang.Object)'> (0x000000008678b288) 
thrown [s\src\hotspot\share\interpreter\linkResolver.cpp, line 773]
Event: 55.573 Thread 0x000001a3783c37d0 Exception <a 'java/lang/NoSuchMethodError'{0x0000000085ddc828}: 'java.lang.Object java.lang.invoke.DirectMethodHandle$Holder.invokeStaticInit(java.lang.Object, int, java.lang.Object, java.lang.Object, java.lang.Object)'> (0x0000000085ddc828) 
thrown [s\src\hotspot\share\interpreter\linkResolver.cpp, line 773]
Event: 56.297 Thread 0x000001a3783c37d0 Exception <a 'java/lang/NoSuchMethodError'{0x0000000086822f38}: 'java.lang.Object java.lang.invoke.DirectMethodHandle$Holder.invokeSpecial(java.lang.Object, java.lang.Object, int, java.lang.Object, int)'> (0x0000000086822f38) 
thrown [s\src\hotspot\share\interpreter\linkResolver.cpp, line 773]
Event: 57.975 Thread 0x000001a3783c37d0 Exception <a 'java/lang/NoSuchMethodError'{0x0000000086203cb0}: 'java.lang.Object java.lang.invoke.DirectMethodHandle$Holder.invokeStatic(java.lang.Object, int, int)'> (0x0000000086203cb0) 
thrown [s\src\hotspot\share\interpreter\linkResolver.cpp, line 773]
Event: 58.027 Thread 0x000001a3783c37d0 Implicit null exception at 0x000001a36b50edc1 to 0x000001a36b50ef24

ZGC Phase Switch (0 events):
No events

VM Operations (20 events):
Event: 54.551 Executing safepoint VM operation: G1PauseRemark done
Event: 54.583 Executing safepoint VM operation: G1PauseCleanup
Event: 54.583 Executing safepoint VM operation: G1PauseCleanup done
Event: 55.587 Executing safepoint VM operation: Cleanup
Event: 55.588 Executing safepoint VM operation: Cleanup done
Event: 55.633 Executing safepoint VM operation: G1CollectForAllocation (G1 Evacuation Pause)
Event: 55.638 Executing safepoint VM operation: G1CollectForAllocation (G1 Evacuation Pause) done
Event: 56.210 Executing non-safepoint VM operation: HandshakeAllThreads (Deoptimize)
Event: 56.211 Executing non-safepoint VM operation: HandshakeAllThreads (Deoptimize) done
Event: 56.389 Executing non-safepoint VM operation: HandshakeAllThreads (Deoptimize)
Event: 56.389 Executing non-safepoint VM operation: HandshakeAllThreads (Deoptimize) done
Event: 56.391 Executing non-safepoint VM operation: HandshakeAllThreads (Deoptimize)
Event: 56.391 Executing non-safepoint VM operation: HandshakeAllThreads (Deoptimize) done
Event: 57.200 Executing safepoint VM operation: G1CollectForAllocation (G1 Evacuation Pause)
Event: 57.207 Executing safepoint VM operation: G1CollectForAllocation (G1 Evacuation Pause) done
Event: 57.278 Executing non-safepoint VM operation: HandshakeAllThreads (Deoptimize)
Event: 57.279 Executing non-safepoint VM operation: HandshakeAllThreads (Deoptimize) done
Event: 57.756 Executing non-safepoint VM operation: HandshakeAllThreads (Deoptimize)
Event: 57.757 Executing non-safepoint VM operation: HandshakeAllThreads (Deoptimize) done
Event: 58.383 Executing safepoint VM operation: ICBufferFull

Memory protections (0 events):
No events

Nmethod flushes (20 events):
Event: 54.550 Thread 0x000001a377f75980 flushing  nmethod 0x000001a36b1c9a10
Event: 54.550 Thread 0x000001a377f75980 flushing  nmethod 0x000001a36374c190
Event: 54.550 Thread 0x000001a377f75980 flushing  nmethod 0x000001a36374ca90
Event: 54.550 Thread 0x000001a377f75980 flushing  nmethod 0x000001a363c2be90
Event: 54.550 Thread 0x000001a377f75980 flushing  nmethod 0x000001a363d03a90
Event: 54.550 Thread 0x000001a377f75980 flushing  nmethod 0x000001a363d2e010
Event: 54.550 Thread 0x000001a377f75980 flushing  nmethod 0x000001a363d54e10
Event: 54.550 Thread 0x000001a377f75980 flushing  nmethod 0x000001a363e3e410
Event: 54.550 Thread 0x000001a377f75980 flushing  nmethod 0x000001a363e5c690
Event: 54.550 Thread 0x000001a377f75980 flushing  nmethod 0x000001a363fff810
Event: 54.550 Thread 0x000001a377f75980 flushing  nmethod 0x000001a364003090
Event: 54.550 Thread 0x000001a377f75980 flushing  nmethod 0x000001a36400c210
Event: 54.550 Thread 0x000001a377f75980 flushing  nmethod 0x000001a36b41fd90
Event: 54.550 Thread 0x000001a377f75980 flushing  nmethod 0x000001a36b420590
Event: 54.550 Thread 0x000001a377f75980 flushing  nmethod 0x000001a363a72b10
Event: 54.550 Thread 0x000001a377f75980 flushing  nmethod 0x000001a363a74d90
Event: 54.550 Thread 0x000001a377f75980 flushing  nmethod 0x000001a363adc990
Event: 54.550 Thread 0x000001a377f75980 flushing  nmethod 0x000001a363f93d10
Event: 54.550 Thread 0x000001a377f75980 flushing  nmethod 0x000001a364057d90
Event: 54.550 Thread 0x000001a377f75980 flushing  nmethod 0x000001a364128390

Events (20 events):
Event: 47.985 Thread 0x000001a377fa3b40 Thread added: 0x000001a31b846070
Event: 48.202 Thread 0x000001a31b846070 Thread exited: 0x000001a31b846070
Event: 48.787 Thread 0x000001a377fa3b40 Thread added: 0x000001a31dfad950
Event: 48.789 Thread 0x000001a377fa3b40 Thread added: 0x000001a31c731020
Event: 48.983 Thread 0x000001a31c731020 Thread exited: 0x000001a31c731020
Event: 48.983 Thread 0x000001a31dfad950 Thread exited: 0x000001a31dfad950
Event: 51.179 Thread 0x000001a377fa3b40 Thread added: 0x000001a3786e24b0
Event: 51.206 Thread 0x000001a377fa3b40 Thread added: 0x000001a31d935bb0
Event: 51.890 Thread 0x000001a31d935bb0 Thread exited: 0x000001a31d935bb0
Event: 52.257 Thread 0x000001a3786e24b0 Thread exited: 0x000001a3786e24b0
Event: 52.384 Thread 0x000001a377fa3b40 Thread added: 0x000001a31ef3e910
Event: 52.398 Thread 0x000001a377fa3b40 Thread added: 0x000001a31bf01460
Event: 53.020 Thread 0x000001a31bf01460 Thread exited: 0x000001a31bf01460
Event: 53.020 Thread 0x000001a31ef3e910 Thread exited: 0x000001a31ef3e910
Event: 53.363 Thread 0x000001a377fa3b40 Thread added: 0x000001a31e8f2560
Event: 53.662 Thread 0x000001a31e8f2560 Thread exited: 0x000001a31e8f2560
Event: 54.457 Thread 0x000001a377fa3b40 Thread added: 0x000001a3785df710
Event: 55.227 Thread 0x000001a3785df710 Thread exited: 0x000001a3785df710
Event: 56.565 Thread 0x000001a377fa3b40 Thread added: 0x000001a31e5b6950
Event: 57.184 Thread 0x000001a31e5b6950 Thread exited: 0x000001a31e5b6950


Dynamic libraries:
0x00007ff76d8f0000 - 0x00007ff76d8fe000 	C:\Users\sk\.antigravity-ide\extensions\redhat.java-1.55.0-win32-x64\jre\21.0.11-win32-x86_64\bin\java.exe
0x00007ffb94200000 - 0x00007ffb94466000 	C:\WINDOWS\SYSTEM32\ntdll.dll
0x00007ffb92920000 - 0x00007ffb929e9000 	C:\WINDOWS\System32\KERNEL32.DLL
0x00007ffb91820000 - 0x00007ffb91c1a000 	C:\WINDOWS\System32\KERNELBASE.dll
0x00007ffb91550000 - 0x00007ffb9169c000 	C:\WINDOWS\System32\ucrtbase.dll
0x00007ffb89d30000 - 0x00007ffb89d48000 	C:\Users\sk\.antigravity-ide\extensions\redhat.java-1.55.0-win32-x64\jre\21.0.11-win32-x86_64\bin\jli.dll
0x00007ffb93150000 - 0x00007ffb93317000 	C:\WINDOWS\System32\USER32.dll
0x00007ffb91d60000 - 0x00007ffb91d87000 	C:\WINDOWS\System32\win32u.dll
0x00007ffb7a560000 - 0x00007ffb7a7f2000 	C:\WINDOWS\WinSxS\amd64_microsoft.windows.common-controls_6595b64144ccf1df_6.0.26100.8521_none_3e08b75ce33403b3\COMCTL32.dll
0x00007ffb92b50000 - 0x00007ffb92b7b000 	C:\WINDOWS\System32\GDI32.dll
0x00007ffb91e40000 - 0x00007ffb91f6b000 	C:\WINDOWS\System32\gdi32full.dll
0x00007ffb91d90000 - 0x00007ffb91e33000 	C:\WINDOWS\System32\msvcp_win.dll
0x00007ffb91f70000 - 0x00007ffb92019000 	C:\WINDOWS\System32\msvcrt.dll
0x00007ffb866c0000 - 0x00007ffb866de000 	C:\Users\sk\.antigravity-ide\extensions\redhat.java-1.55.0-win32-x64\jre\21.0.11-win32-x86_64\bin\VCRUNTIME140.dll
0x00007ffb929f0000 - 0x00007ffb92a22000 	C:\WINDOWS\System32\IMM32.DLL
0x00007ffb8ab00000 - 0x00007ffb8ab0c000 	C:\Users\sk\.antigravity-ide\extensions\redhat.java-1.55.0-win32-x64\jre\21.0.11-win32-x86_64\bin\vcruntime140_1.dll
0x00007ffb7b1d0000 - 0x00007ffb7b25d000 	C:\Users\sk\.antigravity-ide\extensions\redhat.java-1.55.0-win32-x64\jre\21.0.11-win32-x86_64\bin\msvcp140.dll
0x00007ffacd0a0000 - 0x00007ffacde42000 	C:\Users\sk\.antigravity-ide\extensions\redhat.java-1.55.0-win32-x64\jre\21.0.11-win32-x86_64\bin\server\jvm.dll
0x00007ffb92d00000 - 0x00007ffb92db6000 	C:\WINDOWS\System32\ADVAPI32.dll
0x00007ffb924c0000 - 0x00007ffb9256a000 	C:\WINDOWS\System32\sechost.dll
0x00007ffb92a30000 - 0x00007ffb92b48000 	C:\WINDOWS\System32\RPCRT4.dll
0x00007ffb93320000 - 0x00007ffb933a0000 	C:\WINDOWS\System32\WS2_32.dll
0x00007ffb91310000 - 0x00007ffb9136e000 	C:\WINDOWS\SYSTEM32\POWRPROF.dll
0x00007ffb88440000 - 0x00007ffb88476000 	C:\WINDOWS\SYSTEM32\WINMM.dll
0x00007ffb88c40000 - 0x00007ffb88c4b000 	C:\WINDOWS\SYSTEM32\VERSION.dll
0x00007ffb912f0000 - 0x00007ffb91304000 	C:\WINDOWS\SYSTEM32\UMPDC.dll
0x00007ffb90220000 - 0x00007ffb9023b000 	C:\WINDOWS\SYSTEM32\kernel.appcore.dll
0x00007ffb8aad0000 - 0x00007ffb8aada000 	C:\Users\sk\.antigravity-ide\extensions\redhat.java-1.55.0-win32-x64\jre\21.0.11-win32-x86_64\bin\jimage.dll
0x00007ffb87570000 - 0x00007ffb877b2000 	C:\WINDOWS\SYSTEM32\DBGHELP.DLL
0x00007ffb92dc0000 - 0x00007ffb93143000 	C:\WINDOWS\System32\combase.dll
0x00007ffb923c0000 - 0x00007ffb92499000 	C:\WINDOWS\System32\OLEAUT32.dll
0x00007ffb701f0000 - 0x00007ffb7022b000 	C:\WINDOWS\SYSTEM32\dbgcore.DLL
0x00007ffb91cb0000 - 0x00007ffb91d58000 	C:\WINDOWS\System32\bcryptPrimitives.dll
0x00007ffb8aa20000 - 0x00007ffb8aa2f000 	C:\Users\sk\.antigravity-ide\extensions\redhat.java-1.55.0-win32-x64\jre\21.0.11-win32-x86_64\bin\instrument.dll
0x00007ffb83dc0000 - 0x00007ffb83de0000 	C:\Users\sk\.antigravity-ide\extensions\redhat.java-1.55.0-win32-x64\jre\21.0.11-win32-x86_64\bin\java.dll
0x00007ffb933b0000 - 0x00007ffb93b34000 	C:\WINDOWS\System32\SHELL32.dll
0x00007ffb8f020000 - 0x00007ffb8f8a0000 	C:\WINDOWS\SYSTEM32\windows.storage.dll
0x00007ffb92b80000 - 0x00007ffb92c76000 	C:\WINDOWS\System32\SHCORE.dll
0x00007ffb92020000 - 0x00007ffb92087000 	C:\WINDOWS\System32\shlwapi.dll
0x00007ffb913b0000 - 0x00007ffb913d9000 	C:\WINDOWS\SYSTEM32\profapi.dll
0x00007ffb815d0000 - 0x00007ffb815e8000 	C:\Users\sk\.antigravity-ide\extensions\redhat.java-1.55.0-win32-x64\jre\21.0.11-win32-x86_64\bin\zip.dll
0x00007ffb8a8d0000 - 0x00007ffb8a8e0000 	C:\Users\sk\.antigravity-ide\extensions\redhat.java-1.55.0-win32-x64\jre\21.0.11-win32-x86_64\bin\net.dll
0x00007ffb897a0000 - 0x00007ffb898c9000 	C:\WINDOWS\SYSTEM32\WINHTTP.dll
0x00007ffb90790000 - 0x00007ffb907fc000 	C:\WINDOWS\system32\mswsock.dll
0x00007ffb815b0000 - 0x00007ffb815c6000 	C:\Users\sk\.antigravity-ide\extensions\redhat.java-1.55.0-win32-x64\jre\21.0.11-win32-x86_64\bin\nio.dll
0x00007ffb89d20000 - 0x00007ffb89d30000 	C:\Users\sk\.antigravity-ide\extensions\redhat.java-1.55.0-win32-x64\jre\21.0.11-win32-x86_64\bin\verify.dll
0x00007ffac3b00000 - 0x00007ffac3b27000 	C:\Users\sk\.gradle\native\1def1411415f61bf3af743bc5b6707747c0891f09f0c88961ee8f79bc544acac\windows-amd64\native-platform.dll
0x00007ffb64420000 - 0x00007ffb64498000 	C:\Users\sk\.gradle\native\0.2.7\x86_64-windows-gnu\gradle-fileevents.dll
0x00007ffb815a0000 - 0x00007ffb815aa000 	C:\Users\sk\.antigravity-ide\extensions\redhat.java-1.55.0-win32-x64\jre\21.0.11-win32-x86_64\bin\management.dll
0x00007ffb7b760000 - 0x00007ffb7b76c000 	C:\Users\sk\.antigravity-ide\extensions\redhat.java-1.55.0-win32-x64\jre\21.0.11-win32-x86_64\bin\management_ext.dll
0x00007ffb94190000 - 0x00007ffb94198000 	C:\WINDOWS\System32\PSAPI.DLL
0x00007ffb8fbd0000 - 0x00007ffb8fc03000 	C:\WINDOWS\SYSTEM32\IPHLPAPI.DLL
0x00007ffb924b0000 - 0x00007ffb924ba000 	C:\WINDOWS\System32\NSI.dll
0x00007ffb83db0000 - 0x00007ffb83db9000 	C:\Users\sk\.antigravity-ide\extensions\redhat.java-1.55.0-win32-x64\jre\21.0.11-win32-x86_64\bin\extnet.dll
0x00007ffb90a70000 - 0x00007ffb90a8b000 	C:\WINDOWS\SYSTEM32\CRYPTSP.dll
0x00007ffb90160000 - 0x00007ffb90199000 	C:\WINDOWS\system32\rsaenh.dll
0x00007ffb90840000 - 0x00007ffb90873000 	C:\WINDOWS\SYSTEM32\USERENV.dll
0x00007ffb91380000 - 0x00007ffb913aa000 	C:\WINDOWS\SYSTEM32\bcrypt.dll
0x00007ffb90a90000 - 0x00007ffb90a9c000 	C:\WINDOWS\SYSTEM32\CRYPTBASE.dll
0x00007ffb866f0000 - 0x00007ffb866fe000 	C:\Users\sk\.antigravity-ide\extensions\redhat.java-1.55.0-win32-x64\jre\21.0.11-win32-x86_64\bin\sunmscapi.dll
0x00007ffb916a0000 - 0x00007ffb91818000 	C:\WINDOWS\System32\CRYPT32.dll
0x00007ffb90c90000 - 0x00007ffb90cc0000 	C:\WINDOWS\SYSTEM32\ncrypt.dll
0x00007ffb90c40000 - 0x00007ffb90c7f000 	C:\WINDOWS\SYSTEM32\NTASN1.dll
0x00007ffb67490000 - 0x00007ffb67498000 	C:\WINDOWS\system32\wshunix.dll

JVMTI agents:
C:\Users\sk\.gradle\wrapper\dists\gradle-8.14.3-bin\cv11ve7ro1n3o1j4so8xd9n66\gradle-8.14.3\lib\agents\gradle-instrumentation-agent-8.14.3.jar path:C:\Users\sk\.antigravity-ide\extensions\redhat.java-1.55.0-win32-x64\jre\21.0.11-win32-x86_64\bin\instrument.dll, loaded, initialized, instrumentlib options:none

dbghelp: loaded successfully - version: 4.0.5 - missing functions: none
symbol engine: initialized successfully - sym options: 0x614 - pdb path: .;C:\Users\sk\.antigravity-ide\extensions\redhat.java-1.55.0-win32-x64\jre\21.0.11-win32-x86_64\bin;C:\WINDOWS\SYSTEM32;C:\WINDOWS\WinSxS\amd64_microsoft.windows.common-controls_6595b64144ccf1df_6.0.26100.8521_none_3e08b75ce33403b3;C:\Users\sk\.antigravity-ide\extensions\redhat.java-1.55.0-win32-x64\jre\21.0.11-win32-x86_64\bin\server;C:\Users\sk\.gradle\native\1def1411415f61bf3af743bc5b6707747c0891f09f0c88961ee8f79bc544acac\windows-amd64;C:\Users\sk\.gradle\native\0.2.7\x86_64-windows-gnu

VM Arguments:
jvm_args: --add-opens=java.base/java.lang=ALL-UNNAMED --add-opens=java.base/java.lang.invoke=ALL-UNNAMED --add-opens=java.base/java.util=ALL-UNNAMED --add-opens=java.prefs/java.util.prefs=ALL-UNNAMED --add-exports=jdk.compiler/com.sun.tools.javac.api=ALL-UNNAMED --add-exports=jdk.compiler/com.sun.tools.javac.util=ALL-UNNAMED --add-opens=java.base/java.util=ALL-UNNAMED --add-opens=java.prefs/java.util.prefs=ALL-UNNAMED --add-opens=java.base/java.nio.charset=ALL-UNNAMED --add-opens=java.base/java.net=ALL-UNNAMED --add-opens=java.base/java.util.concurrent.atomic=ALL-UNNAMED --add-opens=java.xml/javax.xml.namespace=ALL-UNNAMED -XX:MaxMetaspaceSize=512m -XX:+HeapDumpOnOutOfMemoryError -Xmx2048m -Dfile.encoding=UTF-8 -Duser.country=IN -Duser.language=en -Duser.variant -javaagent:C:\Users\sk\.gradle\wrapper\dists\gradle-8.14.3-bin\cv11ve7ro1n3o1j4so8xd9n66\gradle-8.14.3\lib\agents\gradle-instrumentation-agent-8.14.3.jar 
java_command: org.gradle.launcher.daemon.bootstrap.GradleDaemon 8.14.3
java_class_path (initial): C:\Users\sk\.gradle\wrapper\dists\gradle-8.14.3-bin\cv11ve7ro1n3o1j4so8xd9n66\gradle-8.14.3\lib\gradle-daemon-main-8.14.3.jar
Launcher Type: SUN_STANDARD

[Global flags]
     intx CICompilerCount                          = 4                                         {product} {ergonomic}
   size_t CompressedClassSpaceSize                 = 436207616                                 {product} {ergonomic}
     uint ConcGCThreads                            = 3                                         {product} {ergonomic}
     uint G1ConcRefinementThreads                  = 10                                        {product} {ergonomic}
   size_t G1HeapRegionSize                         = 1048576                                   {product} {ergonomic}
    uintx GCDrainStackTargetSize                   = 64                                        {product} {ergonomic}
     bool HeapDumpOnOutOfMemoryError               = true                                   {manageable} {command line}
   size_t InitialHeapSize                          = 257949696                                 {product} {ergonomic}
   size_t MarkStackSize                            = 4194304                                   {product} {ergonomic}
   size_t MaxHeapSize                              = 2147483648                                {product} {command line}
   size_t MaxMetaspaceSize                         = 536870912                                 {product} {command line}
   size_t MaxNewSize                               = 1287651328                                {product} {ergonomic}
   size_t MinHeapDeltaBytes                        = 1048576                                   {product} {ergonomic}
   size_t MinHeapSize                              = 8388608                                   {product} {ergonomic}
    uintx NonNMethodCodeHeapSize                   = 5839372                                {pd product} {ergonomic}
    uintx NonProfiledCodeHeapSize                  = 122909434                              {pd product} {ergonomic}
    uintx ProfiledCodeHeapSize                     = 122909434                              {pd product} {ergonomic}
    uintx ReservedCodeCacheSize                    = 251658240                              {pd product} {ergonomic}
     bool SegmentedCodeCache                       = true                                      {product} {ergonomic}
   size_t SoftMaxHeapSize                          = 2147483648                             {manageable} {ergonomic}
     bool UseCompressedOops                        = true                           {product lp64_product} {ergonomic}
     bool UseG1GC                                  = true                                      {product} {ergonomic}
     bool UseLargePagesIndividualAllocation        = false                                  {pd product} {ergonomic}

Logging:
Log output configuration:
 #0: stdout all=warning uptime,level,tags foldmultilines=false
 #1: stderr all=off uptime,level,tags foldmultilines=false

Release file:
JAVA_VERSION="21.0.11" 
MODULES="java.base java.compiler java.datatransfer java.xml java.prefs java.desktop java.instrument java.logging java.management java.security.sasl java.naming java.rmi java.management.rmi java.net.http java.scripting java.security.jgss java.transaction.xa java.sql java.sql.rowset java.xml.crypto java.se java.smartcardio jdk.accessibility jdk.internal.jvmstat jdk.attach jdk.charsets jdk.internal.opt jdk.zipfs jdk.compiler jdk.crypto.ec jdk.crypto.cryptoki jdk.crypto.mscapi jdk.dynalink jdk.internal.ed jdk.editpad jdk.hotspot.agent jdk.httpserver jdk.internal.le jdk.internal.vm.ci jdk.internal.vm.compiler jdk.internal.vm.compiler.management jdk.jartool jdk.javadoc jdk.jcmd jdk.management jdk.management.agent jdk.jconsole jdk.jdeps jdk.jdwp.agent jdk.jdi jdk.jfr jdk.jshell jdk.jsobject jdk.jstatd jdk.localedata jdk.management.jfr jdk.naming.dns jdk.naming.rmi jdk.net jdk.nio.mapmode jdk.random jdk.sctp jdk.security.auth jdk.security.jgss jdk.unsupported jdk.unsupported.desktop jdk.xml.dom" 

Environment Variables:
PATH=C:\Program Files\Common Files\Oracle\Java\javapath;C:\Program Files (x86)\Common Files\Oracle\Java\javapath;C:\Program Files (x86)\Common Files\Intel\Shared Libraries\redist\intel64\compiler;C:\WINDOWS\system32;C:\WINDOWS;C:\WINDOWS\System32\Wbem;C:\WINDOWS\System32\WindowsPowerShell\v1.0\;C:\WINDOWS\System32\OpenSSH\;C:\Program Files\NVIDIA Corporation\NVIDIA app\NvDLISR;C:\Program Files (x86)\NVIDIA Corporation\PhysX\Common;C:\Users\sk\AppData\Local\Programs\Python\Python313;C:\Users\sk\AppData\Local\Programs\Python\Python313\Scripts;D:\nodejs\;D:\Git\cmd;C:\Program Files\MongoDB\Server\8.2\bin;D:\Downloads\mongosh-2.5.10-win32-x64\bin;C:\xampp\php;C:\ProgramData\ComposerSetup\bin;C:\Program Files\GitHub CLI\;C:\Users\sk\AppData\Local\Programs\Python\Python313\Scripts\;C:\Users\sk\AppData\Local\Programs\Python\Python313\;C:\Users\sk\AppData\Local\Programs\Python\Launcher\;C:\Users\sk\AppData\Local\Microsoft\WindowsApps;D:\Microsoft VS Code\bin;C:\Users\sk\.lmstudio\bin;C:\Users\sk\AppData\Roaming\npm;C:\Users\sk\AppData\Local\GitHubDesktop\bin;C:\Users\sk\.local\bin;C:\Users\sk\.local\bin;C:\Users\sk\.lmstudio\bin;C:\Program Files\MongoDB\Server\8.2\bin;D:\Downloads\mongosh-2.5.10-win32-x64\bin;C:\Users\sk\AppData\Roaming\Composer\vendor\bin;C:\mingw64\bin;D:\Antigravity IDE\bin;C:\Users\sk\AppData\Local\Programs\Antigravity IDE\bin;C:\Users\sk\AppData\Local\Microsoft\WinGet\Packages\Gyan.FFmpeg_Microsoft.Winget.Source_8wekyb3d8bbwe\ffmpeg-8.1.2-full_build\bin;
USERNAME=sk
OS=Windows_NT
PROCESSOR_IDENTIFIER=AMD64 Family 25 Model 80 Stepping 0, AuthenticAMD
TMP=C:\Users\sk\AppData\Local\Temp
TEMP=C:\Users\sk\AppData\Local\Temp




Periodic native trim disabled

---------------  S Y S T E M  ---------------

OS:
 Windows 11 , 64 bit Build 26100 (10.0.26100.8521)
OS uptime: 4 days 10:04 hours
Hyper-V role detected

CPU: total 12 (initial active 12) (12 cores per cpu, 2 threads per core) family 25 model 80 stepping 0 microcode 0xa500014, cx8, cmov, fxsr, ht, mmx, 3dnowpref, sse, sse2, sse3, ssse3, sse4a, sse4.1, sse4.2, popcnt, lzcnt, tsc, tscinvbit, avx, avx2, aes, erms, clmul, bmi1, bmi2, adx, sha, fma, vzeroupper, clflush, clflushopt, hv, rdtscp, rdpid, fsrm, f16c, cet_ss
Processor Information for processor 0
  Max Mhz: 3301, Current Mhz: 1908, Mhz Limit: 3301
Processor Information for processor 1
  Max Mhz: 3301, Current Mhz: 1908, Mhz Limit: 3301
Processor Information for processor 2
  Max Mhz: 3301, Current Mhz: 1908, Mhz Limit: 3301
Processor Information for processor 3
  Max Mhz: 3301, Current Mhz: 1908, Mhz Limit: 3301
Processor Information for processor 4
  Max Mhz: 3301, Current Mhz: 1908, Mhz Limit: 3301
Processor Information for processor 5
  Max Mhz: 3301, Current Mhz: 1908, Mhz Limit: 3301
Processor Information for processor 6
  Max Mhz: 3301, Current Mhz: 1908, Mhz Limit: 3301
Processor Information for processor 7
  Max Mhz: 3301, Current Mhz: 1908, Mhz Limit: 3301
Processor Information for processor 8
  Max Mhz: 3301, Current Mhz: 1908, Mhz Limit: 3301
Processor Information for processor 9
  Max Mhz: 3301, Current Mhz: 1908, Mhz Limit: 3301
Processor Information for processor 10
  Max Mhz: 3301, Current Mhz: 1805, Mhz Limit: 3301
Processor Information for processor 11
  Max Mhz: 3301, Current Mhz: 1805, Mhz Limit: 3301

Memory: 4k page, system-wide physical 15710M (1384M free)
TotalPageFile size 32813M (AvailPageFile size 8M)
current process WorkingSet (physical memory assigned to process): 414M, peak: 417M
current process commit charge ("private bytes"): 453M, peak: 455M

vm_info: OpenJDK 64-Bit Server VM (21.0.11+10-LTS) for windows-amd64 JRE (21.0.11+10-LTS), built on 2026-04-21T00:00:00Z by "admin" with MS VC++ 17.12 (VS2022)

END.
