#
# There is insufficient memory for the Java Runtime Environment to continue.
# Native memory allocation (mmap) failed to map 458227712 bytes. Error detail: G1 virtual space
# Possible reasons:
#   The system is out of physical RAM or swap space
#   This process is running with CompressedOops enabled, and the Java Heap may be blocking the growth of the native heap
# Possible solutions:
#   Reduce memory load on the system
#   Increase physical memory or swap space
#   Check if swap backing store is full
#   Decrease Java heap size (-Xmx/-Xms)
#   Decrease number of Java threads
#   Decrease Java thread stack sizes (-Xss)
#   Set larger code cache with -XX:ReservedCodeCacheSize=
#   JVM is running with Unscaled Compressed Oops mode in which the Java heap is
#     placed in the first 4GB address space. The Java Heap base address is the
#     maximum limit for the native heap growth. Please use -XX:HeapBaseMinAddress
#     to set the Java Heap base and to place the Java Heap above 4GB virtual address.
# This output file may be truncated or incomplete.
#
#  Out of Memory Error (os_windows.cpp:3618), pid=1444, tid=14788
#
# JRE version: OpenJDK Runtime Environment Temurin-17.0.19+10 (17.0.19+10) (build 17.0.19+10)
# Java VM: OpenJDK 64-Bit Server VM Temurin-17.0.19+10 (17.0.19+10, mixed mode, sharing, tiered, compressed oops, compressed class ptrs, g1 gc, windows-amd64)
# No core dump will be written. Minidumps are not enabled by default on client versions of Windows
#

---------------  S U M M A R Y ------------

Command Line: --add-opens=java.base/java.lang=ALL-UNNAMED --add-opens=java.base/java.lang.invoke=ALL-UNNAMED --add-opens=java.base/java.util=ALL-UNNAMED --add-opens=java.prefs/java.util.prefs=ALL-UNNAMED --add-exports=jdk.compiler/com.sun.tools.javac.api=ALL-UNNAMED --add-exports=jdk.compiler/com.sun.tools.javac.util=ALL-UNNAMED --add-opens=java.base/java.util=ALL-UNNAMED --add-opens=java.prefs/java.util.prefs=ALL-UNNAMED --add-opens=java.base/java.nio.charset=ALL-UNNAMED --add-opens=java.base/java.net=ALL-UNNAMED --add-opens=java.base/java.util.concurrent.atomic=ALL-UNNAMED --add-opens=java.xml/javax.xml.namespace=ALL-UNNAMED -XX:MaxMetaspaceSize=512m -Xmx2048m -Dfile.encoding=UTF-8 -Duser.country=IN -Duser.language=en -Duser.variant -javaagent:C:\Users\sk\.gradle\wrapper\dists\gradle-8.14.3-bin\cv11ve7ro1n3o1j4so8xd9n66\gradle-8.14.3\lib\agents\gradle-instrumentation-agent-8.14.3.jar org.gradle.launcher.daemon.bootstrap.GradleDaemon 8.14.3

Host: AMD Ryzen 5 5600H with Radeon Graphics         , 12 cores, 15G,  Windows 11 , 64 bit Build 26100 (10.0.26100.8521)
Time: Wed Jul  8 00:11:44 2026 India Standard Time elapsed time: 601.401814 seconds (0d 0h 10m 1s)

---------------  T H R E A D  ---------------

Current thread (0x00000266fedd0040):  VMThread "VM Thread" [stack: 0x0000006e49f00000,0x0000006e4a000000] [id=14788]

Stack: [0x0000006e49f00000,0x0000006e4a000000]
Native frames: (J=compiled Java code, j=interpreted, Vv=VM code, C=native code)
V  [jvm.dll+0x684b29]
V  [jvm.dll+0x83a2d5]
V  [jvm.dll+0x83bd4e]
V  [jvm.dll+0x83c3d3]
V  [jvm.dll+0x24905f]
V  [jvm.dll+0x6818e9]
V  [jvm.dll+0x6766ea]
V  [jvm.dll+0x3093b7]
V  [jvm.dll+0x3109a6]
V  [jvm.dll+0x360f1e]
V  [jvm.dll+0x36115d]
V  [jvm.dll+0x2e043c]
V  [jvm.dll+0x2de812]
V  [jvm.dll+0x2ddfac]
V  [jvm.dll+0x320c6b]
V  [jvm.dll+0x840bed]
V  [jvm.dll+0x841923]
V  [jvm.dll+0x841e4f]
V  [jvm.dll+0x842235]
V  [jvm.dll+0x8422fe]
V  [jvm.dll+0x7eaf1c]
V  [jvm.dll+0x6839f7]
C  [ucrtbase.dll+0x2cd30]
C  [KERNEL32.DLL+0x2e957]
C  [ntdll.dll+0x87c1c]

VM_Operation (0x0000006e4b6f8100): G1CollectForAllocation, mode: safepoint, requested by thread 0x00000266fedfe5d0


---------------  P R O C E S S  ---------------

Threads class SMR info:
_java_thread_list=0x00000266c0ba4cc0, length=223, elements={
0x00000266fd2ad0e0, 0x00000266fedd8cb0, 0x00000266fedda3e0, 0x00000266fede72e0,
0x00000266fede7bb0, 0x00000266fede8570, 0x00000266fedf6ae0, 0x00000266fedf77d0,
0x00000266fedf9d70, 0x00000266fedfeae0, 0x00000266fedfb330, 0x00000266fedfcc80,
0x00000266fedfc260, 0x00000266fedfc770, 0x00000266fedfd190, 0x00000266fedfdbb0,
0x00000266fedfe5d0, 0x00000266bdd10ee0, 0x00000266bdd11900, 0x00000266bdd0f590,
0x00000266bdd155c0, 0x00000266bdd15ad0, 0x00000266bdd13760, 0x00000266bdd13c70,
0x00000266bdd14690, 0x00000266bdd16a00, 0x00000266bdd14ba0, 0x00000266c0bfef20,
0x00000266c0c00d80, 0x00000266c0c02be0, 0x00000266c0c00360, 0x00000266c0bffe50,
0x00000266c0c00870, 0x00000266c0bff940, 0x00000266c0c01290, 0x00000266c263a4d0,
0x00000266d1f50b80, 0x00000266d1f51090, 0x00000266d0173c70, 0x00000266c2eaa430,
0x00000266c24b4320, 0x00000266bfcb9b50, 0x00000266c0f5c440, 0x00000266c263a9e0,
0x00000266c05d15a0, 0x00000266c05d3e20, 0x00000266d90ca3a0, 0x00000266d19ee560,
0x00000266d19efeb0, 0x00000266bf1f2660, 0x00000266c31bc310, 0x00000266c31bc820,
0x00000266c31bbe00, 0x00000266d8ac8c30, 0x00000266c31bcd30, 0x00000266bfd51a70,
0x00000266d19eef80, 0x00000266d19ef490, 0x00000266d19ef9a0, 0x00000266d094f580,
0x00000266d09509c0, 0x00000266d0950ed0, 0x00000266d09513e0, 0x00000266d09518f0,
0x00000266d0951e00, 0x00000266d094ffa0, 0x00000266d09504b0, 0x00000266c24b3e10,
0x00000266c24b4830, 0x00000266c24b4d40, 0x00000266c24b5250, 0x00000266c24b3900,
0x00000266c05d3910, 0x00000266c05d0670, 0x00000266c05d0b80, 0x00000266d90c9980,
0x00000266d90cc200, 0x00000266d90cb7e0, 0x00000266d90cd130, 0x00000266d90c9e90,
0x00000266d90cc710, 0x00000266d90cb2d0, 0x00000266d90ccc20, 0x00000266d90ca8b0,
0x00000266d75ed5b0, 0x00000266d75ef410, 0x00000266c05d4330, 0x00000266c05d4840,
0x00000266c05d1fc0, 0x00000266c05d1090, 0x00000266c05d5c80, 0x00000266c05d66a0,
0x00000266c05d7ff0, 0x00000266c05d4d50, 0x00000266c05d5260, 0x00000266c05d6bb0,
0x00000266c05d5770, 0x00000266c05d7ae0, 0x00000266bffa7eb0, 0x00000266bffaac40,
0x00000266bffa8de0, 0x00000266bffaa730, 0x00000266bffa92f0, 0x00000266bffaa220,
0x00000266bffa9800, 0x00000266bffab150, 0x00000266bffa83c0, 0x00000266c3152cb0,
0x00000266c31531c0, 0x00000266c31540f0, 0x00000266c31536d0, 0x00000266c3154600,
0x00000266d900c870, 0x00000266d900c360, 0x00000266d900d290, 0x00000266d900d7a0,
0x00000266d900cd80, 0x00000266d900ebe0, 0x00000266d900b940, 0x00000266d900dcb0,
0x00000266d900e6d0, 0x00000266d900e1c0, 0x00000266d900b430, 0x00000266d900be50,
0x00000266d82b7250, 0x00000266d82b6320, 0x00000266d7f95400, 0x00000266d7f97770,
0x00000266bffa79a0, 0x00000266bfcb8c20, 0x00000266bfcba570, 0x00000266bfd4e2c0,
0x00000266bfcb77e0, 0x00000266bfcb7cf0, 0x00000266bfcb8710, 0x00000266bfcbaf90,
0x00000266d91cc550, 0x00000266d91cb110, 0x00000266d91ccf70, 0x00000266d75ee4e0,
0x00000266d75f0850, 0x00000266d75f0d60, 0x00000266d75eef00, 0x00000266d08c5d20,
0x00000266d08c7b80, 0x00000266d08c6230, 0x00000266d08c6740, 0x00000266d08c6c50,
0x00000266d08c7160, 0x00000266d0176a00, 0x00000266bfcb9130, 0x00000266c05d6190,
0x00000266d0175fe0, 0x00000266d82b7760, 0x00000266c05d70c0, 0x00000266d82b6d40,
0x00000266c05d75d0, 0x00000266d82b6830, 0x00000266d110af30, 0x00000266d82b5e10,
0x00000266d110a510, 0x00000266d110be60, 0x00000266d0173250, 0x00000266d11090d0,
0x00000266d01764f0, 0x00000266d110aa20, 0x00000266d0174690, 0x00000266d1109af0,
0x00000266d0174ba0, 0x00000266d110cd90, 0x00000266d08c7670, 0x00000266d9ed3ad0,
0x00000266bfcb8200, 0x00000266d91cbb30, 0x00000266d91cc040, 0x00000266d91cb620,
0x00000266d91cd480, 0x00000266d91cac00, 0x00000266d91cd990, 0x00000266d91cca60,
0x00000266d91ce3b0, 0x00000266d91cdea0, 0x00000266d87274a0, 0x00000266d8728df0,
0x00000266d110b440, 0x00000266d11095e0, 0x00000266d110b950, 0x00000266d110d2a0,
0x00000266d110a000, 0x00000266d110fb20, 0x00000266d110dcc0, 0x00000266d110f100,
0x00000266d110f610, 0x00000266d110d7b0, 0x00000266d110e1d0, 0x00000266d1110030,
0x00000266d1110540, 0x00000266d110e6e0, 0x00000266d1110a50, 0x00000266d110ebf0,
0x00000266c2636810, 0x00000266c26358e0, 0x00000266c2637230, 0x00000266c2637740,
0x00000266c2636300, 0x00000266c2636d20, 0x00000266d1f4d8e0, 0x00000266d1f4ed20,
0x00000266d96b2850, 0x00000266d96b3270, 0x00000266d96b2d60, 0x00000266e00e61d0,
0x00000266d7f95910, 0x00000266e00e66e0, 0x00000266c2638160, 0x00000266d8729810,
0x00000266d15a3860, 0x00000266bfd50120, 0x00000266bfd4ece0, 0x00000266bfd50b40,
0x00000266d2b2b400, 0x00000266d15a56c0, 0x00000266d1075bb0
}

Java Threads: ( => current thread )
  0x00000266fd2ad0e0 JavaThread "main" [_thread_blocked, id=16740, stack(0x0000006e49900000,0x0000006e49a00000)]
  0x00000266fedd8cb0 JavaThread "Reference Handler" daemon [_thread_blocked, id=6432, stack(0x0000006e4a000000,0x0000006e4a100000)]
  0x00000266fedda3e0 JavaThread "Finalizer" daemon [_thread_blocked, id=32280, stack(0x0000006e4a100000,0x0000006e4a200000)]
  0x00000266fede72e0 JavaThread "Signal Dispatcher" daemon [_thread_blocked, id=20212, stack(0x0000006e4a200000,0x0000006e4a300000)]
  0x00000266fede7bb0 JavaThread "Attach Listener" daemon [_thread_blocked, id=28460, stack(0x0000006e4a300000,0x0000006e4a400000)]
  0x00000266fede8570 JavaThread "Service Thread" daemon [_thread_blocked, id=27492, stack(0x0000006e4a400000,0x0000006e4a500000)]
  0x00000266fedf6ae0 JavaThread "Monitor Deflation Thread" daemon [_thread_blocked, id=8876, stack(0x0000006e4a500000,0x0000006e4a600000)]
  0x00000266fedf77d0 JavaThread "C2 CompilerThread0" daemon [_thread_blocked, id=22556, stack(0x0000006e4a600000,0x0000006e4a700000)]
  0x00000266fedf9d70 JavaThread "C1 CompilerThread0" daemon [_thread_blocked, id=14956, stack(0x0000006e4a700000,0x0000006e4a800000)]
  0x00000266fedfeae0 JavaThread "Sweeper thread" daemon [_thread_blocked, id=23828, stack(0x0000006e4a800000,0x0000006e4a900000)]
  0x00000266fedfb330 JavaThread "Common-Cleaner" daemon [_thread_blocked, id=9480, stack(0x0000006e4a900000,0x0000006e4aa00000)]
  0x00000266fedfcc80 JavaThread "Notification Thread" daemon [_thread_blocked, id=22724, stack(0x0000006e4ab00000,0x0000006e4ac00000)]
  0x00000266fedfc260 JavaThread "Daemon health stats" [_thread_blocked, id=31372, stack(0x0000006e4ad00000,0x0000006e4ae00000)]
  0x00000266fedfc770 JavaThread "Incoming local TCP Connector on port 64372" [_thread_in_native, id=13744, stack(0x0000006e4aa00000,0x0000006e4ab00000)]
  0x00000266fedfd190 JavaThread "Daemon periodic checks" [_thread_blocked, id=10472, stack(0x0000006e4b200000,0x0000006e4b300000)]
  0x00000266fedfdbb0 JavaThread "Daemon" [_thread_blocked, id=31828, stack(0x0000006e4b300000,0x0000006e4b400000)]
  0x00000266fedfe5d0 JavaThread "Daemon worker" [_thread_blocked, id=27320, stack(0x0000006e4b600000,0x0000006e4b700000)]
  0x00000266bdd10ee0 JavaThread "Cache worker for journal cache (C:\Users\sk\.gradle\caches\journal-1)" [_thread_blocked, id=13752, stack(0x0000006e4ba00000,0x0000006e4bb00000)]
  0x00000266bdd11900 JavaThread "File lock request listener" [_thread_in_native, id=30820, stack(0x0000006e4bb00000,0x0000006e4bc00000)]
  0x00000266bdd0f590 JavaThread "Cache worker for file hash cache (C:\Users\sk\.gradle\caches\8.14.3\fileHashes)" [_thread_blocked, id=28616, stack(0x0000006e4bd00000,0x0000006e4be00000)]
  0x00000266bdd155c0 JavaThread "File watcher server" daemon [_thread_in_native, id=32660, stack(0x0000006e4c700000,0x0000006e4c800000)]
  0x00000266bdd15ad0 JavaThread "File watcher consumer" daemon [_thread_blocked, id=24672, stack(0x0000006e4c800000,0x0000006e4c900000)]
  0x00000266bdd13760 JavaThread "jar transforms" [_thread_blocked, id=28948, stack(0x0000006e4ca00000,0x0000006e4cb00000)]
  0x00000266bdd13c70 JavaThread "jar transforms Thread 2" [_thread_blocked, id=19352, stack(0x0000006e4cb00000,0x0000006e4cc00000)]
  0x00000266bdd14690 JavaThread "jar transforms Thread 3" [_thread_blocked, id=9648, stack(0x0000006e4cc00000,0x0000006e4cd00000)]
  0x00000266bdd16a00 JavaThread "jar transforms Thread 4" [_thread_blocked, id=20064, stack(0x0000006e4bc00000,0x0000006e4bd00000)]
  0x00000266bdd14ba0 JavaThread "jar transforms Thread 5" [_thread_blocked, id=25504, stack(0x0000006e4cf00000,0x0000006e4d000000)]
  0x00000266c0bfef20 JavaThread "Cache worker for file content cache (C:\Users\sk\.gradle\caches\8.14.3\fileContent)" [_thread_blocked, id=29264, stack(0x0000006e4cd00000,0x0000006e4ce00000)]
  0x00000266c0c00d80 JavaThread "jar transforms Thread 6" [_thread_blocked, id=17556, stack(0x0000006e4d200000,0x0000006e4d300000)]
  0x00000266c0c02be0 JavaThread "jar transforms Thread 7" [_thread_blocked, id=27252, stack(0x0000006e4d300000,0x0000006e4d400000)]
  0x00000266c0c00360 JavaThread "jar transforms Thread 8" [_thread_blocked, id=20844, stack(0x0000006e4d400000,0x0000006e4d500000)]
  0x00000266c0bffe50 JavaThread "jar transforms Thread 9" [_thread_blocked, id=28088, stack(0x0000006e4d500000,0x0000006e4d600000)]
  0x00000266c0c00870 JavaThread "jar transforms Thread 10" [_thread_blocked, id=18276, stack(0x0000006e4d700000,0x0000006e4d800000)]
  0x00000266c0bff940 JavaThread "jar transforms Thread 11" [_thread_blocked, id=27736, stack(0x0000006e4d800000,0x0000006e4d900000)]
  0x00000266c0c01290 JavaThread "jar transforms Thread 12" [_thread_blocked, id=31604, stack(0x0000006e4d900000,0x0000006e4da00000)]
  0x00000266c263a4d0 JavaThread "Memory manager" [_thread_blocked, id=6940, stack(0x0000006e49700000,0x0000006e49800000)]
  0x00000266d1f50b80 JavaThread "ForkJoinPool.commonPool-worker-2" daemon [_thread_blocked, id=16844, stack(0x0000006e53100000,0x0000006e53200000)]
  0x00000266d1f51090 JavaThread "ForkJoinPool.commonPool-worker-3" daemon [_thread_blocked, id=26572, stack(0x0000006e53200000,0x0000006e53300000)]
  0x00000266d0173c70 JavaThread "ForkJoinPool.commonPool-worker-4" daemon [_thread_blocked, id=7880, stack(0x0000006e53300000,0x0000006e53400000)]
  0x00000266c2eaa430 JavaThread "ForkJoinPool.commonPool-worker-6" daemon [_thread_blocked, id=22644, stack(0x0000006e53500000,0x0000006e53600000)]
  0x00000266c24b4320 JavaThread "ForkJoinPool.commonPool-worker-8" daemon [_thread_blocked, id=26992, stack(0x0000006e53600000,0x0000006e53700000)]
  0x00000266bfcb9b50 JavaThread "ForkJoinPool.commonPool-worker-10" daemon [_thread_blocked, id=23372, stack(0x0000006e53900000,0x0000006e53a00000)]
  0x00000266c0f5c440 JavaThread "ForkJoinPool.commonPool-worker-11" daemon [_thread_blocked, id=32728, stack(0x0000006e53a00000,0x0000006e53b00000)]
  0x00000266c263a9e0 JavaThread "RMI Scheduler(0)" daemon [_thread_blocked, id=22804, stack(0x0000006e54b00000,0x0000006e54c00000)]
  0x00000266c05d15a0 JavaThread "RMI TCP Accept-0" daemon [_thread_in_native, id=32616, stack(0x0000006e57d00000,0x0000006e57e00000)]
  0x00000266c05d3e20 JavaThread "ForkJoinPool.commonPool-worker-12" daemon [_thread_blocked, id=4268, stack(0x0000006e53400000,0x0000006e53500000)]
  0x00000266d90ca3a0 JavaThread "Exec process Thread 7" [_thread_blocked, id=26292, stack(0x0000006e4d100000,0x0000006e4d200000)]
  0x00000266d19ee560 JavaThread "Exec process Thread 8" [_thread_blocked, id=11628, stack(0x0000006e4da00000,0x0000006e4db00000)]
  0x00000266d19efeb0 JavaThread "Exec process Thread 9" [_thread_blocked, id=13552, stack(0x0000006e4db00000,0x0000006e4dc00000)]
  0x00000266bf1f2660 JavaThread "included builds" [_thread_blocked, id=17316, stack(0x0000006e51f00000,0x0000006e52000000)]
  0x00000266c31bc310 JavaThread "RMI RenewClean-[127.0.0.1:17991,org.jetbrains.kotlin.daemon.common.LoopbackNetworkInterface$ClientLoopbackSocketFactory@5bc83bf7]" daemon [_thread_blocked, id=24144, stack(0x0000006e51e00000,0x0000006e51f00000)]
  0x00000266c31bc820 JavaThread "RMI GC Daemon" daemon [_thread_blocked, id=4912, stack(0x0000006e55c00000,0x0000006e55d00000)]
  0x00000266c31bbe00 JavaThread "RMI Reaper" [_thread_blocked, id=7740, stack(0x0000006e4e800000,0x0000006e4e900000)]
  0x00000266d8ac8c30 JavaThread "RMI TCP Connection(15)-127.0.0.1" daemon [_thread_in_native, id=29992, stack(0x0000006e55d00000,0x0000006e55e00000)]
  0x00000266c31bcd30 JavaThread "RMI RenewClean-[127.0.0.1:17991,org.jetbrains.kotlin.daemon.common.LoopbackNetworkInterface$ClientLoopbackSocketFactory@10192f02]" daemon [_thread_blocked, id=21640, stack(0x0000006e56800000,0x0000006e56900000)]
  0x00000266bfd51a70 JavaThread "RMI TCP Connection(idle)" daemon [_thread_blocked, id=29592, stack(0x0000006e56900000,0x0000006e56a00000)]
  0x00000266d19eef80 JavaThread "VFS cleanup Thread 2" [_thread_blocked, id=32244, stack(0x0000006e4b500000,0x0000006e4b600000)]
  0x00000266d19ef490 JavaThread "Handler for socket connection from /127.0.0.1:64372 to /127.0.0.1:57020" [_thread_in_native, id=32092, stack(0x0000006e49800000,0x0000006e49900000)]
  0x00000266d19ef9a0 JavaThread "Cancel handler" [_thread_blocked, id=8416, stack(0x0000006e49600000,0x0000006e49700000)]
  0x00000266d094f580 JavaThread "Asynchronous log dispatcher for DefaultDaemonConnection: socket connection from /127.0.0.1:64372 to /127.0.0.1:57020" [_thread_blocked, id=17224, stack(0x0000006e4b400000,0x0000006e4b500000)]
  0x00000266d09509c0 JavaThread "Stdin handler" [_thread_blocked, id=31620, stack(0x0000006e4b700000,0x0000006e4b800000)]
  0x00000266d0950ed0 JavaThread "Daemon client event forwarder" [_thread_blocked, id=30032, stack(0x0000006e4b800000,0x0000006e4b900000)]
  0x00000266d09513e0 JavaThread "Cache worker for file hash cache (D:\Projects\CAmpDeliver\apps\expo\android\.gradle\8.14.3\fileHashes)" [_thread_blocked, id=31288, stack(0x0000006e4b900000,0x0000006e4ba00000)]
  0x00000266d09518f0 JavaThread "Cache worker for Build Output Cleanup Cache (D:\Projects\CAmpDeliver\apps\expo\android\.gradle\buildOutputCleanup)" [_thread_blocked, id=31364, stack(0x0000006e4be00000,0x0000006e4bf00000)]
  0x00000266d0951e00 JavaThread "Cache worker for checksums cache (D:\Projects\CAmpDeliver\apps\expo\android\.gradle\8.14.3\checksums)" [_thread_blocked, id=23416, stack(0x0000006e4bf00000,0x0000006e4c000000)]
  0x00000266d094ffa0 JavaThread "Cache worker for cache directory md-supplier (C:\Users\sk\.gradle\caches\8.14.3\md-supplier)" [_thread_blocked, id=28424, stack(0x0000006e4c900000,0x0000006e4ca00000)]
  0x00000266d09504b0 JavaThread "Cache worker for cache directory md-rule (C:\Users\sk\.gradle\caches\8.14.3\md-rule)" [_thread_blocked, id=25192, stack(0x0000006e4ce00000,0x0000006e4cf00000)]
  0x00000266c24b3e10 JavaThread "Cache worker for Build Output Cleanup Cache (D:\Projects\CAmpDeliver\node_modules\.pnpm\@react-native+gradle-plugin@0.81.5\node_modules\@react-native\gradle-plugin\.gradle\buildOutputCleanup)" [_thread_blocked, id=29840, stack(0x0000006e4dc00000,0x0000006e4dd00000)]
  0x00000266c24b4830 JavaThread "Unconstrained build operations" [_thread_blocked, id=24244, stack(0x0000006e4dd00000,0x0000006e4de00000)]
  0x00000266c24b4d40 JavaThread "Unconstrained build operations Thread 2" [_thread_blocked, id=31152, stack(0x0000006e4de00000,0x0000006e4df00000)]
  0x00000266c24b5250 JavaThread "Unconstrained build operations Thread 3" [_thread_blocked, id=24220, stack(0x0000006e4df00000,0x0000006e4e000000)]
  0x00000266c24b3900 JavaThread "Unconstrained build operations Thread 4" [_thread_blocked, id=25072, stack(0x0000006e4e000000,0x0000006e4e100000)]
  0x00000266c05d3910 JavaThread "Cache worker for Build Output Cleanup Cache (D:\Projects\CAmpDeliver\node_modules\.pnpm\expo-modules-autolinking@3.0.26\node_modules\expo-modules-autolinking\android\expo-gradle-plugin\.gradle\buildOutputCleanup)" [_thread_blocked, id=7732, stack(0x0000006e4e700000,0x0000006e4e800000)]
  0x00000266c05d0670 JavaThread "Unconstrained build operations Thread 5" [_thread_blocked, id=8328, stack(0x0000006e4e900000,0x0000006e4ea00000)]
  0x00000266c05d0b80 JavaThread "Unconstrained build operations Thread 6" [_thread_blocked, id=24828, stack(0x0000006e4ea00000,0x0000006e4eb00000)]
  0x00000266d90c9980 JavaThread "Unconstrained build operations Thread 7" [_thread_blocked, id=20656, stack(0x0000006e4eb00000,0x0000006e4ec00000)]
  0x00000266d90cc200 JavaThread "Unconstrained build operations Thread 8" [_thread_blocked, id=28224, stack(0x0000006e4ec00000,0x0000006e4ed00000)]
  0x00000266d90cb7e0 JavaThread "Unconstrained build operations Thread 9" [_thread_blocked, id=16664, stack(0x0000006e4ed00000,0x0000006e4ee00000)]
  0x00000266d90cd130 JavaThread "Unconstrained build operations Thread 10" [_thread_blocked, id=27220, stack(0x0000006e4ee00000,0x0000006e4ef00000)]
  0x00000266d90c9e90 JavaThread "Unconstrained build operations Thread 11" [_thread_blocked, id=11400, stack(0x0000006e4ef00000,0x0000006e4f000000)]
  0x00000266d90cc710 JavaThread "Unconstrained build operations Thread 12" [_thread_blocked, id=30056, stack(0x0000006e4f000000,0x0000006e4f100000)]
  0x00000266d90cb2d0 JavaThread "Unconstrained build operations Thread 13" [_thread_blocked, id=32752, stack(0x0000006e4f100000,0x0000006e4f200000)]
  0x00000266d90ccc20 JavaThread "Unconstrained build operations Thread 14" [_thread_blocked, id=28116, stack(0x0000006e4f200000,0x0000006e4f300000)]
  0x00000266d90ca8b0 JavaThread "Unconstrained build operations Thread 15" [_thread_blocked, id=27284, stack(0x0000006e4f300000,0x0000006e4f400000)]
  0x00000266d75ed5b0 JavaThread "Unconstrained build operations Thread 16" [_thread_blocked, id=27800, stack(0x0000006e4f400000,0x0000006e4f500000)]
  0x00000266d75ef410 JavaThread "Unconstrained build operations Thread 17" [_thread_blocked, id=30896, stack(0x0000006e4f500000,0x0000006e4f600000)]
  0x00000266c05d4330 JavaThread "Unconstrained build operations Thread 18" [_thread_blocked, id=31660, stack(0x0000006e4f600000,0x0000006e4f700000)]
  0x00000266c05d4840 JavaThread "Unconstrained build operations Thread 19" [_thread_blocked, id=30000, stack(0x0000006e4f700000,0x0000006e4f800000)]
  0x00000266c05d1fc0 JavaThread "Unconstrained build operations Thread 20" [_thread_blocked, id=27924, stack(0x0000006e4f800000,0x0000006e4f900000)]
  0x00000266c05d1090 JavaThread "Unconstrained build operations Thread 21" [_thread_blocked, id=18616, stack(0x0000006e4f900000,0x0000006e4fa00000)]
  0x00000266c05d5c80 JavaThread "Unconstrained build operations Thread 22" [_thread_blocked, id=26960, stack(0x0000006e4fa00000,0x0000006e4fb00000)]
  0x00000266c05d66a0 JavaThread "Unconstrained build operations Thread 23" [_thread_blocked, id=5020, stack(0x0000006e4fb00000,0x0000006e4fc00000)]
  0x00000266c05d7ff0 JavaThread "Unconstrained build operations Thread 24" [_thread_blocked, id=22092, stack(0x0000006e4fc00000,0x0000006e4fd00000)]
  0x00000266c05d4d50 JavaThread "Unconstrained build operations Thread 25" [_thread_blocked, id=24232, stack(0x0000006e4fd00000,0x0000006e4fe00000)]
  0x00000266c05d5260 JavaThread "Unconstrained build operations Thread 26" [_thread_blocked, id=12780, stack(0x0000006e4fe00000,0x0000006e4ff00000)]
  0x00000266c05d6bb0 JavaThread "build event listener" [_thread_blocked, id=13152, stack(0x0000006e50200000,0x0000006e50300000)]
  0x00000266c05d5770 JavaThread "Unconstrained build operations Thread 27" [_thread_blocked, id=32108, stack(0x0000006e50300000,0x0000006e50400000)]
  0x00000266c05d7ae0 JavaThread "Unconstrained build operations Thread 28" [_thread_blocked, id=25940, stack(0x0000006e50400000,0x0000006e50500000)]
  0x00000266bffa7eb0 JavaThread "Unconstrained build operations Thread 29" [_thread_blocked, id=23144, stack(0x0000006e50500000,0x0000006e50600000)]
  0x00000266bffaac40 JavaThread "Unconstrained build operations Thread 30" [_thread_blocked, id=32084, stack(0x0000006e50600000,0x0000006e50700000)]
  0x00000266bffa8de0 JavaThread "Unconstrained build operations Thread 31" [_thread_blocked, id=23136, stack(0x0000006e50700000,0x0000006e50800000)]
  0x00000266bffaa730 JavaThread "Unconstrained build operations Thread 32" [_thread_blocked, id=23516, stack(0x0000006e50800000,0x0000006e50900000)]
  0x00000266bffa92f0 JavaThread "Unconstrained build operations Thread 33" [_thread_blocked, id=3444, stack(0x0000006e50900000,0x0000006e50a00000)]
  0x00000266bffaa220 JavaThread "Unconstrained build operations Thread 34" [_thread_blocked, id=21848, stack(0x0000006e50a00000,0x0000006e50b00000)]
  0x00000266bffa9800 JavaThread "Unconstrained build operations Thread 35" [_thread_blocked, id=23072, stack(0x0000006e50b00000,0x0000006e50c00000)]
  0x00000266bffab150 JavaThread "Unconstrained build operations Thread 36" [_thread_blocked, id=28868, stack(0x0000006e50c00000,0x0000006e50d00000)]
  0x00000266bffa83c0 JavaThread "Unconstrained build operations Thread 37" [_thread_blocked, id=15088, stack(0x0000006e50d00000,0x0000006e50e00000)]
  0x00000266c3152cb0 JavaThread "build event listener" [_thread_blocked, id=19036, stack(0x0000006e50e00000,0x0000006e50f00000)]
  0x00000266c31531c0 JavaThread "Unconstrained build operations Thread 38" [_thread_blocked, id=5232, stack(0x0000006e50f00000,0x0000006e51000000)]
  0x00000266c31540f0 JavaThread "Unconstrained build operations Thread 39" [_thread_blocked, id=31556, stack(0x0000006e51000000,0x0000006e51100000)]
  0x00000266c31536d0 JavaThread "Unconstrained build operations Thread 40" [_thread_blocked, id=32688, stack(0x0000006e51100000,0x0000006e51200000)]
  0x00000266c3154600 JavaThread "Unconstrained build operations Thread 41" [_thread_blocked, id=12088, stack(0x0000006e51200000,0x0000006e51300000)]
  0x00000266d900c870 JavaThread "Unconstrained build operations Thread 42" [_thread_blocked, id=31708, stack(0x0000006e51300000,0x0000006e51400000)]
  0x00000266d900c360 JavaThread "Unconstrained build operations Thread 43" [_thread_blocked, id=21216, stack(0x0000006e51400000,0x0000006e51500000)]
  0x00000266d900d290 JavaThread "Unconstrained build operations Thread 44" [_thread_blocked, id=23924, stack(0x0000006e51500000,0x0000006e51600000)]
  0x00000266d900d7a0 JavaThread "Unconstrained build operations Thread 45" [_thread_blocked, id=22976, stack(0x0000006e51600000,0x0000006e51700000)]
  0x00000266d900cd80 JavaThread "Unconstrained build operations Thread 46" [_thread_blocked, id=30340, stack(0x0000006e51700000,0x0000006e51800000)]
  0x00000266d900ebe0 JavaThread "Unconstrained build operations Thread 47" [_thread_blocked, id=31636, stack(0x0000006e51800000,0x0000006e51900000)]
  0x00000266d900b940 JavaThread "Unconstrained build operations Thread 48" [_thread_blocked, id=25388, stack(0x0000006e51900000,0x0000006e51a00000)]
  0x00000266d900dcb0 JavaThread "Unconstrained build operations Thread 49" [_thread_blocked, id=10788, stack(0x0000006e51a00000,0x0000006e51b00000)]
  0x00000266d900e6d0 JavaThread "Unconstrained build operations Thread 50" [_thread_blocked, id=24692, stack(0x0000006e51b00000,0x0000006e51c00000)]
  0x00000266d900e1c0 JavaThread "Unconstrained build operations Thread 51" [_thread_blocked, id=7896, stack(0x0000006e51c00000,0x0000006e51d00000)]
  0x00000266d900b430 JavaThread "Unconstrained build operations Thread 52" [_thread_blocked, id=21220, stack(0x0000006e51d00000,0x0000006e51e00000)]
  0x00000266d900be50 JavaThread "Unconstrained build operations Thread 53" [_thread_blocked, id=8208, stack(0x0000006e52100000,0x0000006e52200000)]
  0x00000266d82b7250 JavaThread "included builds" [_thread_blocked, id=32096, stack(0x0000006e52200000,0x0000006e52300000)]
  0x00000266d82b6320 JavaThread "included builds Thread 2" [_thread_blocked, id=6832, stack(0x0000006e52300000,0x0000006e52400000)]
  0x00000266d7f95400 JavaThread "Execution worker" [_thread_blocked, id=32356, stack(0x0000006e52400000,0x0000006e52500000)]
  0x00000266d7f97770 JavaThread "Execution worker Thread 2" [_thread_blocked, id=20340, stack(0x0000006e52500000,0x0000006e52600000)]
  0x00000266bffa79a0 JavaThread "Execution worker Thread 3" [_thread_blocked, id=17740, stack(0x0000006e52600000,0x0000006e52700000)]
  0x00000266bfcb8c20 JavaThread "Execution worker Thread 4" [_thread_blocked, id=23360, stack(0x0000006e52700000,0x0000006e52800000)]
  0x00000266bfcba570 JavaThread "Execution worker Thread 5" [_thread_blocked, id=29888, stack(0x0000006e52800000,0x0000006e52900000)]
  0x00000266bfd4e2c0 JavaThread "Cache worker for execution history cache (D:\Projects\CAmpDeliver\node_modules\.pnpm\@react-native+gradle-plugin@0.81.5\node_modules\@react-native\gradle-plugin\.gradle\8.14.3\executionHistory)" [_thread_blocked, id=32140, stack(0x0000006e52900000,0x0000006e52a00000)]
  0x00000266bfcb77e0 JavaThread "Execution worker Thread 6" [_thread_blocked, id=22720, stack(0x0000006e52a00000,0x0000006e52b00000)]
  0x00000266bfcb7cf0 JavaThread "Execution worker Thread 7" [_thread_blocked, id=10640, stack(0x0000006e52b00000,0x0000006e52c00000)]
  0x00000266bfcb8710 JavaThread "Execution worker Thread 8" [_thread_blocked, id=23084, stack(0x0000006e52c00000,0x0000006e52d00000)]
  0x00000266bfcbaf90 JavaThread "Cache worker for execution history cache (D:\Projects\CAmpDeliver\node_modules\.pnpm\expo-modules-autolinking@3.0.26\node_modules\expo-modules-autolinking\android\expo-gradle-plugin\.gradle\8.14.3\executionHistory)" [_thread_blocked, id=29184, stack(0x0000006e52d00000,0x0000006e52e00000)]
  0x00000266d91cc550 JavaThread "Execution worker Thread 9" [_thread_blocked, id=27404, stack(0x0000006e52e00000,0x0000006e52f00000)]
  0x00000266d91cb110 JavaThread "Execution worker Thread 10" [_thread_blocked, id=32332, stack(0x0000006e52f00000,0x0000006e53000000)]
  0x00000266d91ccf70 JavaThread "Execution worker Thread 11" [_thread_blocked, id=29812, stack(0x0000006e53000000,0x0000006e53100000)]
  0x00000266d75ee4e0 JavaThread "Unconstrained build operations Thread 54" [_thread_blocked, id=32636, stack(0x0000006e53700000,0x0000006e53800000)]
  0x00000266d75f0850 JavaThread "Unconstrained build operations Thread 55" [_thread_blocked, id=9488, stack(0x0000006e53800000,0x0000006e53900000)]
  0x00000266d75f0d60 JavaThread "Unconstrained build operations Thread 56" [_thread_blocked, id=21764, stack(0x0000006e53c00000,0x0000006e53d00000)]
  0x00000266d75eef00 JavaThread "Unconstrained build operations Thread 57" [_thread_blocked, id=11932, stack(0x0000006e53e00000,0x0000006e53f00000)]
  0x00000266d08c5d20 JavaThread "Unconstrained build operations Thread 58" [_thread_blocked, id=24964, stack(0x0000006e53f00000,0x0000006e54000000)]
  0x00000266d08c7b80 JavaThread "Unconstrained build operations Thread 59" [_thread_blocked, id=22100, stack(0x0000006e54000000,0x0000006e54100000)]
  0x00000266d08c6230 JavaThread "Unconstrained build operations Thread 60" [_thread_blocked, id=28308, stack(0x0000006e54100000,0x0000006e54200000)]
  0x00000266d08c6740 JavaThread "Unconstrained build operations Thread 61" [_thread_blocked, id=26996, stack(0x0000006e54200000,0x0000006e54300000)]
  0x00000266d08c6c50 JavaThread "Unconstrained build operations Thread 62" [_thread_blocked, id=31216, stack(0x0000006e54300000,0x0000006e54400000)]
  0x00000266d08c7160 JavaThread "Unconstrained build operations Thread 63" [_thread_blocked, id=26884, stack(0x0000006e54400000,0x0000006e54500000)]
  0x00000266d0176a00 JavaThread "Unconstrained build operations Thread 64" [_thread_blocked, id=22640, stack(0x0000006e54500000,0x0000006e54600000)]
  0x00000266bfcb9130 JavaThread "Unconstrained build operations Thread 65" [_thread_blocked, id=18896, stack(0x0000006e54600000,0x0000006e54700000)]
  0x00000266c05d6190 JavaThread "Unconstrained build operations Thread 66" [_thread_blocked, id=31880, stack(0x0000006e54700000,0x0000006e54800000)]
  0x00000266d0175fe0 JavaThread "Unconstrained build operations Thread 67" [_thread_blocked, id=17212, stack(0x0000006e54800000,0x0000006e54900000)]
  0x00000266d82b7760 JavaThread "Unconstrained build operations Thread 68" [_thread_blocked, id=6780, stack(0x0000006e54900000,0x0000006e54a00000)]
  0x00000266c05d70c0 JavaThread "Unconstrained build operations Thread 69" [_thread_blocked, id=20108, stack(0x0000006e54a00000,0x0000006e54b00000)]
  0x00000266d82b6d40 JavaThread "Unconstrained build operations Thread 70" [_thread_blocked, id=24112, stack(0x0000006e54c00000,0x0000006e54d00000)]
  0x00000266c05d75d0 JavaThread "Unconstrained build operations Thread 71" [_thread_blocked, id=30096, stack(0x0000006e54d00000,0x0000006e54e00000)]
  0x00000266d82b6830 JavaThread "Unconstrained build operations Thread 72" [_thread_blocked, id=30196, stack(0x0000006e54e00000,0x0000006e54f00000)]
  0x00000266d110af30 JavaThread "Unconstrained build operations Thread 73" [_thread_blocked, id=32404, stack(0x0000006e54f00000,0x0000006e55000000)]
  0x00000266d82b5e10 JavaThread "Unconstrained build operations Thread 74" [_thread_blocked, id=1592, stack(0x0000006e55000000,0x0000006e55100000)]
  0x00000266d110a510 JavaThread "Unconstrained build operations Thread 75" [_thread_blocked, id=27292, stack(0x0000006e55100000,0x0000006e55200000)]
  0x00000266d110be60 JavaThread "Unconstrained build operations Thread 76" [_thread_blocked, id=30152, stack(0x0000006e55200000,0x0000006e55300000)]
  0x00000266d0173250 JavaThread "Unconstrained build operations Thread 77" [_thread_blocked, id=27636, stack(0x0000006e55300000,0x0000006e55400000)]
  0x00000266d11090d0 JavaThread "Unconstrained build operations Thread 78" [_thread_blocked, id=12084, stack(0x0000006e55400000,0x0000006e55500000)]
  0x00000266d01764f0 JavaThread "Unconstrained build operations Thread 79" [_thread_blocked, id=28944, stack(0x0000006e55500000,0x0000006e55600000)]
  0x00000266d110aa20 JavaThread "Unconstrained build operations Thread 80" [_thread_blocked, id=31784, stack(0x0000006e55600000,0x0000006e55700000)]
  0x00000266d0174690 JavaThread "Unconstrained build operations Thread 81" [_thread_blocked, id=7052, stack(0x0000006e55700000,0x0000006e55800000)]
  0x00000266d1109af0 JavaThread "Unconstrained build operations Thread 82" [_thread_blocked, id=27420, stack(0x0000006e55800000,0x0000006e55900000)]
  0x00000266d0174ba0 JavaThread "Unconstrained build operations Thread 83" [_thread_blocked, id=10784, stack(0x0000006e55900000,0x0000006e55a00000)]
  0x00000266d110cd90 JavaThread "Unconstrained build operations Thread 84" [_thread_blocked, id=29332, stack(0x0000006e55a00000,0x0000006e55b00000)]
  0x00000266d08c7670 JavaThread "Unconstrained build operations Thread 85" [_thread_blocked, id=8668, stack(0x0000006e55b00000,0x0000006e55c00000)]
  0x00000266d9ed3ad0 JavaThread "Unconstrained build operations Thread 86" [_thread_blocked, id=28796, stack(0x0000006e55e00000,0x0000006e55f00000)]
  0x00000266bfcb8200 JavaThread "Unconstrained build operations Thread 87" [_thread_blocked, id=26044, stack(0x0000006e55f00000,0x0000006e56000000)]
  0x00000266d91cbb30 JavaThread "Unconstrained build operations Thread 88" [_thread_blocked, id=30344, stack(0x0000006e56000000,0x0000006e56100000)]
  0x00000266d91cc040 JavaThread "Unconstrained build operations Thread 89" [_thread_blocked, id=25792, stack(0x0000006e56100000,0x0000006e56200000)]
  0x00000266d91cb620 JavaThread "Unconstrained build operations Thread 90" [_thread_blocked, id=27744, stack(0x0000006e56200000,0x0000006e56300000)]
  0x00000266d91cd480 JavaThread "Unconstrained build operations Thread 91" [_thread_blocked, id=28036, stack(0x0000006e56300000,0x0000006e56400000)]
  0x00000266d91cac00 JavaThread "Unconstrained build operations Thread 92" [_thread_blocked, id=28940, stack(0x0000006e56400000,0x0000006e56500000)]
  0x00000266d91cd990 JavaThread "Unconstrained build operations Thread 93" [_thread_blocked, id=27048, stack(0x0000006e56500000,0x0000006e56600000)]
  0x00000266d91cca60 JavaThread "Unconstrained build operations Thread 94" [_thread_blocked, id=29416, stack(0x0000006e56600000,0x0000006e56700000)]
  0x00000266d91ce3b0 JavaThread "Unconstrained build operations Thread 95" [_thread_blocked, id=6984, stack(0x0000006e56700000,0x0000006e56800000)]
  0x00000266d91cdea0 JavaThread "Unconstrained build operations Thread 96" [_thread_blocked, id=8100, stack(0x0000006e56a00000,0x0000006e56b00000)]
  0x00000266d87274a0 JavaThread "Unconstrained build operations Thread 97" [_thread_blocked, id=28244, stack(0x0000006e56b00000,0x0000006e56c00000)]
  0x00000266d8728df0 JavaThread "WorkerExecutor Queue" [_thread_blocked, id=10592, stack(0x0000006e56c00000,0x0000006e56d00000)]
  0x00000266d110b440 JavaThread "Unconstrained build operations Thread 98" [_thread_blocked, id=25488, stack(0x0000006e50000000,0x0000006e50100000)]
  0x00000266d11095e0 JavaThread "Unconstrained build operations Thread 99" [_thread_blocked, id=16924, stack(0x0000006e56d00000,0x0000006e56e00000)]
  0x00000266d110b950 JavaThread "Unconstrained build operations Thread 100" [_thread_blocked, id=30780, stack(0x0000006e56e00000,0x0000006e56f00000)]
  0x00000266d110d2a0 JavaThread "Unconstrained build operations Thread 101" [_thread_blocked, id=29780, stack(0x0000006e56f00000,0x0000006e57000000)]
  0x00000266d110a000 JavaThread "Unconstrained build operations Thread 102" [_thread_blocked, id=6844, stack(0x0000006e57000000,0x0000006e57100000)]
  0x00000266d110fb20 JavaThread "Unconstrained build operations Thread 103" [_thread_blocked, id=6676, stack(0x0000006e57100000,0x0000006e57200000)]
  0x00000266d110dcc0 JavaThread "Unconstrained build operations Thread 104" [_thread_blocked, id=14392, stack(0x0000006e57200000,0x0000006e57300000)]
  0x00000266d110f100 JavaThread "Unconstrained build operations Thread 105" [_thread_blocked, id=5360, stack(0x0000006e57300000,0x0000006e57400000)]
  0x00000266d110f610 JavaThread "Unconstrained build operations Thread 106" [_thread_blocked, id=29008, stack(0x0000006e57400000,0x0000006e57500000)]
  0x00000266d110d7b0 JavaThread "Unconstrained build operations Thread 107" [_thread_blocked, id=22448, stack(0x0000006e57500000,0x0000006e57600000)]
  0x00000266d110e1d0 JavaThread "Unconstrained build operations Thread 108" [_thread_blocked, id=28540, stack(0x0000006e57600000,0x0000006e57700000)]
  0x00000266d1110030 JavaThread "Unconstrained build operations Thread 109" [_thread_blocked, id=31600, stack(0x0000006e57700000,0x0000006e57800000)]
  0x00000266d1110540 JavaThread "Unconstrained build operations Thread 110" [_thread_blocked, id=28580, stack(0x0000006e57800000,0x0000006e57900000)]
  0x00000266d110e6e0 JavaThread "Unconstrained build operations Thread 111" [_thread_blocked, id=17164, stack(0x0000006e57900000,0x0000006e57a00000)]
  0x00000266d1110a50 JavaThread "Unconstrained build operations Thread 112" [_thread_blocked, id=25868, stack(0x0000006e57a00000,0x0000006e57b00000)]
  0x00000266d110ebf0 JavaThread "Unconstrained build operations Thread 113" [_thread_blocked, id=29204, stack(0x0000006e57b00000,0x0000006e57c00000)]
  0x00000266c2636810 JavaThread "Unconstrained build operations Thread 114" [_thread_blocked, id=32540, stack(0x0000006e57c00000,0x0000006e57d00000)]
  0x00000266c26358e0 JavaThread "Unconstrained build operations Thread 115" [_thread_blocked, id=30752, stack(0x0000006e57e00000,0x0000006e57f00000)]
  0x00000266c2637230 JavaThread "Unconstrained build operations Thread 116" [_thread_blocked, id=25076, stack(0x0000006e57f00000,0x0000006e58000000)]
  0x00000266c2637740 JavaThread "Unconstrained build operations Thread 117" [_thread_blocked, id=24732, stack(0x0000006e58000000,0x0000006e58100000)]
  0x00000266c2636300 JavaThread "Unconstrained build operations Thread 118" [_thread_blocked, id=2440, stack(0x0000006e58100000,0x0000006e58200000)]
  0x00000266c2636d20 JavaThread "Unconstrained build operations Thread 119" [_thread_blocked, id=16832, stack(0x0000006e58200000,0x0000006e58300000)]
  0x00000266d1f4d8e0 JavaThread "Cache worker for Build Output Cleanup Cache (D:\Projects\CAmpDeliver\node_modules\.pnpm\expo-dev-launcher@6.0.21_expo@54.0.35\node_modules\expo-dev-launcher\expo-dev-launcher-gradle-plugin\.gradle\buildOutputCleanup)" [_thread_blocked, id=27756, stack(0x0000006e53b00000,0x0000006e53c00000)]
  0x00000266d1f4ed20 JavaThread "Cache worker for Build Output Cleanup Cache (D:\Projects\CAmpDeliver\node_modules\.pnpm\expo-modules-core@3.0.30_re_32fd89fb2ecde8e748a91bbc077a5e71\node_modules\expo-modules-core\expo-module-gradle-plugin\.gradle\buildOutputCleanup)" [_thread_blocked, id=24188, stack(0x0000006e58300000,0x0000006e58400000)]
  0x00000266d96b2850 JavaThread "Unconstrained build operations Thread 120" [_thread_blocked, id=32472, stack(0x0000006e58500000,0x0000006e58600000)]
  0x00000266d96b3270 JavaThread "build event listener" [_thread_blocked, id=31072, stack(0x0000006e58600000,0x0000006e58700000)]
  0x00000266d96b2d60 JavaThread "build event listener" [_thread_blocked, id=30036, stack(0x0000006e58700000,0x0000006e58800000)]
  0x00000266e00e61d0 JavaThread "included builds Thread 3" [_thread_blocked, id=32204, stack(0x0000006e58900000,0x0000006e58a00000)]
  0x00000266d7f95910 JavaThread "Cache worker for execution history cache (D:\Projects\CAmpDeliver\node_modules\.pnpm\expo-dev-launcher@6.0.21_expo@54.0.35\node_modules\expo-dev-launcher\expo-dev-launcher-gradle-plugin\.gradle\8.14.3\executionHistory)" [_thread_blocked, id=22348, stack(0x0000006e58a00000,0x0000006e58b00000)]
  0x00000266e00e66e0 JavaThread "included builds Thread 4" [_thread_blocked, id=24736, stack(0x0000006e58b00000,0x0000006e58c00000)]
  0x00000266c2638160 JavaThread "Cache worker for execution history cache (D:\Projects\CAmpDeliver\node_modules\.pnpm\expo-modules-core@3.0.30_re_32fd89fb2ecde8e748a91bbc077a5e71\node_modules\expo-modules-core\expo-module-gradle-plugin\.gradle\8.14.3\executionHistory)" [_thread_blocked, id=31808, stack(0x0000006e58c00000,0x0000006e58d00000)]
  0x00000266d8729810 JavaThread "WorkerExecutor Queue Thread 2" [_thread_blocked, id=25744, stack(0x0000006e58d00000,0x0000006e58e00000)]
  0x00000266d15a3860 JavaThread "WorkerExecutor Queue Thread 3" [_thread_blocked, id=19864, stack(0x0000006e58e00000,0x0000006e58f00000)]
  0x00000266bfd50120 JavaThread "WorkerExecutor Queue Thread 4" [_thread_blocked, id=8432, stack(0x0000006e58f00000,0x0000006e59000000)]
  0x00000266bfd4ece0 JavaThread "RMI TCP Connection(16)-127.0.0.1" daemon [_thread_in_native, id=11984, stack(0x0000006e59100000,0x0000006e59200000)]
  0x00000266bfd50b40 JavaThread "RMI TCP Connection(17)-127.0.0.1" daemon [_thread_in_native, id=4756, stack(0x0000006e59200000,0x0000006e59300000)]
  0x00000266d2b2b400 JavaThread "Problems report writer" [_thread_blocked, id=23652, stack(0x0000006e59300000,0x0000006e59400000)]
  0x00000266d15a56c0 JavaThread "build event listener" [_thread_blocked, id=24568, stack(0x0000006e4e600000,0x0000006e4e700000)]
  0x00000266d1075bb0 JavaThread "C2 CompilerThread1" daemon [_thread_blocked, id=21548, stack(0x0000006e52000000,0x0000006e52100000)]

Other Threads:
=>0x00000266fedd0040 VMThread "VM Thread" [stack: 0x0000006e49f00000,0x0000006e4a000000] [id=14788]
  0x00000266fd2adf60 WatcherThread [stack: 0x0000006e4ac00000,0x0000006e4ad00000] [id=2092]
  0x00000266fd30d5b0 GCTaskThread "GC Thread#0" [stack: 0x0000006e49a00000,0x0000006e49b00000] [id=23896]
  0x00000266bc180490 GCTaskThread "GC Thread#1" [stack: 0x0000006e4ae00000,0x0000006e4af00000] [id=14088]
  0x00000266bc310f90 GCTaskThread "GC Thread#2" [stack: 0x0000006e4af00000,0x0000006e4b000000] [id=13788]
  0x00000266bc653920 GCTaskThread "GC Thread#3" [stack: 0x0000006e4b000000,0x0000006e4b100000] [id=27268]
  0x00000266bc6410c0 GCTaskThread "GC Thread#4" [stack: 0x0000006e4b100000,0x0000006e4b200000] [id=5560]
  0x00000266c0566160 GCTaskThread "GC Thread#5" [stack: 0x0000006e4c000000,0x0000006e4c100000] [id=9336]
  0x00000266bf2a6ec0 GCTaskThread "GC Thread#6" [stack: 0x0000006e4c100000,0x0000006e4c200000] [id=26940]
  0x00000266c0967710 GCTaskThread "GC Thread#7" [stack: 0x0000006e4c200000,0x0000006e4c300000] [id=22188]
  0x00000266bfcfaad0 GCTaskThread "GC Thread#8" [stack: 0x0000006e4c300000,0x0000006e4c400000] [id=25648]
  0x00000266bfcfa810 GCTaskThread "GC Thread#9" [stack: 0x0000006e4c400000,0x0000006e4c500000] [id=25512]
  0x00000266fd31f1d0 ConcurrentGCThread "G1 Main Marker" [stack: 0x0000006e49b00000,0x0000006e49c00000] [id=32504]
  0x00000266fd320390 ConcurrentGCThread "G1 Conc#0" [stack: 0x0000006e49c00000,0x0000006e49d00000] [id=27792]
  0x00000266bfcfad90 ConcurrentGCThread "G1 Conc#1" [stack: 0x0000006e4c500000,0x0000006e4c600000] [id=30104]
  0x00000266bfcfb050 ConcurrentGCThread "G1 Conc#2" [stack: 0x0000006e4c600000,0x0000006e4c700000] [id=27588]
  0x00000266fd35e380 ConcurrentGCThread "G1 Refine#0" [stack: 0x0000006e49d00000,0x0000006e49e00000] [id=8352]
  0x00000266bf555180 ConcurrentGCThread "G1 Refine#1" [stack: 0x0000006e4d600000,0x0000006e4d700000] [id=11852]
  0x00000266c0132060 ConcurrentGCThread "G1 Refine#2" [stack: 0x0000006e4d000000,0x0000006e4d100000] [id=26488]
  0x00000266c0dc4b80 ConcurrentGCThread "G1 Refine#3" [stack: 0x0000006e4e100000,0x0000006e4e200000] [id=17572]
  0x00000266bf554460 ConcurrentGCThread "G1 Refine#4" [stack: 0x0000006e4e200000,0x0000006e4e300000] [id=20408]
  0x00000266c269bd10 ConcurrentGCThread "G1 Refine#5" [stack: 0x0000006e4e300000,0x0000006e4e400000] [id=30836]
  0x00000266c04aa000 ConcurrentGCThread "G1 Refine#6" [stack: 0x0000006e4e400000,0x0000006e4e500000] [id=28996]
  0x00000266c04ab5f0 ConcurrentGCThread "G1 Refine#7" [stack: 0x0000006e4e500000,0x0000006e4e600000] [id=30572]
  0x00000266fd35ec50 ConcurrentGCThread "G1 Service" [stack: 0x0000006e49e00000,0x0000006e49f00000] [id=9812]

Threads with active compile tasks:
C1 CompilerThread0  601488 47424       1       com.android.build.gradle.internal.api.DefaultAndroidSourceSet::getAnnotationProcessorConfigurationName (5 bytes)
C2 CompilerThread1  601488 47420       4       it.unimi.dsi.fastutil.objects.Object2IntOpenHashMap::put (43 bytes)

VM state: at safepoint (normal execution)

VM Mutex/Monitor currently owned by a thread:  ([mutex/lock_event])
[0x00000266fb05e510] Threads_lock - owner thread: 0x00000266fedd0040
[0x00000266fd2abc30] Heap_lock - owner thread: 0x00000266fedfe5d0

Heap address: 0x0000000080000000, size: 2048 MB, Compressed Oops mode: 32-bit

CDS archive(s) mapped at: [0x000002669d000000-0x000002669dbb0000-0x000002669dbb0000), size 12255232, SharedBaseAddress: 0x000002669d000000, ArchiveRelocationMode: 1.
Compressed class space mapped at: 0x000002669e000000-0x00000266b8000000, reserved size: 436207616
Narrow klass base: 0x000002669d000000, Narrow klass shift: 0, Narrow klass range: 0x100000000

GC Precious Log:
 CPUs: 12 total, 12 available
 Memory: 15710M
 Large Page Support: Disabled
 NUMA Support: Disabled
 Compressed Oops: Enabled (32-bit)
 Heap Region Size: 1M
 Heap Min Capacity: 8M
 Heap Initial Capacity: 246M
 Heap Max Capacity: 2G
 Pre-touch: Disabled
 Parallel Workers: 10
 Concurrent Workers: 3
 Concurrent Refinement Workers: 10
 Periodic GC: Disabled

Heap:
 garbage-first heap   total 978944K, used 408173K [0x0000000080000000, 0x0000000100000000)
  region size 1024K, 43 young (44032K), 43 survivors (44032K)
 Metaspace       used 259247K, committed 262848K, reserved 688128K
  class space    used 33369K, committed 35008K, reserved 425984K

Heap Regions: E=young(eden), S=young(survivor), O=old, HS=humongous(starts), HC=humongous(continues), CS=collection set, F=free, OA=open archive, CA=closed archive, TAMS=top-at-mark-start (previous, next)
|   0|0x0000000080000000, 0x0000000080100000, 0x0000000080100000|100%|HS|  |TAMS 0x0000000080100000, 0x0000000080000000| Complete 
|   1|0x0000000080100000, 0x0000000080200000, 0x0000000080200000|100%|HC|  |TAMS 0x0000000080200000, 0x0000000080100000| Complete 
|   2|0x0000000080200000, 0x0000000080300000, 0x0000000080300000|100%|HC|  |TAMS 0x0000000080300000, 0x0000000080200000| Complete 
|   3|0x0000000080300000, 0x0000000080400000, 0x0000000080400000|100%| O|  |TAMS 0x0000000080400000, 0x0000000080300000| Untracked 
|   4|0x0000000080400000, 0x0000000080500000, 0x0000000080500000|100%| O|  |TAMS 0x0000000080500000, 0x0000000080400000| Untracked 
|   5|0x0000000080500000, 0x0000000080600000, 0x0000000080600000|100%| O|  |TAMS 0x0000000080600000, 0x0000000080500000| Untracked 
|   6|0x0000000080600000, 0x0000000080700000, 0x0000000080700000|100%|HS|  |TAMS 0x0000000080700000, 0x0000000080600000| Complete 
|   7|0x0000000080700000, 0x0000000080800000, 0x0000000080800000|100%| O|  |TAMS 0x0000000080800000, 0x0000000080700000| Untracked 
|   8|0x0000000080800000, 0x0000000080900000, 0x0000000080900000|100%| O|  |TAMS 0x0000000080900000, 0x0000000080800000| Untracked 
|   9|0x0000000080900000, 0x0000000080a00000, 0x0000000080a00000|100%| O|  |TAMS 0x0000000080a00000, 0x0000000080900000| Untracked 
|  10|0x0000000080a00000, 0x0000000080b00000, 0x0000000080b00000|100%| O|  |TAMS 0x0000000080b00000, 0x0000000080a00000| Untracked 
|  11|0x0000000080b00000, 0x0000000080c00000, 0x0000000080c00000|100%| O|  |TAMS 0x0000000080c00000, 0x0000000080b00000| Untracked 
|  12|0x0000000080c00000, 0x0000000080d00000, 0x0000000080d00000|100%| O|  |TAMS 0x0000000080d00000, 0x0000000080c00000| Untracked 
|  13|0x0000000080d00000, 0x0000000080e00000, 0x0000000080e00000|100%| O|  |TAMS 0x0000000080e00000, 0x0000000080d00000| Untracked 
|  14|0x0000000080e00000, 0x0000000080f00000, 0x0000000080f00000|100%| O|  |TAMS 0x0000000080f00000, 0x0000000080e00000| Untracked 
|  15|0x0000000080f00000, 0x0000000081000000, 0x0000000081000000|100%| O|  |TAMS 0x0000000081000000, 0x0000000080f00000| Untracked 
|  16|0x0000000081000000, 0x0000000081100000, 0x0000000081100000|100%| O|  |TAMS 0x0000000081100000, 0x0000000081000000| Untracked 
|  17|0x0000000081100000, 0x0000000081200000, 0x0000000081200000|100%| O|  |TAMS 0x0000000081200000, 0x0000000081100000| Untracked 
|  18|0x0000000081200000, 0x0000000081300000, 0x0000000081300000|100%| O|  |TAMS 0x0000000081300000, 0x0000000081200000| Untracked 
|  19|0x0000000081300000, 0x0000000081400000, 0x0000000081400000|100%| O|  |TAMS 0x0000000081400000, 0x0000000081300000| Untracked 
|  20|0x0000000081400000, 0x0000000081500000, 0x0000000081500000|100%| O|  |TAMS 0x0000000081500000, 0x0000000081400000| Untracked 
|  21|0x0000000081500000, 0x0000000081600000, 0x0000000081600000|100%| O|  |TAMS 0x0000000081600000, 0x0000000081500000| Untracked 
|  22|0x0000000081600000, 0x0000000081700000, 0x0000000081700000|100%| O|  |TAMS 0x0000000081700000, 0x0000000081600000| Untracked 
|  23|0x0000000081700000, 0x0000000081800000, 0x0000000081800000|100%| O|  |TAMS 0x0000000081800000, 0x0000000081700000| Untracked 
|  24|0x0000000081800000, 0x0000000081900000, 0x0000000081900000|100%| O|  |TAMS 0x0000000081900000, 0x0000000081800000| Untracked 
|  25|0x0000000081900000, 0x0000000081a00000, 0x0000000081a00000|100%| O|  |TAMS 0x0000000081a00000, 0x0000000081900000| Untracked 
|  26|0x0000000081a00000, 0x0000000081b00000, 0x0000000081b00000|100%| O|  |TAMS 0x0000000081b00000, 0x0000000081a00000| Untracked 
|  27|0x0000000081b00000, 0x0000000081c00000, 0x0000000081c00000|100%| O|  |TAMS 0x0000000081c00000, 0x0000000081b00000| Untracked 
|  28|0x0000000081c00000, 0x0000000081d00000, 0x0000000081d00000|100%| O|  |TAMS 0x0000000081d00000, 0x0000000081c00000| Untracked 
|  29|0x0000000081d00000, 0x0000000081e00000, 0x0000000081e00000|100%| O|  |TAMS 0x0000000081e00000, 0x0000000081d00000| Untracked 
|  30|0x0000000081e00000, 0x0000000081f00000, 0x0000000081f00000|100%| O|  |TAMS 0x0000000081f00000, 0x0000000081e00000| Untracked 
|  31|0x0000000081f00000, 0x0000000082000000, 0x0000000082000000|100%| O|  |TAMS 0x0000000082000000, 0x0000000081f00000| Untracked 
|  32|0x0000000082000000, 0x0000000082100000, 0x0000000082100000|100%| O|  |TAMS 0x0000000082100000, 0x0000000082000000| Untracked 
|  33|0x0000000082100000, 0x0000000082200000, 0x0000000082200000|100%| O|  |TAMS 0x0000000082200000, 0x0000000082100000| Untracked 
|  34|0x0000000082200000, 0x0000000082300000, 0x0000000082300000|100%| O|  |TAMS 0x0000000082300000, 0x0000000082200000| Untracked 
|  35|0x0000000082300000, 0x0000000082400000, 0x0000000082400000|100%| O|  |TAMS 0x0000000082400000, 0x0000000082300000| Untracked 
|  36|0x0000000082400000, 0x0000000082500000, 0x0000000082500000|100%| O|  |TAMS 0x0000000082500000, 0x0000000082400000| Untracked 
|  37|0x0000000082500000, 0x0000000082600000, 0x0000000082600000|100%| O|  |TAMS 0x0000000082600000, 0x0000000082500000| Untracked 
|  38|0x0000000082600000, 0x0000000082700000, 0x0000000082700000|100%| O|  |TAMS 0x0000000082700000, 0x0000000082600000| Untracked 
|  39|0x0000000082700000, 0x0000000082800000, 0x0000000082800000|100%| O|  |TAMS 0x0000000082700000, 0x0000000082700000| Untracked 
|  40|0x0000000082800000, 0x0000000082900000, 0x0000000082900000|100%|HS|  |TAMS 0x0000000082900000, 0x0000000082800000| Complete 
|  41|0x0000000082900000, 0x0000000082a00000, 0x0000000082a00000|100%| O|  |TAMS 0x0000000082a00000, 0x0000000082900000| Untracked 
|  42|0x0000000082a00000, 0x0000000082b00000, 0x0000000082b00000|100%| O|  |TAMS 0x0000000082b00000, 0x0000000082a00000| Untracked 
|  43|0x0000000082b00000, 0x0000000082c00000, 0x0000000082c00000|100%| O|  |TAMS 0x0000000082c00000, 0x0000000082b00000| Untracked 
|  44|0x0000000082c00000, 0x0000000082d00000, 0x0000000082d00000|100%| O|  |TAMS 0x0000000082d00000, 0x0000000082c00000| Untracked 
|  45|0x0000000082d00000, 0x0000000082e00000, 0x0000000082e00000|100%| O|  |TAMS 0x0000000082e00000, 0x0000000082d00000| Untracked 
|  46|0x0000000082e00000, 0x0000000082f00000, 0x0000000082f00000|100%| O|  |TAMS 0x0000000082f00000, 0x0000000082e00000| Untracked 
|  47|0x0000000082f00000, 0x0000000083000000, 0x0000000083000000|100%| O|  |TAMS 0x0000000083000000, 0x0000000082f00000| Untracked 
|  48|0x0000000083000000, 0x0000000083100000, 0x0000000083100000|100%| O|  |TAMS 0x0000000083100000, 0x0000000083000000| Untracked 
|  49|0x0000000083100000, 0x0000000083200000, 0x0000000083200000|100%| O|  |TAMS 0x0000000083200000, 0x0000000083100000| Untracked 
|  50|0x0000000083200000, 0x0000000083300000, 0x0000000083300000|100%| O|  |TAMS 0x0000000083300000, 0x0000000083200000| Untracked 
|  51|0x0000000083300000, 0x0000000083400000, 0x0000000083400000|100%| O|  |TAMS 0x0000000083400000, 0x0000000083300000| Untracked 
|  52|0x0000000083400000, 0x0000000083500000, 0x0000000083500000|100%| O|  |TAMS 0x0000000083500000, 0x0000000083400000| Untracked 
|  53|0x0000000083500000, 0x0000000083600000, 0x0000000083600000|100%| O|  |TAMS 0x0000000083600000, 0x0000000083500000| Untracked 
|  54|0x0000000083600000, 0x0000000083700000, 0x0000000083700000|100%| O|  |TAMS 0x0000000083700000, 0x0000000083600000| Untracked 
|  55|0x0000000083700000, 0x0000000083800000, 0x0000000083800000|100%| O|  |TAMS 0x0000000083800000, 0x0000000083700000| Untracked 
|  56|0x0000000083800000, 0x0000000083900000, 0x0000000083900000|100%| O|  |TAMS 0x0000000083900000, 0x0000000083800000| Untracked 
|  57|0x0000000083900000, 0x0000000083a00000, 0x0000000083a00000|100%| O|  |TAMS 0x0000000083a00000, 0x0000000083900000| Untracked 
|  58|0x0000000083a00000, 0x0000000083b00000, 0x0000000083b00000|100%| O|  |TAMS 0x0000000083b00000, 0x0000000083a00000| Untracked 
|  59|0x0000000083b00000, 0x0000000083c00000, 0x0000000083c00000|100%| O|  |TAMS 0x0000000083c00000, 0x0000000083b00000| Untracked 
|  60|0x0000000083c00000, 0x0000000083d00000, 0x0000000083d00000|100%| O|  |TAMS 0x0000000083d00000, 0x0000000083c00000| Untracked 
|  61|0x0000000083d00000, 0x0000000083e00000, 0x0000000083e00000|100%| O|  |TAMS 0x0000000083e00000, 0x0000000083d00000| Untracked 
|  62|0x0000000083e00000, 0x0000000083f00000, 0x0000000083f00000|100%| O|  |TAMS 0x0000000083f00000, 0x0000000083e00000| Untracked 
|  63|0x0000000083f00000, 0x0000000084000000, 0x0000000084000000|100%| O|  |TAMS 0x0000000084000000, 0x0000000083f00000| Untracked 
|  64|0x0000000084000000, 0x0000000084100000, 0x0000000084100000|100%| O|  |TAMS 0x0000000084100000, 0x0000000084000000| Untracked 
|  65|0x0000000084100000, 0x0000000084200000, 0x0000000084200000|100%| O|  |TAMS 0x0000000084200000, 0x0000000084100000| Untracked 
|  66|0x0000000084200000, 0x0000000084300000, 0x0000000084300000|100%| O|  |TAMS 0x0000000084300000, 0x0000000084200000| Untracked 
|  67|0x0000000084300000, 0x0000000084400000, 0x0000000084400000|100%| O|  |TAMS 0x0000000084400000, 0x0000000084300000| Untracked 
|  68|0x0000000084400000, 0x0000000084500000, 0x0000000084500000|100%| O|  |TAMS 0x0000000084500000, 0x0000000084400000| Untracked 
|  69|0x0000000084500000, 0x0000000084600000, 0x0000000084600000|100%| O|  |TAMS 0x0000000084600000, 0x0000000084500000| Untracked 
|  70|0x0000000084600000, 0x0000000084700000, 0x0000000084700000|100%| O|  |TAMS 0x0000000084700000, 0x0000000084600000| Untracked 
|  71|0x0000000084700000, 0x0000000084800000, 0x0000000084800000|100%| O|  |TAMS 0x0000000084800000, 0x0000000084700000| Untracked 
|  72|0x0000000084800000, 0x0000000084900000, 0x0000000084900000|100%| O|  |TAMS 0x0000000084900000, 0x0000000084800000| Untracked 
|  73|0x0000000084900000, 0x0000000084900000, 0x0000000084a00000|  0%| F|  |TAMS 0x0000000084900000, 0x0000000084900000| Untracked 
|  74|0x0000000084a00000, 0x0000000084b00000, 0x0000000084b00000|100%| O|  |TAMS 0x0000000084a00000, 0x0000000084a00000| Untracked 
|  75|0x0000000084b00000, 0x0000000084b00000, 0x0000000084c00000|  0%| F|  |TAMS 0x0000000084b00000, 0x0000000084b00000| Untracked 
|  76|0x0000000084c00000, 0x0000000084d00000, 0x0000000084d00000|100%| O|  |TAMS 0x0000000084c00000, 0x0000000084c00000| Untracked 
|  77|0x0000000084d00000, 0x0000000084e00000, 0x0000000084e00000|100%|HS|  |TAMS 0x0000000084e00000, 0x0000000084d00000| Complete 
|  78|0x0000000084e00000, 0x0000000084f00000, 0x0000000084f00000|100%| O|  |TAMS 0x0000000084f00000, 0x0000000084e00000| Untracked 
|  79|0x0000000084f00000, 0x0000000085000000, 0x0000000085000000|100%| O|  |TAMS 0x0000000085000000, 0x0000000084f00000| Untracked 
|  80|0x0000000085000000, 0x0000000085100000, 0x0000000085100000|100%| O|  |TAMS 0x0000000085100000, 0x0000000085000000| Untracked 
|  81|0x0000000085100000, 0x0000000085200000, 0x0000000085200000|100%| O|  |TAMS 0x0000000085200000, 0x0000000085100000| Untracked 
|  82|0x0000000085200000, 0x0000000085200000, 0x0000000085300000|  0%| F|  |TAMS 0x0000000085200000, 0x0000000085200000| Untracked 
|  83|0x0000000085300000, 0x0000000085400000, 0x0000000085400000|100%| O|  |TAMS 0x0000000085400000, 0x0000000085300000| Untracked 
|  84|0x0000000085400000, 0x0000000085500000, 0x0000000085500000|100%| O|  |TAMS 0x0000000085500000, 0x0000000085400000| Untracked 
|  85|0x0000000085500000, 0x0000000085600000, 0x0000000085600000|100%| O|  |TAMS 0x0000000085600000, 0x0000000085500000| Untracked 
|  86|0x0000000085600000, 0x0000000085700000, 0x0000000085700000|100%| O|  |TAMS 0x0000000085700000, 0x0000000085600000| Untracked 
|  87|0x0000000085700000, 0x0000000085700000, 0x0000000085800000|  0%| F|  |TAMS 0x0000000085700000, 0x0000000085700000| Untracked 
|  88|0x0000000085800000, 0x0000000085900000, 0x0000000085900000|100%| O|  |TAMS 0x0000000085900000, 0x0000000085800000| Untracked 
|  89|0x0000000085900000, 0x0000000085a00000, 0x0000000085a00000|100%| O|  |TAMS 0x0000000085a00000, 0x0000000085900000| Untracked 
|  90|0x0000000085a00000, 0x0000000085b00000, 0x0000000085b00000|100%|HS|  |TAMS 0x0000000085b00000, 0x0000000085a00000| Complete 
|  91|0x0000000085b00000, 0x0000000085c00000, 0x0000000085c00000|100%| O|  |TAMS 0x0000000085b00000, 0x0000000085b00000| Untracked 
|  92|0x0000000085c00000, 0x0000000085d00000, 0x0000000085d00000|100%| O|  |TAMS 0x0000000085d00000, 0x0000000085c00000| Untracked 
|  93|0x0000000085d00000, 0x0000000085e00000, 0x0000000085e00000|100%| O|  |TAMS 0x0000000085e00000, 0x0000000085d00000| Untracked 
|  94|0x0000000085e00000, 0x0000000085f00000, 0x0000000085f00000|100%| O|  |TAMS 0x0000000085e00000, 0x0000000085e00000| Untracked 
|  95|0x0000000085f00000, 0x0000000086000000, 0x0000000086000000|100%| O|  |TAMS 0x0000000086000000, 0x0000000085f00000| Untracked 
|  96|0x0000000086000000, 0x0000000086100000, 0x0000000086100000|100%| O|  |TAMS 0x0000000086100000, 0x0000000086000000| Untracked 
|  97|0x0000000086100000, 0x0000000086200000, 0x0000000086200000|100%| O|  |TAMS 0x0000000086200000, 0x0000000086100000| Untracked 
|  98|0x0000000086200000, 0x0000000086300000, 0x0000000086300000|100%| O|  |TAMS 0x0000000086300000, 0x0000000086200000| Untracked 
|  99|0x0000000086300000, 0x0000000086400000, 0x0000000086400000|100%| O|  |TAMS 0x0000000086400000, 0x0000000086300000| Untracked 
| 100|0x0000000086400000, 0x0000000086500000, 0x0000000086500000|100%| O|  |TAMS 0x0000000086500000, 0x0000000086400000| Untracked 
| 101|0x0000000086500000, 0x0000000086600000, 0x0000000086600000|100%| O|  |TAMS 0x0000000086600000, 0x0000000086500000| Untracked 
| 102|0x0000000086600000, 0x0000000086700000, 0x0000000086700000|100%| O|  |TAMS 0x0000000086700000, 0x0000000086600000| Untracked 
| 103|0x0000000086700000, 0x0000000086800000, 0x0000000086800000|100%| O|  |TAMS 0x0000000086800000, 0x0000000086700000| Untracked 
| 104|0x0000000086800000, 0x0000000086900000, 0x0000000086900000|100%| O|  |TAMS 0x0000000086900000, 0x0000000086800000| Untracked 
| 105|0x0000000086900000, 0x0000000086a00000, 0x0000000086a00000|100%| O|  |TAMS 0x0000000086a00000, 0x0000000086900000| Untracked 
| 106|0x0000000086a00000, 0x0000000086b00000, 0x0000000086b00000|100%| O|  |TAMS 0x0000000086b00000, 0x0000000086a00000| Untracked 
| 107|0x0000000086b00000, 0x0000000086c00000, 0x0000000086c00000|100%|HS|  |TAMS 0x0000000086c00000, 0x0000000086b00000| Complete 
| 108|0x0000000086c00000, 0x0000000086d00000, 0x0000000086d00000|100%|HC|  |TAMS 0x0000000086d00000, 0x0000000086c00000| Complete 
| 109|0x0000000086d00000, 0x0000000086e00000, 0x0000000086e00000|100%|HC|  |TAMS 0x0000000086e00000, 0x0000000086d00000| Complete 
| 110|0x0000000086e00000, 0x0000000086f00000, 0x0000000086f00000|100%| O|  |TAMS 0x0000000086f00000, 0x0000000086e00000| Untracked 
| 111|0x0000000086f00000, 0x0000000086fffff8, 0x0000000087000000| 99%| O|  |TAMS 0x0000000086fffff8, 0x0000000086f00000| Untracked 
| 112|0x0000000087000000, 0x0000000087100000, 0x0000000087100000|100%| O|  |TAMS 0x0000000087100000, 0x0000000087000000| Untracked 
| 113|0x0000000087100000, 0x0000000087200000, 0x0000000087200000|100%| O|  |TAMS 0x0000000087200000, 0x0000000087100000| Untracked 
| 114|0x0000000087200000, 0x0000000087300000, 0x0000000087300000|100%| O|  |TAMS 0x0000000087200000, 0x0000000087200000| Untracked 
| 115|0x0000000087300000, 0x0000000087400000, 0x0000000087400000|100%| O|  |TAMS 0x0000000087400000, 0x0000000087300000| Untracked 
| 116|0x0000000087400000, 0x0000000087500000, 0x0000000087500000|100%|HS|  |TAMS 0x0000000087500000, 0x0000000087400000| Complete 
| 117|0x0000000087500000, 0x0000000087600000, 0x0000000087600000|100%|HC|  |TAMS 0x0000000087600000, 0x0000000087500000| Complete 
| 118|0x0000000087600000, 0x0000000087700000, 0x0000000087700000|100%|HC|  |TAMS 0x0000000087700000, 0x0000000087600000| Complete 
| 119|0x0000000087700000, 0x0000000087800000, 0x0000000087800000|100%| O|  |TAMS 0x0000000087800000, 0x0000000087700000| Untracked 
| 120|0x0000000087800000, 0x0000000087900000, 0x0000000087900000|100%| O|  |TAMS 0x0000000087900000, 0x0000000087800000| Untracked 
| 121|0x0000000087900000, 0x0000000087a00000, 0x0000000087a00000|100%| O|  |TAMS 0x0000000087900000, 0x0000000087900000| Untracked 
| 122|0x0000000087a00000, 0x0000000087b00000, 0x0000000087b00000|100%| O|  |TAMS 0x0000000087a00000, 0x0000000087a00000| Untracked 
| 123|0x0000000087b00000, 0x0000000087c00000, 0x0000000087c00000|100%| O|  |TAMS 0x0000000087b00000, 0x0000000087b00000| Untracked 
| 124|0x0000000087c00000, 0x0000000087d00000, 0x0000000087d00000|100%| O|  |TAMS 0x0000000087c00000, 0x0000000087c00000| Untracked 
| 125|0x0000000087d00000, 0x0000000087e00000, 0x0000000087e00000|100%| O|  |TAMS 0x0000000087e00000, 0x0000000087d00000| Untracked 
| 126|0x0000000087e00000, 0x0000000087f00000, 0x0000000087f00000|100%| O|  |TAMS 0x0000000087f00000, 0x0000000087e00000| Untracked 
| 127|0x0000000087f00000, 0x0000000088000000, 0x0000000088000000|100%| O|  |TAMS 0x0000000088000000, 0x0000000087f00000| Untracked 
| 128|0x0000000088000000, 0x0000000088100000, 0x0000000088100000|100%| O|  |TAMS 0x0000000088100000, 0x0000000088000000| Untracked 
| 129|0x0000000088100000, 0x0000000088200000, 0x0000000088200000|100%| O|  |TAMS 0x0000000088100000, 0x0000000088100000| Untracked 
| 130|0x0000000088200000, 0x0000000088300000, 0x0000000088300000|100%| O|  |TAMS 0x0000000088300000, 0x0000000088200000| Untracked 
| 131|0x0000000088300000, 0x0000000088400000, 0x0000000088400000|100%|HS|  |TAMS 0x0000000088400000, 0x0000000088300000| Complete 
| 132|0x0000000088400000, 0x0000000088500000, 0x0000000088500000|100%| O|  |TAMS 0x0000000088500000, 0x0000000088400000| Untracked 
| 133|0x0000000088500000, 0x0000000088600000, 0x0000000088600000|100%| O|  |TAMS 0x0000000088500000, 0x0000000088500000| Untracked 
| 134|0x0000000088600000, 0x0000000088700000, 0x0000000088700000|100%| O|  |TAMS 0x0000000088700000, 0x0000000088600000| Untracked 
| 135|0x0000000088700000, 0x0000000088800000, 0x0000000088800000|100%| O|  |TAMS 0x0000000088800000, 0x0000000088700000| Untracked 
| 136|0x0000000088800000, 0x0000000088900000, 0x0000000088900000|100%| O|  |TAMS 0x0000000088900000, 0x0000000088800000| Untracked 
| 137|0x0000000088900000, 0x0000000088a00000, 0x0000000088a00000|100%| O|  |TAMS 0x0000000088a00000, 0x0000000088900000| Untracked 
| 138|0x0000000088a00000, 0x0000000088b00000, 0x0000000088b00000|100%| O|  |TAMS 0x0000000088a00000, 0x0000000088a00000| Untracked 
| 139|0x0000000088b00000, 0x0000000088c00000, 0x0000000088c00000|100%| O|  |TAMS 0x0000000088b00000, 0x0000000088b00000| Untracked 
| 140|0x0000000088c00000, 0x0000000088d00000, 0x0000000088d00000|100%| O|  |TAMS 0x0000000088d00000, 0x0000000088c00000| Untracked 
| 141|0x0000000088d00000, 0x0000000088d00000, 0x0000000088e00000|  0%| F|  |TAMS 0x0000000088d00000, 0x0000000088d00000| Untracked 
| 142|0x0000000088e00000, 0x0000000088f00000, 0x0000000088f00000|100%| O|  |TAMS 0x0000000088e00000, 0x0000000088e00000| Untracked 
| 143|0x0000000088f00000, 0x0000000089000000, 0x0000000089000000|100%| O|  |TAMS 0x0000000089000000, 0x0000000088f00000| Untracked 
| 144|0x0000000089000000, 0x0000000089100000, 0x0000000089100000|100%| O|  |TAMS 0x0000000089100000, 0x0000000089000000| Untracked 
| 145|0x0000000089100000, 0x0000000089200000, 0x0000000089200000|100%|HS|  |TAMS 0x0000000089200000, 0x0000000089100000| Complete 
| 146|0x0000000089200000, 0x0000000089300000, 0x0000000089300000|100%|HS|  |TAMS 0x0000000089300000, 0x0000000089200000| Complete 
| 147|0x0000000089300000, 0x0000000089400000, 0x0000000089400000|100%|HS|  |TAMS 0x0000000089400000, 0x0000000089300000| Complete 
| 148|0x0000000089400000, 0x0000000089500000, 0x0000000089500000|100%|HS|  |TAMS 0x0000000089500000, 0x0000000089400000| Complete 
| 149|0x0000000089500000, 0x0000000089600000, 0x0000000089600000|100%|HS|  |TAMS 0x0000000089600000, 0x0000000089500000| Complete 
| 150|0x0000000089600000, 0x0000000089700000, 0x0000000089700000|100%|HS|  |TAMS 0x0000000089700000, 0x0000000089600000| Complete 
| 151|0x0000000089700000, 0x0000000089700000, 0x0000000089800000|  0%| F|  |TAMS 0x0000000089700000, 0x0000000089700000| Untracked 
| 152|0x0000000089800000, 0x0000000089900000, 0x0000000089900000|100%|HS|  |TAMS 0x0000000089900000, 0x0000000089800000| Complete 
| 153|0x0000000089900000, 0x0000000089a00000, 0x0000000089a00000|100%|HS|  |TAMS 0x0000000089a00000, 0x0000000089900000| Complete 
| 154|0x0000000089a00000, 0x0000000089b00000, 0x0000000089b00000|100%| O|  |TAMS 0x0000000089b00000, 0x0000000089a00000| Untracked 
| 155|0x0000000089b00000, 0x0000000089c00000, 0x0000000089c00000|100%|HS|  |TAMS 0x0000000089c00000, 0x0000000089b00000| Complete 
| 156|0x0000000089c00000, 0x0000000089d00000, 0x0000000089d00000|100%|HS|  |TAMS 0x0000000089d00000, 0x0000000089c00000| Complete 
| 157|0x0000000089d00000, 0x0000000089e00000, 0x0000000089e00000|100%|HC|  |TAMS 0x0000000089e00000, 0x0000000089d00000| Complete 
| 158|0x0000000089e00000, 0x0000000089f00000, 0x0000000089f00000|100%|HC|  |TAMS 0x0000000089f00000, 0x0000000089e00000| Complete 
| 159|0x0000000089f00000, 0x000000008a000000, 0x000000008a000000|100%| O|  |TAMS 0x000000008a000000, 0x0000000089f00000| Untracked 
| 160|0x000000008a000000, 0x000000008a100000, 0x000000008a100000|100%| O|  |TAMS 0x000000008a000000, 0x000000008a000000| Untracked 
| 161|0x000000008a100000, 0x000000008a200000, 0x000000008a200000|100%| O|  |TAMS 0x000000008a100000, 0x000000008a100000| Untracked 
| 162|0x000000008a200000, 0x000000008a300000, 0x000000008a300000|100%| O|  |TAMS 0x000000008a300000, 0x000000008a200000| Untracked 
| 163|0x000000008a300000, 0x000000008a400000, 0x000000008a400000|100%| O|  |TAMS 0x000000008a400000, 0x000000008a300000| Untracked 
| 164|0x000000008a400000, 0x000000008a500000, 0x000000008a500000|100%| O|  |TAMS 0x000000008a500000, 0x000000008a400000| Untracked 
| 165|0x000000008a500000, 0x000000008a600000, 0x000000008a600000|100%| O|  |TAMS 0x000000008a500000, 0x000000008a500000| Untracked 
| 166|0x000000008a600000, 0x000000008a700000, 0x000000008a700000|100%| O|  |TAMS 0x000000008a600000, 0x000000008a600000| Untracked 
| 167|0x000000008a700000, 0x000000008a800000, 0x000000008a800000|100%| O|  |TAMS 0x000000008a700000, 0x000000008a700000| Untracked 
| 168|0x000000008a800000, 0x000000008a900000, 0x000000008a900000|100%| O|  |TAMS 0x000000008a900000, 0x000000008a800000| Untracked 
| 169|0x000000008a900000, 0x000000008aa00000, 0x000000008aa00000|100%| O|  |TAMS 0x000000008aa00000, 0x000000008a900000| Untracked 
| 170|0x000000008aa00000, 0x000000008ab00000, 0x000000008ab00000|100%| O|  |TAMS 0x000000008ab00000, 0x000000008aa00000| Untracked 
| 171|0x000000008ab00000, 0x000000008ab00000, 0x000000008ac00000|  0%| F|  |TAMS 0x000000008ab00000, 0x000000008ab00000| Untracked 
| 172|0x000000008ac00000, 0x000000008ad00000, 0x000000008ad00000|100%| O|  |TAMS 0x000000008ac00000, 0x000000008ac00000| Untracked 
| 173|0x000000008ad00000, 0x000000008ae00000, 0x000000008ae00000|100%| O|  |TAMS 0x000000008ad00000, 0x000000008ad00000| Untracked 
| 174|0x000000008ae00000, 0x000000008af00000, 0x000000008af00000|100%| O|  |TAMS 0x000000008af00000, 0x000000008ae00000| Untracked 
| 175|0x000000008af00000, 0x000000008b000000, 0x000000008b000000|100%| O|  |TAMS 0x000000008b000000, 0x000000008af00000| Untracked 
| 176|0x000000008b000000, 0x000000008b000000, 0x000000008b100000|  0%| F|  |TAMS 0x000000008b000000, 0x000000008b000000| Untracked 
| 177|0x000000008b100000, 0x000000008b200000, 0x000000008b200000|100%| O|  |TAMS 0x000000008b200000, 0x000000008b100000| Untracked 
| 178|0x000000008b200000, 0x000000008b300000, 0x000000008b300000|100%| O|  |TAMS 0x000000008b300000, 0x000000008b200000| Untracked 
| 179|0x000000008b300000, 0x000000008b400000, 0x000000008b400000|100%| O|  |TAMS 0x000000008b300000, 0x000000008b300000| Untracked 
| 180|0x000000008b400000, 0x000000008b500000, 0x000000008b500000|100%| O|  |TAMS 0x000000008b500000, 0x000000008b400000| Untracked 
| 181|0x000000008b500000, 0x000000008b600000, 0x000000008b600000|100%| O|  |TAMS 0x000000008b600000, 0x000000008b500000| Untracked 
| 182|0x000000008b600000, 0x000000008b700000, 0x000000008b700000|100%| O|  |TAMS 0x000000008b700000, 0x000000008b600000| Untracked 
| 183|0x000000008b700000, 0x000000008b800000, 0x000000008b800000|100%| O|  |TAMS 0x000000008b700000, 0x000000008b700000| Untracked 
| 184|0x000000008b800000, 0x000000008b900000, 0x000000008b900000|100%| O|  |TAMS 0x000000008b800000, 0x000000008b800000| Untracked 
| 185|0x000000008b900000, 0x000000008ba00000, 0x000000008ba00000|100%| O|  |TAMS 0x000000008ba00000, 0x000000008b900000| Untracked 
| 186|0x000000008ba00000, 0x000000008bb00000, 0x000000008bb00000|100%| O|  |TAMS 0x000000008bb00000, 0x000000008ba00000| Untracked 
| 187|0x000000008bb00000, 0x000000008bc00000, 0x000000008bc00000|100%| O|  |TAMS 0x000000008bc00000, 0x000000008bb00000| Untracked 
| 188|0x000000008bc00000, 0x000000008bd00000, 0x000000008bd00000|100%| O|  |TAMS 0x000000008bc00000, 0x000000008bc00000| Untracked 
| 189|0x000000008bd00000, 0x000000008be00000, 0x000000008be00000|100%| O|  |TAMS 0x000000008bd00000, 0x000000008bd00000| Untracked 
| 190|0x000000008be00000, 0x000000008be00000, 0x000000008bf00000|  0%| F|  |TAMS 0x000000008be00000, 0x000000008be00000| Untracked 
| 191|0x000000008bf00000, 0x000000008c000000, 0x000000008c000000|100%| O|  |TAMS 0x000000008c000000, 0x000000008bf00000| Untracked 
| 192|0x000000008c000000, 0x000000008c100000, 0x000000008c100000|100%| O|  |TAMS 0x000000008c100000, 0x000000008c000000| Untracked 
| 193|0x000000008c100000, 0x000000008c200000, 0x000000008c200000|100%| O|  |TAMS 0x000000008c200000, 0x000000008c100000| Untracked 
| 194|0x000000008c200000, 0x000000008c300000, 0x000000008c300000|100%| O|  |TAMS 0x000000008c300000, 0x000000008c200000| Untracked 
| 195|0x000000008c300000, 0x000000008c400000, 0x000000008c400000|100%| O|  |TAMS 0x000000008c300000, 0x000000008c300000| Untracked 
| 196|0x000000008c400000, 0x000000008c500000, 0x000000008c500000|100%| O|  |TAMS 0x000000008c400000, 0x000000008c400000| Untracked 
| 197|0x000000008c500000, 0x000000008c600000, 0x000000008c600000|100%| O|  |TAMS 0x000000008c500000, 0x000000008c500000| Untracked 
| 198|0x000000008c600000, 0x000000008c700000, 0x000000008c700000|100%| O|  |TAMS 0x000000008c600000, 0x000000008c600000| Untracked 
| 199|0x000000008c700000, 0x000000008c800000, 0x000000008c800000|100%| O|  |TAMS 0x000000008c700000, 0x000000008c700000| Untracked 
| 200|0x000000008c800000, 0x000000008c900000, 0x000000008c900000|100%| O|  |TAMS 0x000000008c800000, 0x000000008c800000| Untracked 
| 201|0x000000008c900000, 0x000000008ca00000, 0x000000008ca00000|100%| O|  |TAMS 0x000000008ca00000, 0x000000008c900000| Untracked 
| 202|0x000000008ca00000, 0x000000008cb00000, 0x000000008cb00000|100%| O|  |TAMS 0x000000008cb00000, 0x000000008ca00000| Untracked 
| 203|0x000000008cb00000, 0x000000008cb00000, 0x000000008cc00000|  0%| F|  |TAMS 0x000000008cb00000, 0x000000008cb00000| Untracked 
| 204|0x000000008cc00000, 0x000000008cc00000, 0x000000008cd00000|  0%| F|  |TAMS 0x000000008cc00000, 0x000000008cc00000| Untracked 
| 205|0x000000008cd00000, 0x000000008cd00000, 0x000000008ce00000|  0%| F|  |TAMS 0x000000008cd00000, 0x000000008cd00000| Untracked 
| 206|0x000000008ce00000, 0x000000008ce00000, 0x000000008cf00000|  0%| F|  |TAMS 0x000000008ce00000, 0x000000008ce00000| Untracked 
| 207|0x000000008cf00000, 0x000000008d000000, 0x000000008d000000|100%| O|  |TAMS 0x000000008d000000, 0x000000008cf00000| Untracked 
| 208|0x000000008d000000, 0x000000008d100000, 0x000000008d100000|100%| O|  |TAMS 0x000000008d100000, 0x000000008d000000| Untracked 
| 209|0x000000008d100000, 0x000000008d200000, 0x000000008d200000|100%| O|  |TAMS 0x000000008d200000, 0x000000008d100000| Untracked 
| 210|0x000000008d200000, 0x000000008d300000, 0x000000008d300000|100%| O|  |TAMS 0x000000008d300000, 0x000000008d200000| Untracked 
| 211|0x000000008d300000, 0x000000008d400000, 0x000000008d400000|100%| O|  |TAMS 0x000000008d400000, 0x000000008d300000| Untracked 
| 212|0x000000008d400000, 0x000000008d400000, 0x000000008d500000|  0%| F|  |TAMS 0x000000008d400000, 0x000000008d400000| Untracked 
| 213|0x000000008d500000, 0x000000008d600000, 0x000000008d600000|100%| O|  |TAMS 0x000000008d600000, 0x000000008d500000| Untracked 
| 214|0x000000008d600000, 0x000000008d700000, 0x000000008d700000|100%| O|  |TAMS 0x000000008d700000, 0x000000008d600000| Untracked 
| 215|0x000000008d700000, 0x000000008d800000, 0x000000008d800000|100%| O|  |TAMS 0x000000008d800000, 0x000000008d700000| Untracked 
| 216|0x000000008d800000, 0x000000008d900000, 0x000000008d900000|100%| O|  |TAMS 0x000000008d900000, 0x000000008d800000| Untracked 
| 217|0x000000008d900000, 0x000000008da00000, 0x000000008da00000|100%| O|  |TAMS 0x000000008da00000, 0x000000008d900000| Untracked 
| 218|0x000000008da00000, 0x000000008da00000, 0x000000008db00000|  0%| F|  |TAMS 0x000000008da00000, 0x000000008da00000| Untracked 
| 219|0x000000008db00000, 0x000000008dc00000, 0x000000008dc00000|100%| O|  |TAMS 0x000000008dc00000, 0x000000008db00000| Untracked 
| 220|0x000000008dc00000, 0x000000008dd00000, 0x000000008dd00000|100%| O|  |TAMS 0x000000008dd00000, 0x000000008dc00000| Untracked 
| 221|0x000000008dd00000, 0x000000008de00000, 0x000000008de00000|100%| O|  |TAMS 0x000000008de00000, 0x000000008dd00000| Untracked 
| 222|0x000000008de00000, 0x000000008df00000, 0x000000008df00000|100%| O|  |TAMS 0x000000008df00000, 0x000000008de00000| Untracked 
| 223|0x000000008df00000, 0x000000008e000000, 0x000000008e000000|100%| O|  |TAMS 0x000000008e000000, 0x000000008df00000| Untracked 
| 224|0x000000008e000000, 0x000000008e100000, 0x000000008e100000|100%| O|  |TAMS 0x000000008e100000, 0x000000008e000000| Untracked 
| 225|0x000000008e100000, 0x000000008e200000, 0x000000008e200000|100%| O|  |TAMS 0x000000008e100000, 0x000000008e100000| Untracked 
| 226|0x000000008e200000, 0x000000008e300000, 0x000000008e300000|100%| O|  |TAMS 0x000000008e300000, 0x000000008e200000| Untracked 
| 227|0x000000008e300000, 0x000000008e400000, 0x000000008e400000|100%| O|  |TAMS 0x000000008e400000, 0x000000008e300000| Untracked 
| 228|0x000000008e400000, 0x000000008e400000, 0x000000008e500000|  0%| F|  |TAMS 0x000000008e400000, 0x000000008e400000| Untracked 
| 229|0x000000008e500000, 0x000000008e600000, 0x000000008e600000|100%| O|  |TAMS 0x000000008e500000, 0x000000008e500000| Untracked 
| 230|0x000000008e600000, 0x000000008e700000, 0x000000008e700000|100%| O|  |TAMS 0x000000008e600000, 0x000000008e600000| Untracked 
| 231|0x000000008e700000, 0x000000008e800000, 0x000000008e800000|100%| O|  |TAMS 0x000000008e700000, 0x000000008e700000| Untracked 
| 232|0x000000008e800000, 0x000000008e900000, 0x000000008e900000|100%| O|  |TAMS 0x000000008e800000, 0x000000008e800000| Untracked 
| 233|0x000000008e900000, 0x000000008ea00000, 0x000000008ea00000|100%| O|  |TAMS 0x000000008e900000, 0x000000008e900000| Untracked 
| 234|0x000000008ea00000, 0x000000008eb00000, 0x000000008eb00000|100%| O|  |TAMS 0x000000008ea00000, 0x000000008ea00000| Untracked 
| 235|0x000000008eb00000, 0x000000008ec00000, 0x000000008ec00000|100%| O|  |TAMS 0x000000008eb00000, 0x000000008eb00000| Untracked 
| 236|0x000000008ec00000, 0x000000008ed00000, 0x000000008ed00000|100%| O|  |TAMS 0x000000008ed00000, 0x000000008ec00000| Untracked 
| 237|0x000000008ed00000, 0x000000008ed00000, 0x000000008ee00000|  0%| F|  |TAMS 0x000000008ed00000, 0x000000008ed00000| Untracked 
| 238|0x000000008ee00000, 0x000000008ef00000, 0x000000008ef00000|100%| O|  |TAMS 0x000000008ee00000, 0x000000008ee00000| Untracked 
| 239|0x000000008ef00000, 0x000000008f000000, 0x000000008f000000|100%| O|  |TAMS 0x000000008ef00000, 0x000000008ef00000| Untracked 
| 240|0x000000008f000000, 0x000000008f100000, 0x000000008f100000|100%| O|  |TAMS 0x000000008f000000, 0x000000008f000000| Untracked 
| 241|0x000000008f100000, 0x000000008f200000, 0x000000008f200000|100%| O|  |TAMS 0x000000008f100000, 0x000000008f100000| Untracked 
| 242|0x000000008f200000, 0x000000008f300000, 0x000000008f300000|100%| O|  |TAMS 0x000000008f200000, 0x000000008f200000| Untracked 
| 243|0x000000008f300000, 0x000000008f400000, 0x000000008f400000|100%| O|  |TAMS 0x000000008f400000, 0x000000008f300000| Untracked 
| 244|0x000000008f400000, 0x000000008f400000, 0x000000008f500000|  0%| F|  |TAMS 0x000000008f400000, 0x000000008f400000| Untracked 
| 245|0x000000008f500000, 0x000000008f600000, 0x000000008f600000|100%| O|  |TAMS 0x000000008f500000, 0x000000008f500000| Untracked 
| 246|0x000000008f600000, 0x000000008f600000, 0x000000008f700000|  0%| F|  |TAMS 0x000000008f600000, 0x000000008f600000| Untracked 
| 247|0x000000008f700000, 0x000000008f700000, 0x000000008f800000|  0%| F|  |TAMS 0x000000008f700000, 0x000000008f700000| Untracked 
| 248|0x000000008f800000, 0x000000008f900000, 0x000000008f900000|100%| O|  |TAMS 0x000000008f800000, 0x000000008f800000| Untracked 
| 249|0x000000008f900000, 0x000000008f900000, 0x000000008fa00000|  0%| F|  |TAMS 0x000000008f900000, 0x000000008f900000| Untracked 
| 250|0x000000008fa00000, 0x000000008fa00000, 0x000000008fb00000|  0%| F|  |TAMS 0x000000008fa00000, 0x000000008fa00000| Untracked 
| 251|0x000000008fb00000, 0x000000008fc00000, 0x000000008fc00000|100%| O|  |TAMS 0x000000008fb00000, 0x000000008fb00000| Untracked 
| 252|0x000000008fc00000, 0x000000008fc00000, 0x000000008fd00000|  0%| F|  |TAMS 0x000000008fc00000, 0x000000008fc00000| Untracked 
| 253|0x000000008fd00000, 0x000000008fd00000, 0x000000008fe00000|  0%| F|  |TAMS 0x000000008fd00000, 0x000000008fd00000| Untracked 
| 254|0x000000008fe00000, 0x000000008ff00000, 0x000000008ff00000|100%| O|  |TAMS 0x000000008fe00000, 0x000000008fe00000| Untracked 
| 255|0x000000008ff00000, 0x0000000090000000, 0x0000000090000000|100%| O|  |TAMS 0x000000008ff00000, 0x000000008ff00000| Untracked 
| 256|0x0000000090000000, 0x0000000090100000, 0x0000000090100000|100%| O|  |TAMS 0x0000000090000000, 0x0000000090000000| Untracked 
| 257|0x0000000090100000, 0x0000000090100000, 0x0000000090200000|  0%| F|  |TAMS 0x0000000090100000, 0x0000000090100000| Untracked 
| 258|0x0000000090200000, 0x0000000090300000, 0x0000000090300000|100%| O|  |TAMS 0x0000000090200000, 0x0000000090200000| Untracked 
| 259|0x0000000090300000, 0x0000000090300000, 0x0000000090400000|  0%| F|  |TAMS 0x0000000090300000, 0x0000000090300000| Untracked 
| 260|0x0000000090400000, 0x0000000090500000, 0x0000000090500000|100%| O|  |TAMS 0x0000000090400000, 0x0000000090400000| Untracked 
| 261|0x0000000090500000, 0x0000000090600000, 0x0000000090600000|100%| O|  |TAMS 0x0000000090500000, 0x0000000090500000| Untracked 
| 262|0x0000000090600000, 0x0000000090600000, 0x0000000090700000|  0%| F|  |TAMS 0x0000000090600000, 0x0000000090600000| Untracked 
| 263|0x0000000090700000, 0x0000000090800000, 0x0000000090800000|100%| O|  |TAMS 0x0000000090700000, 0x0000000090700000| Untracked 
| 264|0x0000000090800000, 0x0000000090900000, 0x0000000090900000|100%| O|  |TAMS 0x0000000090800000, 0x0000000090800000| Untracked 
| 265|0x0000000090900000, 0x0000000090a00000, 0x0000000090a00000|100%| O|  |TAMS 0x0000000090900000, 0x0000000090900000| Untracked 
| 266|0x0000000090a00000, 0x0000000090b00000, 0x0000000090b00000|100%| O|  |TAMS 0x0000000090a00000, 0x0000000090a00000| Untracked 
| 267|0x0000000090b00000, 0x0000000090c00000, 0x0000000090c00000|100%| O|  |TAMS 0x0000000090b00000, 0x0000000090b00000| Untracked 
| 268|0x0000000090c00000, 0x0000000090d00000, 0x0000000090d00000|100%| O|  |TAMS 0x0000000090d00000, 0x0000000090c00000| Untracked 
| 269|0x0000000090d00000, 0x0000000090e00000, 0x0000000090e00000|100%| O|  |TAMS 0x0000000090e00000, 0x0000000090d00000| Untracked 
| 270|0x0000000090e00000, 0x0000000090f00000, 0x0000000090f00000|100%| O|  |TAMS 0x0000000090f00000, 0x0000000090e00000| Untracked 
| 271|0x0000000090f00000, 0x0000000091000000, 0x0000000091000000|100%| O|  |TAMS 0x0000000091000000, 0x0000000090f00000| Untracked 
| 272|0x0000000091000000, 0x0000000091100000, 0x0000000091100000|100%| O|  |TAMS 0x0000000091100000, 0x0000000091000000| Untracked 
| 273|0x0000000091100000, 0x0000000091200000, 0x0000000091200000|100%| O|  |TAMS 0x0000000091200000, 0x0000000091100000| Untracked 
| 274|0x0000000091200000, 0x0000000091300000, 0x0000000091300000|100%| O|  |TAMS 0x0000000091300000, 0x0000000091200000| Untracked 
| 275|0x0000000091300000, 0x0000000091400000, 0x0000000091400000|100%| O|  |TAMS 0x0000000091400000, 0x0000000091300000| Untracked 
| 276|0x0000000091400000, 0x0000000091500000, 0x0000000091500000|100%| O|  |TAMS 0x0000000091500000, 0x0000000091400000| Untracked 
| 277|0x0000000091500000, 0x0000000091600000, 0x0000000091600000|100%| O|  |TAMS 0x0000000091600000, 0x0000000091500000| Untracked 
| 278|0x0000000091600000, 0x0000000091700000, 0x0000000091700000|100%| O|  |TAMS 0x0000000091700000, 0x0000000091600000| Untracked 
| 279|0x0000000091700000, 0x0000000091800000, 0x0000000091800000|100%| O|  |TAMS 0x0000000091800000, 0x0000000091700000| Untracked 
| 280|0x0000000091800000, 0x0000000091900000, 0x0000000091900000|100%| O|  |TAMS 0x0000000091900000, 0x0000000091800000| Untracked 
| 281|0x0000000091900000, 0x0000000091a00000, 0x0000000091a00000|100%| O|  |TAMS 0x0000000091a00000, 0x0000000091900000| Untracked 
| 282|0x0000000091a00000, 0x0000000091b00000, 0x0000000091b00000|100%| O|  |TAMS 0x0000000091b00000, 0x0000000091a00000| Untracked 
| 283|0x0000000091b00000, 0x0000000091c00000, 0x0000000091c00000|100%| O|  |TAMS 0x0000000091c00000, 0x0000000091b00000| Untracked 
| 284|0x0000000091c00000, 0x0000000091d00000, 0x0000000091d00000|100%| O|  |TAMS 0x0000000091d00000, 0x0000000091c00000| Untracked 
| 285|0x0000000091d00000, 0x0000000091e00000, 0x0000000091e00000|100%| O|  |TAMS 0x0000000091e00000, 0x0000000091d00000| Untracked 
| 286|0x0000000091e00000, 0x0000000091f00000, 0x0000000091f00000|100%| O|  |TAMS 0x0000000091f00000, 0x0000000091e00000| Untracked 
| 287|0x0000000091f00000, 0x0000000092000000, 0x0000000092000000|100%| O|  |TAMS 0x0000000092000000, 0x0000000091f00000| Untracked 
| 288|0x0000000092000000, 0x0000000092100000, 0x0000000092100000|100%| O|  |TAMS 0x0000000092100000, 0x0000000092000000| Untracked 
| 289|0x0000000092100000, 0x0000000092200000, 0x0000000092200000|100%| O|  |TAMS 0x0000000092200000, 0x0000000092100000| Untracked 
| 290|0x0000000092200000, 0x0000000092300000, 0x0000000092300000|100%| O|  |TAMS 0x0000000092300000, 0x0000000092200000| Untracked 
| 291|0x0000000092300000, 0x0000000092300000, 0x0000000092400000|  0%| F|  |TAMS 0x0000000092300000, 0x0000000092300000| Untracked 
| 292|0x0000000092400000, 0x0000000092500000, 0x0000000092500000|100%| O|  |TAMS 0x0000000092500000, 0x0000000092400000| Untracked 
| 293|0x0000000092500000, 0x0000000092600000, 0x0000000092600000|100%| O|  |TAMS 0x0000000092600000, 0x0000000092500000| Untracked 
| 294|0x0000000092600000, 0x0000000092700000, 0x0000000092700000|100%| O|  |TAMS 0x0000000092700000, 0x0000000092600000| Untracked 
| 295|0x0000000092700000, 0x0000000092800000, 0x0000000092800000|100%| O|  |TAMS 0x0000000092800000, 0x0000000092700000| Untracked 
| 296|0x0000000092800000, 0x0000000092900000, 0x0000000092900000|100%| O|  |TAMS 0x0000000092800000, 0x0000000092800000| Untracked 
| 297|0x0000000092900000, 0x0000000092a00000, 0x0000000092a00000|100%| O|  |TAMS 0x0000000092a00000, 0x0000000092900000| Untracked 
| 298|0x0000000092a00000, 0x0000000092b00000, 0x0000000092b00000|100%| O|  |TAMS 0x0000000092b00000, 0x0000000092a00000| Untracked 
| 299|0x0000000092b00000, 0x0000000092c00000, 0x0000000092c00000|100%| O|  |TAMS 0x0000000092b00000, 0x0000000092b00000| Untracked 
| 300|0x0000000092c00000, 0x0000000092d00000, 0x0000000092d00000|100%| O|  |TAMS 0x0000000092d00000, 0x0000000092c00000| Untracked 
| 301|0x0000000092d00000, 0x0000000092db0a00, 0x0000000092e00000| 68%| O|  |TAMS 0x0000000092d00000, 0x0000000092d00000| Untracked 
| 302|0x0000000092e00000, 0x0000000092e00000, 0x0000000092f00000|  0%| F|  |TAMS 0x0000000092e00000, 0x0000000092e00000| Untracked 
| 303|0x0000000092f00000, 0x0000000092f00000, 0x0000000093000000|  0%| F|  |TAMS 0x0000000092f00000, 0x0000000092f00000| Untracked 
| 304|0x0000000093000000, 0x0000000093000000, 0x0000000093100000|  0%| F|  |TAMS 0x0000000093000000, 0x0000000093000000| Untracked 
| 305|0x0000000093100000, 0x0000000093100000, 0x0000000093200000|  0%| F|  |TAMS 0x0000000093100000, 0x0000000093100000| Untracked 
| 306|0x0000000093200000, 0x0000000093200000, 0x0000000093300000|  0%| F|  |TAMS 0x0000000093200000, 0x0000000093200000| Untracked 
| 307|0x0000000093300000, 0x0000000093300000, 0x0000000093400000|  0%| F|  |TAMS 0x0000000093300000, 0x0000000093300000| Untracked 
| 308|0x0000000093400000, 0x0000000093400000, 0x0000000093500000|  0%| F|  |TAMS 0x0000000093400000, 0x0000000093400000| Untracked 
| 309|0x0000000093500000, 0x0000000093500000, 0x0000000093600000|  0%| F|  |TAMS 0x0000000093500000, 0x0000000093500000| Untracked 
| 310|0x0000000093600000, 0x0000000093600000, 0x0000000093700000|  0%| F|  |TAMS 0x0000000093600000, 0x0000000093600000| Untracked 
| 311|0x0000000093700000, 0x0000000093700000, 0x0000000093800000|  0%| F|  |TAMS 0x0000000093700000, 0x0000000093700000| Untracked 
| 312|0x0000000093800000, 0x0000000093800000, 0x0000000093900000|  0%| F|  |TAMS 0x0000000093800000, 0x0000000093800000| Untracked 
| 313|0x0000000093900000, 0x0000000093900000, 0x0000000093a00000|  0%| F|  |TAMS 0x0000000093900000, 0x0000000093900000| Untracked 
| 314|0x0000000093a00000, 0x0000000093a00000, 0x0000000093b00000|  0%| F|  |TAMS 0x0000000093a00000, 0x0000000093a00000| Untracked 
| 315|0x0000000093b00000, 0x0000000093b00000, 0x0000000093c00000|  0%| F|  |TAMS 0x0000000093b00000, 0x0000000093b00000| Untracked 
| 316|0x0000000093c00000, 0x0000000093c00000, 0x0000000093d00000|  0%| F|  |TAMS 0x0000000093c00000, 0x0000000093c00000| Untracked 
| 317|0x0000000093d00000, 0x0000000093d00000, 0x0000000093e00000|  0%| F|  |TAMS 0x0000000093d00000, 0x0000000093d00000| Untracked 
| 318|0x0000000093e00000, 0x0000000093e00000, 0x0000000093f00000|  0%| F|  |TAMS 0x0000000093e00000, 0x0000000093e00000| Untracked 
| 319|0x0000000093f00000, 0x0000000093f00000, 0x0000000094000000|  0%| F|  |TAMS 0x0000000093f00000, 0x0000000093f00000| Untracked 
| 320|0x0000000094000000, 0x0000000094000000, 0x0000000094100000|  0%| F|  |TAMS 0x0000000094000000, 0x0000000094000000| Untracked 
| 321|0x0000000094100000, 0x0000000094100000, 0x0000000094200000|  0%| F|  |TAMS 0x0000000094100000, 0x0000000094100000| Untracked 
| 322|0x0000000094200000, 0x0000000094200000, 0x0000000094300000|  0%| F|  |TAMS 0x0000000094200000, 0x0000000094200000| Untracked 
| 323|0x0000000094300000, 0x0000000094300000, 0x0000000094400000|  0%| F|  |TAMS 0x0000000094300000, 0x0000000094300000| Untracked 
| 324|0x0000000094400000, 0x0000000094400000, 0x0000000094500000|  0%| F|  |TAMS 0x0000000094400000, 0x0000000094400000| Untracked 
| 325|0x0000000094500000, 0x0000000094500000, 0x0000000094600000|  0%| F|  |TAMS 0x0000000094500000, 0x0000000094500000| Untracked 
| 326|0x0000000094600000, 0x0000000094600000, 0x0000000094700000|  0%| F|  |TAMS 0x0000000094600000, 0x0000000094600000| Untracked 
| 327|0x0000000094700000, 0x0000000094800000, 0x0000000094800000|100%|HS|  |TAMS 0x0000000094800000, 0x0000000094700000| Complete 
| 328|0x0000000094800000, 0x0000000094900000, 0x0000000094900000|100%|HS|  |TAMS 0x0000000094900000, 0x0000000094800000| Complete 
| 329|0x0000000094900000, 0x0000000094a00000, 0x0000000094a00000|100%| O|  |TAMS 0x0000000094a00000, 0x0000000094900000| Untracked 
| 330|0x0000000094a00000, 0x0000000094b00000, 0x0000000094b00000|100%|HS|  |TAMS 0x0000000094b00000, 0x0000000094a00000| Complete 
| 331|0x0000000094b00000, 0x0000000094c00000, 0x0000000094c00000|100%|HS|  |TAMS 0x0000000094c00000, 0x0000000094b00000| Complete 
| 332|0x0000000094c00000, 0x0000000094c00000, 0x0000000094d00000|  0%| F|  |TAMS 0x0000000094c00000, 0x0000000094c00000| Untracked 
| 333|0x0000000094d00000, 0x0000000094e00000, 0x0000000094e00000|100%|HS|  |TAMS 0x0000000094e00000, 0x0000000094d00000| Complete 
| 334|0x0000000094e00000, 0x0000000094f00000, 0x0000000094f00000|100%|HC|  |TAMS 0x0000000094f00000, 0x0000000094e00000| Complete 
| 335|0x0000000094f00000, 0x0000000095000000, 0x0000000095000000|100%| O|  |TAMS 0x0000000095000000, 0x0000000094f00000| Untracked 
| 336|0x0000000095000000, 0x0000000095000000, 0x0000000095100000|  0%| F|  |TAMS 0x0000000095000000, 0x0000000095000000| Untracked 
| 337|0x0000000095100000, 0x0000000095100000, 0x0000000095200000|  0%| F|  |TAMS 0x0000000095100000, 0x0000000095100000| Untracked 
| 338|0x0000000095200000, 0x0000000095300000, 0x0000000095300000|100%| O|  |TAMS 0x0000000095300000, 0x0000000095200000| Untracked 
| 339|0x0000000095300000, 0x0000000095400000, 0x0000000095400000|100%| O|  |TAMS 0x0000000095400000, 0x0000000095300000| Untracked 
| 340|0x0000000095400000, 0x0000000095500000, 0x0000000095500000|100%| O|  |TAMS 0x0000000095500000, 0x0000000095400000| Untracked 
| 341|0x0000000095500000, 0x0000000095500000, 0x0000000095600000|  0%| F|  |TAMS 0x0000000095500000, 0x0000000095500000| Untracked 
| 342|0x0000000095600000, 0x0000000095600000, 0x0000000095700000|  0%| F|  |TAMS 0x0000000095600000, 0x0000000095600000| Untracked 
| 343|0x0000000095700000, 0x0000000095700000, 0x0000000095800000|  0%| F|  |TAMS 0x0000000095700000, 0x0000000095700000| Untracked 
| 344|0x0000000095800000, 0x0000000095800000, 0x0000000095900000|  0%| F|  |TAMS 0x0000000095800000, 0x0000000095800000| Untracked 
| 345|0x0000000095900000, 0x0000000095a00000, 0x0000000095a00000|100%| O|  |TAMS 0x0000000095a00000, 0x0000000095900000| Untracked 
| 346|0x0000000095a00000, 0x0000000095a00000, 0x0000000095b00000|  0%| F|  |TAMS 0x0000000095a00000, 0x0000000095a00000| Untracked 
| 347|0x0000000095b00000, 0x0000000095b00000, 0x0000000095c00000|  0%| F|  |TAMS 0x0000000095b00000, 0x0000000095b00000| Untracked 
| 348|0x0000000095c00000, 0x0000000095c00000, 0x0000000095d00000|  0%| F|  |TAMS 0x0000000095c00000, 0x0000000095c00000| Untracked 
| 349|0x0000000095d00000, 0x0000000095d00000, 0x0000000095e00000|  0%| F|  |TAMS 0x0000000095d00000, 0x0000000095d00000| Untracked 
| 350|0x0000000095e00000, 0x0000000095f00000, 0x0000000095f00000|100%| O|  |TAMS 0x0000000095f00000, 0x0000000095e00000| Untracked 
| 351|0x0000000095f00000, 0x0000000096000000, 0x0000000096000000|100%| O|  |TAMS 0x0000000096000000, 0x0000000095f00000| Untracked 
| 352|0x0000000096000000, 0x0000000096000000, 0x0000000096100000|  0%| F|  |TAMS 0x0000000096000000, 0x0000000096000000| Untracked 
| 353|0x0000000096100000, 0x0000000096200000, 0x0000000096200000|100%| O|  |TAMS 0x0000000096200000, 0x0000000096100000| Untracked 
| 354|0x0000000096200000, 0x0000000096200000, 0x0000000096300000|  0%| F|  |TAMS 0x0000000096200000, 0x0000000096200000| Untracked 
| 355|0x0000000096300000, 0x0000000096300000, 0x0000000096400000|  0%| F|  |TAMS 0x0000000096300000, 0x0000000096300000| Untracked 
| 356|0x0000000096400000, 0x0000000096400000, 0x0000000096500000|  0%| F|  |TAMS 0x0000000096400000, 0x0000000096400000| Untracked 
| 357|0x0000000096500000, 0x0000000096500000, 0x0000000096600000|  0%| F|  |TAMS 0x0000000096500000, 0x0000000096500000| Untracked 
| 358|0x0000000096600000, 0x0000000096600000, 0x0000000096700000|  0%| F|  |TAMS 0x0000000096600000, 0x0000000096600000| Untracked 
| 359|0x0000000096700000, 0x0000000096700000, 0x0000000096800000|  0%| F|  |TAMS 0x0000000096700000, 0x0000000096700000| Untracked 
| 360|0x0000000096800000, 0x0000000096800000, 0x0000000096900000|  0%| F|  |TAMS 0x0000000096800000, 0x0000000096800000| Untracked 
| 361|0x0000000096900000, 0x0000000096900000, 0x0000000096a00000|  0%| F|  |TAMS 0x0000000096900000, 0x0000000096900000| Untracked 
| 362|0x0000000096a00000, 0x0000000096a00000, 0x0000000096b00000|  0%| F|  |TAMS 0x0000000096a00000, 0x0000000096a00000| Untracked 
| 363|0x0000000096b00000, 0x0000000096c00000, 0x0000000096c00000|100%| O|  |TAMS 0x0000000096c00000, 0x0000000096b00000| Untracked 
| 364|0x0000000096c00000, 0x0000000096c00000, 0x0000000096d00000|  0%| F|  |TAMS 0x0000000096c00000, 0x0000000096c00000| Untracked 
| 365|0x0000000096d00000, 0x0000000096e00000, 0x0000000096e00000|100%| O|  |TAMS 0x0000000096e00000, 0x0000000096d00000| Untracked 
| 366|0x0000000096e00000, 0x0000000096f00000, 0x0000000096f00000|100%| O|  |TAMS 0x0000000096f00000, 0x0000000096e00000| Untracked 
| 367|0x0000000096f00000, 0x0000000096f00000, 0x0000000097000000|  0%| F|  |TAMS 0x0000000096f00000, 0x0000000096f00000| Untracked 
| 368|0x0000000097000000, 0x0000000097000000, 0x0000000097100000|  0%| F|  |TAMS 0x0000000097000000, 0x0000000097000000| Untracked 
| 369|0x0000000097100000, 0x0000000097200000, 0x0000000097200000|100%| O|  |TAMS 0x0000000097200000, 0x0000000097100000| Untracked 
| 370|0x0000000097200000, 0x0000000097200000, 0x0000000097300000|  0%| F|  |TAMS 0x0000000097200000, 0x0000000097200000| Untracked 
| 371|0x0000000097300000, 0x0000000097400000, 0x0000000097400000|100%| O|  |TAMS 0x0000000097400000, 0x0000000097300000| Untracked 
| 372|0x0000000097400000, 0x0000000097400000, 0x0000000097500000|  0%| F|  |TAMS 0x0000000097400000, 0x0000000097400000| Untracked 
| 373|0x0000000097500000, 0x0000000097500000, 0x0000000097600000|  0%| F|  |TAMS 0x0000000097500000, 0x0000000097500000| Untracked 
| 374|0x0000000097600000, 0x0000000097600000, 0x0000000097700000|  0%| F|  |TAMS 0x0000000097600000, 0x0000000097600000| Untracked 
| 375|0x0000000097700000, 0x0000000097700000, 0x0000000097800000|  0%| F|  |TAMS 0x0000000097700000, 0x0000000097700000| Untracked 
| 376|0x0000000097800000, 0x0000000097800000, 0x0000000097900000|  0%| F|  |TAMS 0x0000000097800000, 0x0000000097800000| Untracked 
| 377|0x0000000097900000, 0x0000000097900000, 0x0000000097a00000|  0%| F|  |TAMS 0x0000000097900000, 0x0000000097900000| Untracked 
| 378|0x0000000097a00000, 0x0000000097a00000, 0x0000000097b00000|  0%| F|  |TAMS 0x0000000097a00000, 0x0000000097a00000| Untracked 
| 379|0x0000000097b00000, 0x0000000097c00000, 0x0000000097c00000|100%| O|  |TAMS 0x0000000097c00000, 0x0000000097b00000| Untracked 
| 380|0x0000000097c00000, 0x0000000097c00000, 0x0000000097d00000|  0%| F|  |TAMS 0x0000000097c00000, 0x0000000097c00000| Untracked 
| 381|0x0000000097d00000, 0x0000000097d00000, 0x0000000097e00000|  0%| F|  |TAMS 0x0000000097d00000, 0x0000000097d00000| Untracked 
| 382|0x0000000097e00000, 0x0000000097e00000, 0x0000000097f00000|  0%| F|  |TAMS 0x0000000097e00000, 0x0000000097e00000| Untracked 
| 383|0x0000000097f00000, 0x0000000097f00000, 0x0000000098000000|  0%| F|  |TAMS 0x0000000097f00000, 0x0000000097f00000| Untracked 
| 384|0x0000000098000000, 0x0000000098000000, 0x0000000098100000|  0%| F|  |TAMS 0x0000000098000000, 0x0000000098000000| Untracked 
| 385|0x0000000098100000, 0x0000000098100000, 0x0000000098200000|  0%| F|  |TAMS 0x0000000098100000, 0x0000000098100000| Untracked 
| 386|0x0000000098200000, 0x0000000098200000, 0x0000000098300000|  0%| F|  |TAMS 0x0000000098200000, 0x0000000098200000| Untracked 
| 387|0x0000000098300000, 0x0000000098300000, 0x0000000098400000|  0%| F|  |TAMS 0x0000000098300000, 0x0000000098300000| Untracked 
| 388|0x0000000098400000, 0x0000000098400000, 0x0000000098500000|  0%| F|  |TAMS 0x0000000098400000, 0x0000000098400000| Untracked 
| 389|0x0000000098500000, 0x0000000098500000, 0x0000000098600000|  0%| F|  |TAMS 0x0000000098500000, 0x0000000098500000| Untracked 
| 390|0x0000000098600000, 0x0000000098600000, 0x0000000098700000|  0%| F|  |TAMS 0x0000000098600000, 0x0000000098600000| Untracked 
| 391|0x0000000098700000, 0x0000000098700000, 0x0000000098800000|  0%| F|  |TAMS 0x0000000098700000, 0x0000000098700000| Untracked 
| 392|0x0000000098800000, 0x0000000098800000, 0x0000000098900000|  0%| F|  |TAMS 0x0000000098800000, 0x0000000098800000| Untracked 
| 393|0x0000000098900000, 0x0000000098a00000, 0x0000000098a00000|100%| O|  |TAMS 0x0000000098a00000, 0x0000000098900000| Untracked 
| 394|0x0000000098a00000, 0x0000000098a00000, 0x0000000098b00000|  0%| F|  |TAMS 0x0000000098a00000, 0x0000000098a00000| Untracked 
| 395|0x0000000098b00000, 0x0000000098c00000, 0x0000000098c00000|100%| O|  |TAMS 0x0000000098c00000, 0x0000000098b00000| Untracked 
| 396|0x0000000098c00000, 0x0000000098c00000, 0x0000000098d00000|  0%| F|  |TAMS 0x0000000098c00000, 0x0000000098c00000| Untracked 
| 397|0x0000000098d00000, 0x0000000098d00000, 0x0000000098e00000|  0%| F|  |TAMS 0x0000000098d00000, 0x0000000098d00000| Untracked 
| 398|0x0000000098e00000, 0x0000000098e00000, 0x0000000098f00000|  0%| F|  |TAMS 0x0000000098e00000, 0x0000000098e00000| Untracked 
| 399|0x0000000098f00000, 0x0000000099000000, 0x0000000099000000|100%| O|  |TAMS 0x0000000099000000, 0x0000000098f00000| Untracked 
| 400|0x0000000099000000, 0x0000000099100000, 0x0000000099100000|100%| O|  |TAMS 0x0000000099100000, 0x0000000099000000| Untracked 
| 401|0x0000000099100000, 0x0000000099200000, 0x0000000099200000|100%| O|  |TAMS 0x0000000099200000, 0x0000000099100000| Untracked 
| 402|0x0000000099200000, 0x0000000099300000, 0x0000000099300000|100%| O|  |TAMS 0x0000000099300000, 0x0000000099200000| Untracked 
| 403|0x0000000099300000, 0x0000000099400000, 0x0000000099400000|100%| O|  |TAMS 0x0000000099400000, 0x0000000099300000| Untracked 
| 404|0x0000000099400000, 0x0000000099500000, 0x0000000099500000|100%| O|  |TAMS 0x0000000099500000, 0x0000000099400000| Untracked 
| 405|0x0000000099500000, 0x0000000099600000, 0x0000000099600000|100%| O|  |TAMS 0x0000000099600000, 0x0000000099500000| Untracked 
| 406|0x0000000099600000, 0x0000000099700000, 0x0000000099700000|100%| O|  |TAMS 0x0000000099700000, 0x0000000099600000| Untracked 
| 407|0x0000000099700000, 0x0000000099800000, 0x0000000099800000|100%| O|  |TAMS 0x0000000099800000, 0x0000000099700000| Untracked 
| 408|0x0000000099800000, 0x0000000099900000, 0x0000000099900000|100%| O|  |TAMS 0x0000000099900000, 0x0000000099800000| Untracked 
| 409|0x0000000099900000, 0x0000000099a00000, 0x0000000099a00000|100%| O|  |TAMS 0x0000000099a00000, 0x0000000099900000| Untracked 
| 410|0x0000000099a00000, 0x0000000099b00000, 0x0000000099b00000|100%| O|  |TAMS 0x0000000099b00000, 0x0000000099a00000| Untracked 
| 411|0x0000000099b00000, 0x0000000099c00000, 0x0000000099c00000|100%| O|  |TAMS 0x0000000099c00000, 0x0000000099b00000| Untracked 
| 412|0x0000000099c00000, 0x0000000099c00000, 0x0000000099d00000|  0%| F|  |TAMS 0x0000000099c00000, 0x0000000099c00000| Untracked 
| 413|0x0000000099d00000, 0x0000000099d00000, 0x0000000099e00000|  0%| F|  |TAMS 0x0000000099d00000, 0x0000000099d00000| Untracked 
| 414|0x0000000099e00000, 0x0000000099e00000, 0x0000000099f00000|  0%| F|  |TAMS 0x0000000099e00000, 0x0000000099e00000| Untracked 
| 415|0x0000000099f00000, 0x000000009a000000, 0x000000009a000000|100%| O|  |TAMS 0x000000009a000000, 0x0000000099f00000| Untracked 
| 416|0x000000009a000000, 0x000000009a000000, 0x000000009a100000|  0%| F|  |TAMS 0x000000009a000000, 0x000000009a000000| Untracked 
| 417|0x000000009a100000, 0x000000009a200000, 0x000000009a200000|100%| O|  |TAMS 0x000000009a200000, 0x000000009a100000| Untracked 
| 418|0x000000009a200000, 0x000000009a300000, 0x000000009a300000|100%| O|  |TAMS 0x000000009a300000, 0x000000009a200000| Untracked 
| 419|0x000000009a300000, 0x000000009a400000, 0x000000009a400000|100%| O|  |TAMS 0x000000009a400000, 0x000000009a300000| Untracked 
| 420|0x000000009a400000, 0x000000009a500000, 0x000000009a500000|100%| O|  |TAMS 0x000000009a500000, 0x000000009a400000| Untracked 
| 421|0x000000009a500000, 0x000000009a600000, 0x000000009a600000|100%| O|  |TAMS 0x000000009a600000, 0x000000009a500000| Untracked 
| 422|0x000000009a600000, 0x000000009a700000, 0x000000009a700000|100%| O|  |TAMS 0x000000009a700000, 0x000000009a600000| Untracked 
| 423|0x000000009a700000, 0x000000009a800000, 0x000000009a800000|100%| O|  |TAMS 0x000000009a800000, 0x000000009a700000| Untracked 
| 424|0x000000009a800000, 0x000000009a900000, 0x000000009a900000|100%| O|  |TAMS 0x000000009a900000, 0x000000009a800000| Untracked 
| 425|0x000000009a900000, 0x000000009aa00000, 0x000000009aa00000|100%| O|  |TAMS 0x000000009aa00000, 0x000000009a900000| Untracked 
| 426|0x000000009aa00000, 0x000000009ab00000, 0x000000009ab00000|100%| O|  |TAMS 0x000000009ab00000, 0x000000009aa00000| Untracked 
| 427|0x000000009ab00000, 0x000000009ac00000, 0x000000009ac00000|100%| O|  |TAMS 0x000000009ac00000, 0x000000009ab00000| Untracked 
| 428|0x000000009ac00000, 0x000000009ad00000, 0x000000009ad00000|100%| O|  |TAMS 0x000000009ad00000, 0x000000009ac00000| Untracked 
| 429|0x000000009ad00000, 0x000000009ae00000, 0x000000009ae00000|100%| O|  |TAMS 0x000000009ae00000, 0x000000009ad00000| Untracked 
| 430|0x000000009ae00000, 0x000000009af00000, 0x000000009af00000|100%| O|  |TAMS 0x000000009af00000, 0x000000009ae00000| Untracked 
| 431|0x000000009af00000, 0x000000009af00000, 0x000000009b000000|  0%| F|  |TAMS 0x000000009af00000, 0x000000009af00000| Untracked 
| 432|0x000000009b000000, 0x000000009b100000, 0x000000009b100000|100%| O|  |TAMS 0x000000009b100000, 0x000000009b000000| Untracked 
| 433|0x000000009b100000, 0x000000009b100000, 0x000000009b200000|  0%| F|  |TAMS 0x000000009b100000, 0x000000009b100000| Untracked 
| 434|0x000000009b200000, 0x000000009b300000, 0x000000009b300000|100%| O|  |TAMS 0x000000009b300000, 0x000000009b200000| Untracked 
| 435|0x000000009b300000, 0x000000009b300000, 0x000000009b400000|  0%| F|  |TAMS 0x000000009b300000, 0x000000009b300000| Untracked 
| 436|0x000000009b400000, 0x000000009b400000, 0x000000009b500000|  0%| F|  |TAMS 0x000000009b400000, 0x000000009b400000| Untracked 
| 437|0x000000009b500000, 0x000000009b500000, 0x000000009b600000|  0%| F|  |TAMS 0x000000009b500000, 0x000000009b500000| Untracked 
| 438|0x000000009b600000, 0x000000009b600000, 0x000000009b700000|  0%| F|  |TAMS 0x000000009b600000, 0x000000009b600000| Untracked 
| 439|0x000000009b700000, 0x000000009b700000, 0x000000009b800000|  0%| F|  |TAMS 0x000000009b700000, 0x000000009b700000| Untracked 
| 440|0x000000009b800000, 0x000000009b800000, 0x000000009b900000|  0%| F|  |TAMS 0x000000009b800000, 0x000000009b800000| Untracked 
| 441|0x000000009b900000, 0x000000009b900000, 0x000000009ba00000|  0%| F|  |TAMS 0x000000009b900000, 0x000000009b900000| Untracked 
| 442|0x000000009ba00000, 0x000000009ba00000, 0x000000009bb00000|  0%| F|  |TAMS 0x000000009ba00000, 0x000000009ba00000| Untracked 
| 443|0x000000009bb00000, 0x000000009bb00000, 0x000000009bc00000|  0%| F|  |TAMS 0x000000009bb00000, 0x000000009bb00000| Untracked 
| 444|0x000000009bc00000, 0x000000009bc00000, 0x000000009bd00000|  0%| F|  |TAMS 0x000000009bc00000, 0x000000009bc00000| Untracked 
| 445|0x000000009bd00000, 0x000000009bd00000, 0x000000009be00000|  0%| F|  |TAMS 0x000000009bd00000, 0x000000009bd00000| Untracked 
| 446|0x000000009be00000, 0x000000009be00000, 0x000000009bf00000|  0%| F|  |TAMS 0x000000009be00000, 0x000000009be00000| Untracked 
| 447|0x000000009bf00000, 0x000000009bf00000, 0x000000009c000000|  0%| F|  |TAMS 0x000000009bf00000, 0x000000009bf00000| Untracked 
| 448|0x000000009c000000, 0x000000009c000000, 0x000000009c100000|  0%| F|  |TAMS 0x000000009c000000, 0x000000009c000000| Untracked 
| 449|0x000000009c100000, 0x000000009c100000, 0x000000009c200000|  0%| F|  |TAMS 0x000000009c100000, 0x000000009c100000| Untracked 
| 450|0x000000009c200000, 0x000000009c200000, 0x000000009c300000|  0%| F|  |TAMS 0x000000009c200000, 0x000000009c200000| Untracked 
| 451|0x000000009c300000, 0x000000009c400000, 0x000000009c400000|100%| O|  |TAMS 0x000000009c400000, 0x000000009c300000| Untracked 
| 452|0x000000009c400000, 0x000000009c500000, 0x000000009c500000|100%| O|  |TAMS 0x000000009c500000, 0x000000009c400000| Untracked 
| 453|0x000000009c500000, 0x000000009c600000, 0x000000009c600000|100%| O|  |TAMS 0x000000009c600000, 0x000000009c500000| Untracked 
| 454|0x000000009c600000, 0x000000009c700000, 0x000000009c700000|100%| O|  |TAMS 0x000000009c700000, 0x000000009c600000| Untracked 
| 455|0x000000009c700000, 0x000000009c800000, 0x000000009c800000|100%| O|  |TAMS 0x000000009c800000, 0x000000009c700000| Untracked 
| 456|0x000000009c800000, 0x000000009c900000, 0x000000009c900000|100%| O|  |TAMS 0x000000009c900000, 0x000000009c800000| Untracked 
| 457|0x000000009c900000, 0x000000009c900000, 0x000000009ca00000|  0%| F|  |TAMS 0x000000009c900000, 0x000000009c900000| Untracked 
| 458|0x000000009ca00000, 0x000000009ca00000, 0x000000009cb00000|  0%| F|  |TAMS 0x000000009ca00000, 0x000000009ca00000| Untracked 
| 459|0x000000009cb00000, 0x000000009cb00000, 0x000000009cc00000|  0%| F|  |TAMS 0x000000009cb00000, 0x000000009cb00000| Untracked 
| 460|0x000000009cc00000, 0x000000009cc00000, 0x000000009cd00000|  0%| F|  |TAMS 0x000000009cc00000, 0x000000009cc00000| Untracked 
| 461|0x000000009cd00000, 0x000000009cd00000, 0x000000009ce00000|  0%| F|  |TAMS 0x000000009cd00000, 0x000000009cd00000| Untracked 
| 462|0x000000009ce00000, 0x000000009ce00000, 0x000000009cf00000|  0%| F|  |TAMS 0x000000009ce00000, 0x000000009ce00000| Untracked 
| 463|0x000000009cf00000, 0x000000009d000000, 0x000000009d000000|100%| O|  |TAMS 0x000000009d000000, 0x000000009cf00000| Untracked 
| 464|0x000000009d000000, 0x000000009d100000, 0x000000009d100000|100%| O|  |TAMS 0x000000009d100000, 0x000000009d000000| Untracked 
| 465|0x000000009d100000, 0x000000009d200000, 0x000000009d200000|100%| O|  |TAMS 0x000000009d200000, 0x000000009d100000| Untracked 
| 466|0x000000009d200000, 0x000000009d300000, 0x000000009d300000|100%| O|  |TAMS 0x000000009d300000, 0x000000009d200000| Untracked 
| 467|0x000000009d300000, 0x000000009d400000, 0x000000009d400000|100%| O|  |TAMS 0x000000009d400000, 0x000000009d300000| Untracked 
| 468|0x000000009d400000, 0x000000009d500000, 0x000000009d500000|100%| O|  |TAMS 0x000000009d500000, 0x000000009d400000| Untracked 
| 469|0x000000009d500000, 0x000000009d600000, 0x000000009d600000|100%| O|  |TAMS 0x000000009d600000, 0x000000009d500000| Untracked 
| 470|0x000000009d600000, 0x000000009d700000, 0x000000009d700000|100%| O|  |TAMS 0x000000009d700000, 0x000000009d600000| Untracked 
| 471|0x000000009d700000, 0x000000009d800000, 0x000000009d800000|100%| O|  |TAMS 0x000000009d800000, 0x000000009d700000| Untracked 
| 472|0x000000009d800000, 0x000000009d900000, 0x000000009d900000|100%| O|  |TAMS 0x000000009d900000, 0x000000009d800000| Untracked 
| 473|0x000000009d900000, 0x000000009da00000, 0x000000009da00000|100%| O|  |TAMS 0x000000009da00000, 0x000000009d900000| Untracked 
| 474|0x000000009da00000, 0x000000009db00000, 0x000000009db00000|100%| O|  |TAMS 0x000000009db00000, 0x000000009da00000| Untracked 
| 475|0x000000009db00000, 0x000000009dc00000, 0x000000009dc00000|100%| O|  |TAMS 0x000000009dc00000, 0x000000009db00000| Untracked 
| 476|0x000000009dc00000, 0x000000009dd00000, 0x000000009dd00000|100%| O|  |TAMS 0x000000009dd00000, 0x000000009dc00000| Untracked 
| 477|0x000000009dd00000, 0x000000009de00000, 0x000000009de00000|100%| O|  |TAMS 0x000000009de00000, 0x000000009dd00000| Untracked 
| 478|0x000000009de00000, 0x000000009df00000, 0x000000009df00000|100%| O|  |TAMS 0x000000009df00000, 0x000000009de00000| Untracked 
| 479|0x000000009df00000, 0x000000009e000000, 0x000000009e000000|100%| O|  |TAMS 0x000000009e000000, 0x000000009df00000| Untracked 
| 480|0x000000009e000000, 0x000000009e000000, 0x000000009e100000|  0%| F|  |TAMS 0x000000009e000000, 0x000000009e000000| Untracked 
| 481|0x000000009e100000, 0x000000009e200000, 0x000000009e200000|100%| O|  |TAMS 0x000000009e200000, 0x000000009e100000| Untracked 
| 482|0x000000009e200000, 0x000000009e300000, 0x000000009e300000|100%| O|  |TAMS 0x000000009e300000, 0x000000009e200000| Untracked 
| 483|0x000000009e300000, 0x000000009e400000, 0x000000009e400000|100%| O|  |TAMS 0x000000009e400000, 0x000000009e300000| Untracked 
| 484|0x000000009e400000, 0x000000009e500000, 0x000000009e500000|100%| O|  |TAMS 0x000000009e500000, 0x000000009e400000| Untracked 
| 485|0x000000009e500000, 0x000000009e600000, 0x000000009e600000|100%| O|  |TAMS 0x000000009e600000, 0x000000009e500000| Untracked 
| 486|0x000000009e600000, 0x000000009e6eacc0, 0x000000009e700000| 91%| S|CS|TAMS 0x000000009e600000, 0x000000009e600000| Complete 
| 487|0x000000009e700000, 0x000000009e800000, 0x000000009e800000|100%| S|CS|TAMS 0x000000009e700000, 0x000000009e700000| Complete 
| 488|0x000000009e800000, 0x000000009e900000, 0x000000009e900000|100%| S|CS|TAMS 0x000000009e800000, 0x000000009e800000| Complete 
| 489|0x000000009e900000, 0x000000009ea00000, 0x000000009ea00000|100%| S|CS|TAMS 0x000000009e900000, 0x000000009e900000| Complete 
| 490|0x000000009ea00000, 0x000000009eb00000, 0x000000009eb00000|100%| S|CS|TAMS 0x000000009ea00000, 0x000000009ea00000| Complete 
| 491|0x000000009eb00000, 0x000000009ec00000, 0x000000009ec00000|100%| S|CS|TAMS 0x000000009eb00000, 0x000000009eb00000| Complete 
| 492|0x000000009ec00000, 0x000000009ed00000, 0x000000009ed00000|100%| S|CS|TAMS 0x000000009ec00000, 0x000000009ec00000| Complete 
| 493|0x000000009ed00000, 0x000000009ee00000, 0x000000009ee00000|100%| S|CS|TAMS 0x000000009ed00000, 0x000000009ed00000| Complete 
| 494|0x000000009ee00000, 0x000000009ef00000, 0x000000009ef00000|100%| S|CS|TAMS 0x000000009ee00000, 0x000000009ee00000| Complete 
| 495|0x000000009ef00000, 0x000000009f000000, 0x000000009f000000|100%| S|CS|TAMS 0x000000009ef00000, 0x000000009ef00000| Complete 
| 496|0x000000009f000000, 0x000000009f100000, 0x000000009f100000|100%| S|CS|TAMS 0x000000009f000000, 0x000000009f000000| Complete 
| 497|0x000000009f100000, 0x000000009f200000, 0x000000009f200000|100%| S|CS|TAMS 0x000000009f100000, 0x000000009f100000| Complete 
| 498|0x000000009f200000, 0x000000009f300000, 0x000000009f300000|100%| S|CS|TAMS 0x000000009f200000, 0x000000009f200000| Complete 
| 499|0x000000009f300000, 0x000000009f400000, 0x000000009f400000|100%| S|CS|TAMS 0x000000009f300000, 0x000000009f300000| Complete 
| 500|0x000000009f400000, 0x000000009f500000, 0x000000009f500000|100%| S|CS|TAMS 0x000000009f400000, 0x000000009f400000| Complete 
| 501|0x000000009f500000, 0x000000009f600000, 0x000000009f600000|100%| S|CS|TAMS 0x000000009f500000, 0x000000009f500000| Complete 
| 502|0x000000009f600000, 0x000000009f700000, 0x000000009f700000|100%| S|CS|TAMS 0x000000009f600000, 0x000000009f600000| Complete 
| 503|0x000000009f700000, 0x000000009f800000, 0x000000009f800000|100%| S|CS|TAMS 0x000000009f700000, 0x000000009f700000| Complete 
| 504|0x000000009f800000, 0x000000009f900000, 0x000000009f900000|100%| S|CS|TAMS 0x000000009f800000, 0x000000009f800000| Complete 
| 505|0x000000009f900000, 0x000000009fa00000, 0x000000009fa00000|100%| S|CS|TAMS 0x000000009f900000, 0x000000009f900000| Complete 
| 506|0x000000009fa00000, 0x000000009fb00000, 0x000000009fb00000|100%| S|CS|TAMS 0x000000009fa00000, 0x000000009fa00000| Complete 
| 507|0x000000009fb00000, 0x000000009fc00000, 0x000000009fc00000|100%| S|CS|TAMS 0x000000009fb00000, 0x000000009fb00000| Complete 
| 508|0x000000009fc00000, 0x000000009fd00000, 0x000000009fd00000|100%| S|CS|TAMS 0x000000009fc00000, 0x000000009fc00000| Complete 
| 509|0x000000009fd00000, 0x000000009fe00000, 0x000000009fe00000|100%| S|CS|TAMS 0x000000009fd00000, 0x000000009fd00000| Complete 
| 510|0x000000009fe00000, 0x000000009ff00000, 0x000000009ff00000|100%| S|CS|TAMS 0x000000009fe00000, 0x000000009fe00000| Complete 
| 511|0x000000009ff00000, 0x00000000a0000000, 0x00000000a0000000|100%| S|CS|TAMS 0x000000009ff00000, 0x000000009ff00000| Complete 
| 512|0x00000000a0000000, 0x00000000a0100000, 0x00000000a0100000|100%| S|CS|TAMS 0x00000000a0000000, 0x00000000a0000000| Complete 
| 513|0x00000000a0100000, 0x00000000a0200000, 0x00000000a0200000|100%| S|CS|TAMS 0x00000000a0100000, 0x00000000a0100000| Complete 
| 514|0x00000000a0200000, 0x00000000a0300000, 0x00000000a0300000|100%| S|CS|TAMS 0x00000000a0200000, 0x00000000a0200000| Complete 
| 515|0x00000000a0300000, 0x00000000a0400000, 0x00000000a0400000|100%| S|CS|TAMS 0x00000000a0300000, 0x00000000a0300000| Complete 
| 516|0x00000000a0400000, 0x00000000a0500000, 0x00000000a0500000|100%| S|CS|TAMS 0x00000000a0400000, 0x00000000a0400000| Complete 
| 517|0x00000000a0500000, 0x00000000a0600000, 0x00000000a0600000|100%| S|CS|TAMS 0x00000000a0500000, 0x00000000a0500000| Complete 
| 518|0x00000000a0600000, 0x00000000a0700000, 0x00000000a0700000|100%| S|CS|TAMS 0x00000000a0600000, 0x00000000a0600000| Complete 
| 519|0x00000000a0700000, 0x00000000a0800000, 0x00000000a0800000|100%| S|CS|TAMS 0x00000000a0700000, 0x00000000a0700000| Complete 
| 520|0x00000000a0800000, 0x00000000a0900000, 0x00000000a0900000|100%| S|CS|TAMS 0x00000000a0800000, 0x00000000a0800000| Complete 
| 521|0x00000000a0900000, 0x00000000a0a00000, 0x00000000a0a00000|100%| S|CS|TAMS 0x00000000a0900000, 0x00000000a0900000| Complete 
| 522|0x00000000a0a00000, 0x00000000a0b00000, 0x00000000a0b00000|100%| S|CS|TAMS 0x00000000a0a00000, 0x00000000a0a00000| Complete 
| 523|0x00000000a0b00000, 0x00000000a0c00000, 0x00000000a0c00000|100%| S|CS|TAMS 0x00000000a0b00000, 0x00000000a0b00000| Complete 
| 524|0x00000000a0c00000, 0x00000000a0d00000, 0x00000000a0d00000|100%| S|CS|TAMS 0x00000000a0c00000, 0x00000000a0c00000| Complete 
| 525|0x00000000a0d00000, 0x00000000a0e00000, 0x00000000a0e00000|100%| S|CS|TAMS 0x00000000a0d00000, 0x00000000a0d00000| Complete 
| 526|0x00000000a0e00000, 0x00000000a0f00000, 0x00000000a0f00000|100%| S|CS|TAMS 0x00000000a0e00000, 0x00000000a0e00000| Complete 
| 527|0x00000000a0f00000, 0x00000000a1000000, 0x00000000a1000000|100%| S|CS|TAMS 0x00000000a0f00000, 0x00000000a0f00000| Complete 
| 528|0x00000000a1000000, 0x00000000a1100000, 0x00000000a1100000|100%| S|CS|TAMS 0x00000000a1000000, 0x00000000a1000000| Complete 
| 529|0x00000000a1100000, 0x00000000a1100000, 0x00000000a1200000|  0%| F|  |TAMS 0x00000000a1100000, 0x00000000a1100000| Untracked 
| 530|0x00000000a1200000, 0x00000000a1200000, 0x00000000a1300000|  0%| F|  |TAMS 0x00000000a1200000, 0x00000000a1200000| Untracked 
| 531|0x00000000a1300000, 0x00000000a1300000, 0x00000000a1400000|  0%| F|  |TAMS 0x00000000a1300000, 0x00000000a1300000| Untracked 
| 532|0x00000000a1400000, 0x00000000a1400000, 0x00000000a1500000|  0%| F|  |TAMS 0x00000000a1400000, 0x00000000a1400000| Untracked 
| 533|0x00000000a1500000, 0x00000000a1500000, 0x00000000a1600000|  0%| F|  |TAMS 0x00000000a1500000, 0x00000000a1500000| Untracked 
| 534|0x00000000a1600000, 0x00000000a1600000, 0x00000000a1700000|  0%| F|  |TAMS 0x00000000a1600000, 0x00000000a1600000| Untracked 
| 535|0x00000000a1700000, 0x00000000a1700000, 0x00000000a1800000|  0%| F|  |TAMS 0x00000000a1700000, 0x00000000a1700000| Untracked 
| 536|0x00000000a1800000, 0x00000000a1800000, 0x00000000a1900000|  0%| F|  |TAMS 0x00000000a1800000, 0x00000000a1800000| Untracked 
| 537|0x00000000a1900000, 0x00000000a1900000, 0x00000000a1a00000|  0%| F|  |TAMS 0x00000000a1900000, 0x00000000a1900000| Untracked 
| 538|0x00000000a1a00000, 0x00000000a1a00000, 0x00000000a1b00000|  0%| F|  |TAMS 0x00000000a1a00000, 0x00000000a1a00000| Untracked 
| 539|0x00000000a1b00000, 0x00000000a1b00000, 0x00000000a1c00000|  0%| F|  |TAMS 0x00000000a1b00000, 0x00000000a1b00000| Untracked 
| 540|0x00000000a1c00000, 0x00000000a1c00000, 0x00000000a1d00000|  0%| F|  |TAMS 0x00000000a1c00000, 0x00000000a1c00000| Untracked 
| 541|0x00000000a1d00000, 0x00000000a1d00000, 0x00000000a1e00000|  0%| F|  |TAMS 0x00000000a1d00000, 0x00000000a1d00000| Untracked 
| 542|0x00000000a1e00000, 0x00000000a1e00000, 0x00000000a1f00000|  0%| F|  |TAMS 0x00000000a1e00000, 0x00000000a1e00000| Untracked 
| 543|0x00000000a1f00000, 0x00000000a1f00000, 0x00000000a2000000|  0%| F|  |TAMS 0x00000000a1f00000, 0x00000000a1f00000| Untracked 
| 544|0x00000000a2000000, 0x00000000a2000000, 0x00000000a2100000|  0%| F|  |TAMS 0x00000000a2000000, 0x00000000a2000000| Untracked 
| 545|0x00000000a2100000, 0x00000000a2100000, 0x00000000a2200000|  0%| F|  |TAMS 0x00000000a2100000, 0x00000000a2100000| Untracked 
| 546|0x00000000a2200000, 0x00000000a2200000, 0x00000000a2300000|  0%| F|  |TAMS 0x00000000a2200000, 0x00000000a2200000| Untracked 
| 547|0x00000000a2300000, 0x00000000a2300000, 0x00000000a2400000|  0%| F|  |TAMS 0x00000000a2300000, 0x00000000a2300000| Untracked 
| 548|0x00000000a2400000, 0x00000000a2400000, 0x00000000a2500000|  0%| F|  |TAMS 0x00000000a2400000, 0x00000000a2400000| Untracked 
| 549|0x00000000a2500000, 0x00000000a2500000, 0x00000000a2600000|  0%| F|  |TAMS 0x00000000a2500000, 0x00000000a2500000| Untracked 
| 550|0x00000000a2600000, 0x00000000a2600000, 0x00000000a2700000|  0%| F|  |TAMS 0x00000000a2600000, 0x00000000a2600000| Untracked 
| 551|0x00000000a2700000, 0x00000000a2700000, 0x00000000a2800000|  0%| F|  |TAMS 0x00000000a2700000, 0x00000000a2700000| Untracked 
| 552|0x00000000a2800000, 0x00000000a2800000, 0x00000000a2900000|  0%| F|  |TAMS 0x00000000a2800000, 0x00000000a2800000| Untracked 
| 553|0x00000000a2900000, 0x00000000a2900000, 0x00000000a2a00000|  0%| F|  |TAMS 0x00000000a2900000, 0x00000000a2900000| Untracked 
| 554|0x00000000a2a00000, 0x00000000a2a00000, 0x00000000a2b00000|  0%| F|  |TAMS 0x00000000a2a00000, 0x00000000a2a00000| Untracked 
| 555|0x00000000a2b00000, 0x00000000a2b00000, 0x00000000a2c00000|  0%| F|  |TAMS 0x00000000a2b00000, 0x00000000a2b00000| Untracked 
| 556|0x00000000a2c00000, 0x00000000a2c00000, 0x00000000a2d00000|  0%| F|  |TAMS 0x00000000a2c00000, 0x00000000a2c00000| Untracked 
| 557|0x00000000a2d00000, 0x00000000a2d00000, 0x00000000a2e00000|  0%| F|  |TAMS 0x00000000a2d00000, 0x00000000a2d00000| Untracked 
| 558|0x00000000a2e00000, 0x00000000a2e00000, 0x00000000a2f00000|  0%| F|  |TAMS 0x00000000a2e00000, 0x00000000a2e00000| Untracked 
| 559|0x00000000a2f00000, 0x00000000a2f00000, 0x00000000a3000000|  0%| F|  |TAMS 0x00000000a2f00000, 0x00000000a2f00000| Untracked 
| 560|0x00000000a3000000, 0x00000000a3000000, 0x00000000a3100000|  0%| F|  |TAMS 0x00000000a3000000, 0x00000000a3000000| Untracked 
| 561|0x00000000a3100000, 0x00000000a3100000, 0x00000000a3200000|  0%| F|  |TAMS 0x00000000a3100000, 0x00000000a3100000| Untracked 
| 562|0x00000000a3200000, 0x00000000a3200000, 0x00000000a3300000|  0%| F|  |TAMS 0x00000000a3200000, 0x00000000a3200000| Untracked 
| 563|0x00000000a3300000, 0x00000000a3300000, 0x00000000a3400000|  0%| F|  |TAMS 0x00000000a3300000, 0x00000000a3300000| Untracked 
| 564|0x00000000a3400000, 0x00000000a3400000, 0x00000000a3500000|  0%| F|  |TAMS 0x00000000a3400000, 0x00000000a3400000| Untracked 
| 565|0x00000000a3500000, 0x00000000a3500000, 0x00000000a3600000|  0%| F|  |TAMS 0x00000000a3500000, 0x00000000a3500000| Untracked 
| 566|0x00000000a3600000, 0x00000000a3600000, 0x00000000a3700000|  0%| F|  |TAMS 0x00000000a3600000, 0x00000000a3600000| Untracked 
| 567|0x00000000a3700000, 0x00000000a3700000, 0x00000000a3800000|  0%| F|  |TAMS 0x00000000a3700000, 0x00000000a3700000| Untracked 
| 568|0x00000000a3800000, 0x00000000a3800000, 0x00000000a3900000|  0%| F|  |TAMS 0x00000000a3800000, 0x00000000a3800000| Untracked 
| 569|0x00000000a3900000, 0x00000000a3900000, 0x00000000a3a00000|  0%| F|  |TAMS 0x00000000a3900000, 0x00000000a3900000| Untracked 
| 570|0x00000000a3a00000, 0x00000000a3a00000, 0x00000000a3b00000|  0%| F|  |TAMS 0x00000000a3a00000, 0x00000000a3a00000| Untracked 
| 571|0x00000000a3b00000, 0x00000000a3b00000, 0x00000000a3c00000|  0%| F|  |TAMS 0x00000000a3b00000, 0x00000000a3b00000| Untracked 
| 572|0x00000000a3c00000, 0x00000000a3c00000, 0x00000000a3d00000|  0%| F|  |TAMS 0x00000000a3c00000, 0x00000000a3c00000| Untracked 
| 573|0x00000000a3d00000, 0x00000000a3d00000, 0x00000000a3e00000|  0%| F|  |TAMS 0x00000000a3d00000, 0x00000000a3d00000| Untracked 
| 574|0x00000000a3e00000, 0x00000000a3e00000, 0x00000000a3f00000|  0%| F|  |TAMS 0x00000000a3e00000, 0x00000000a3e00000| Untracked 
| 575|0x00000000a3f00000, 0x00000000a3f00000, 0x00000000a4000000|  0%| F|  |TAMS 0x00000000a3f00000, 0x00000000a3f00000| Untracked 
| 576|0x00000000a4000000, 0x00000000a4000000, 0x00000000a4100000|  0%| F|  |TAMS 0x00000000a4000000, 0x00000000a4000000| Untracked 
| 577|0x00000000a4100000, 0x00000000a4100000, 0x00000000a4200000|  0%| F|  |TAMS 0x00000000a4100000, 0x00000000a4100000| Untracked 
| 578|0x00000000a4200000, 0x00000000a4200000, 0x00000000a4300000|  0%| F|  |TAMS 0x00000000a4200000, 0x00000000a4200000| Untracked 
| 579|0x00000000a4300000, 0x00000000a4300000, 0x00000000a4400000|  0%| F|  |TAMS 0x00000000a4300000, 0x00000000a4300000| Untracked 
| 580|0x00000000a4400000, 0x00000000a4400000, 0x00000000a4500000|  0%| F|  |TAMS 0x00000000a4400000, 0x00000000a4400000| Untracked 
| 581|0x00000000a4500000, 0x00000000a4500000, 0x00000000a4600000|  0%| F|  |TAMS 0x00000000a4500000, 0x00000000a4500000| Untracked 
| 582|0x00000000a4600000, 0x00000000a4600000, 0x00000000a4700000|  0%| F|  |TAMS 0x00000000a4600000, 0x00000000a4600000| Untracked 
| 583|0x00000000a4700000, 0x00000000a4700000, 0x00000000a4800000|  0%| F|  |TAMS 0x00000000a4700000, 0x00000000a4700000| Untracked 
| 584|0x00000000a4800000, 0x00000000a4800000, 0x00000000a4900000|  0%| F|  |TAMS 0x00000000a4800000, 0x00000000a4800000| Untracked 
| 585|0x00000000a4900000, 0x00000000a4900000, 0x00000000a4a00000|  0%| F|  |TAMS 0x00000000a4900000, 0x00000000a4900000| Untracked 
| 586|0x00000000a4a00000, 0x00000000a4a00000, 0x00000000a4b00000|  0%| F|  |TAMS 0x00000000a4a00000, 0x00000000a4a00000| Untracked 
| 587|0x00000000a4b00000, 0x00000000a4b00000, 0x00000000a4c00000|  0%| F|  |TAMS 0x00000000a4b00000, 0x00000000a4b00000| Untracked 
| 588|0x00000000a4c00000, 0x00000000a4c00000, 0x00000000a4d00000|  0%| F|  |TAMS 0x00000000a4c00000, 0x00000000a4c00000| Untracked 
| 589|0x00000000a4d00000, 0x00000000a4d00000, 0x00000000a4e00000|  0%| F|  |TAMS 0x00000000a4d00000, 0x00000000a4d00000| Untracked 
| 590|0x00000000a4e00000, 0x00000000a4e00000, 0x00000000a4f00000|  0%| F|  |TAMS 0x00000000a4e00000, 0x00000000a4e00000| Untracked 
| 591|0x00000000a4f00000, 0x00000000a4f00000, 0x00000000a5000000|  0%| F|  |TAMS 0x00000000a4f00000, 0x00000000a4f00000| Untracked 
| 592|0x00000000a5000000, 0x00000000a5000000, 0x00000000a5100000|  0%| F|  |TAMS 0x00000000a5000000, 0x00000000a5000000| Untracked 
| 593|0x00000000a5100000, 0x00000000a5100000, 0x00000000a5200000|  0%| F|  |TAMS 0x00000000a5100000, 0x00000000a5100000| Untracked 
| 594|0x00000000a5200000, 0x00000000a5200000, 0x00000000a5300000|  0%| F|  |TAMS 0x00000000a5200000, 0x00000000a5200000| Untracked 
| 595|0x00000000a5300000, 0x00000000a5300000, 0x00000000a5400000|  0%| F|  |TAMS 0x00000000a5300000, 0x00000000a5300000| Untracked 
| 596|0x00000000a5400000, 0x00000000a5400000, 0x00000000a5500000|  0%| F|  |TAMS 0x00000000a5400000, 0x00000000a5400000| Untracked 
| 597|0x00000000a5500000, 0x00000000a5500000, 0x00000000a5600000|  0%| F|  |TAMS 0x00000000a5500000, 0x00000000a5500000| Untracked 
| 598|0x00000000a5600000, 0x00000000a5600000, 0x00000000a5700000|  0%| F|  |TAMS 0x00000000a5600000, 0x00000000a5600000| Untracked 
| 599|0x00000000a5700000, 0x00000000a5700000, 0x00000000a5800000|  0%| F|  |TAMS 0x00000000a5700000, 0x00000000a5700000| Untracked 
| 600|0x00000000a5800000, 0x00000000a5800000, 0x00000000a5900000|  0%| F|  |TAMS 0x00000000a5800000, 0x00000000a5800000| Untracked 
| 601|0x00000000a5900000, 0x00000000a5900000, 0x00000000a5a00000|  0%| F|  |TAMS 0x00000000a5900000, 0x00000000a5900000| Untracked 
| 602|0x00000000a5a00000, 0x00000000a5a00000, 0x00000000a5b00000|  0%| F|  |TAMS 0x00000000a5a00000, 0x00000000a5a00000| Untracked 
| 603|0x00000000a5b00000, 0x00000000a5b00000, 0x00000000a5c00000|  0%| F|  |TAMS 0x00000000a5b00000, 0x00000000a5b00000| Untracked 
| 604|0x00000000a5c00000, 0x00000000a5c00000, 0x00000000a5d00000|  0%| F|  |TAMS 0x00000000a5c00000, 0x00000000a5c00000| Untracked 
| 605|0x00000000a5d00000, 0x00000000a5d00000, 0x00000000a5e00000|  0%| F|  |TAMS 0x00000000a5d00000, 0x00000000a5d00000| Untracked 
| 606|0x00000000a5e00000, 0x00000000a5e00000, 0x00000000a5f00000|  0%| F|  |TAMS 0x00000000a5e00000, 0x00000000a5e00000| Untracked 
| 607|0x00000000a5f00000, 0x00000000a5f00000, 0x00000000a6000000|  0%| F|  |TAMS 0x00000000a5f00000, 0x00000000a5f00000| Untracked 
| 608|0x00000000a6000000, 0x00000000a6000000, 0x00000000a6100000|  0%| F|  |TAMS 0x00000000a6000000, 0x00000000a6000000| Untracked 
| 609|0x00000000a6100000, 0x00000000a6100000, 0x00000000a6200000|  0%| F|  |TAMS 0x00000000a6100000, 0x00000000a6100000| Untracked 
| 610|0x00000000a6200000, 0x00000000a6200000, 0x00000000a6300000|  0%| F|  |TAMS 0x00000000a6200000, 0x00000000a6200000| Untracked 
| 611|0x00000000a6300000, 0x00000000a6300000, 0x00000000a6400000|  0%| F|  |TAMS 0x00000000a6300000, 0x00000000a6300000| Untracked 
| 612|0x00000000a6400000, 0x00000000a6400000, 0x00000000a6500000|  0%| F|  |TAMS 0x00000000a6400000, 0x00000000a6400000| Untracked 
| 613|0x00000000a6500000, 0x00000000a6500000, 0x00000000a6600000|  0%| F|  |TAMS 0x00000000a6500000, 0x00000000a6500000| Untracked 
| 614|0x00000000a6600000, 0x00000000a6600000, 0x00000000a6700000|  0%| F|  |TAMS 0x00000000a6600000, 0x00000000a6600000| Untracked 
| 615|0x00000000a6700000, 0x00000000a6700000, 0x00000000a6800000|  0%| F|  |TAMS 0x00000000a6700000, 0x00000000a6700000| Untracked 
| 616|0x00000000a6800000, 0x00000000a6800000, 0x00000000a6900000|  0%| F|  |TAMS 0x00000000a6800000, 0x00000000a6800000| Untracked 
| 617|0x00000000a6900000, 0x00000000a6900000, 0x00000000a6a00000|  0%| F|  |TAMS 0x00000000a6900000, 0x00000000a6900000| Untracked 
| 618|0x00000000a6a00000, 0x00000000a6a00000, 0x00000000a6b00000|  0%| F|  |TAMS 0x00000000a6a00000, 0x00000000a6a00000| Untracked 
| 619|0x00000000a6b00000, 0x00000000a6b00000, 0x00000000a6c00000|  0%| F|  |TAMS 0x00000000a6b00000, 0x00000000a6b00000| Untracked 
| 620|0x00000000a6c00000, 0x00000000a6c00000, 0x00000000a6d00000|  0%| F|  |TAMS 0x00000000a6c00000, 0x00000000a6c00000| Untracked 
| 621|0x00000000a6d00000, 0x00000000a6d00000, 0x00000000a6e00000|  0%| F|  |TAMS 0x00000000a6d00000, 0x00000000a6d00000| Untracked 
| 622|0x00000000a6e00000, 0x00000000a6e00000, 0x00000000a6f00000|  0%| F|  |TAMS 0x00000000a6e00000, 0x00000000a6e00000| Untracked 
| 623|0x00000000a6f00000, 0x00000000a6f00000, 0x00000000a7000000|  0%| F|  |TAMS 0x00000000a6f00000, 0x00000000a6f00000| Untracked 
| 624|0x00000000a7000000, 0x00000000a7000000, 0x00000000a7100000|  0%| F|  |TAMS 0x00000000a7000000, 0x00000000a7000000| Untracked 
| 625|0x00000000a7100000, 0x00000000a7100000, 0x00000000a7200000|  0%| F|  |TAMS 0x00000000a7100000, 0x00000000a7100000| Untracked 
| 626|0x00000000a7200000, 0x00000000a7200000, 0x00000000a7300000|  0%| F|  |TAMS 0x00000000a7200000, 0x00000000a7200000| Untracked 
| 627|0x00000000a7300000, 0x00000000a7300000, 0x00000000a7400000|  0%| F|  |TAMS 0x00000000a7300000, 0x00000000a7300000| Untracked 
| 628|0x00000000a7400000, 0x00000000a7400000, 0x00000000a7500000|  0%| F|  |TAMS 0x00000000a7400000, 0x00000000a7400000| Untracked 
| 629|0x00000000a7500000, 0x00000000a7500000, 0x00000000a7600000|  0%| F|  |TAMS 0x00000000a7500000, 0x00000000a7500000| Untracked 
| 630|0x00000000a7600000, 0x00000000a7600000, 0x00000000a7700000|  0%| F|  |TAMS 0x00000000a7600000, 0x00000000a7600000| Untracked 
| 631|0x00000000a7700000, 0x00000000a7700000, 0x00000000a7800000|  0%| F|  |TAMS 0x00000000a7700000, 0x00000000a7700000| Untracked 
| 632|0x00000000a7800000, 0x00000000a7800000, 0x00000000a7900000|  0%| F|  |TAMS 0x00000000a7800000, 0x00000000a7800000| Untracked 
| 633|0x00000000a7900000, 0x00000000a7900000, 0x00000000a7a00000|  0%| F|  |TAMS 0x00000000a7900000, 0x00000000a7900000| Untracked 
| 634|0x00000000a7a00000, 0x00000000a7a00000, 0x00000000a7b00000|  0%| F|  |TAMS 0x00000000a7a00000, 0x00000000a7a00000| Untracked 
| 635|0x00000000a7b00000, 0x00000000a7b00000, 0x00000000a7c00000|  0%| F|  |TAMS 0x00000000a7b00000, 0x00000000a7b00000| Untracked 
| 636|0x00000000a7c00000, 0x00000000a7c00000, 0x00000000a7d00000|  0%| F|  |TAMS 0x00000000a7c00000, 0x00000000a7c00000| Untracked 
| 637|0x00000000a7d00000, 0x00000000a7d00000, 0x00000000a7e00000|  0%| F|  |TAMS 0x00000000a7d00000, 0x00000000a7d00000| Untracked 
| 638|0x00000000a7e00000, 0x00000000a7e00000, 0x00000000a7f00000|  0%| F|  |TAMS 0x00000000a7e00000, 0x00000000a7e00000| Untracked 
| 639|0x00000000a7f00000, 0x00000000a7f00000, 0x00000000a8000000|  0%| F|  |TAMS 0x00000000a7f00000, 0x00000000a7f00000| Untracked 
| 640|0x00000000a8000000, 0x00000000a8000000, 0x00000000a8100000|  0%| F|  |TAMS 0x00000000a8000000, 0x00000000a8000000| Untracked 
| 641|0x00000000a8100000, 0x00000000a8100000, 0x00000000a8200000|  0%| F|  |TAMS 0x00000000a8100000, 0x00000000a8100000| Untracked 
| 642|0x00000000a8200000, 0x00000000a8200000, 0x00000000a8300000|  0%| F|  |TAMS 0x00000000a8200000, 0x00000000a8200000| Untracked 
| 643|0x00000000a8300000, 0x00000000a8300000, 0x00000000a8400000|  0%| F|  |TAMS 0x00000000a8300000, 0x00000000a8300000| Untracked 
| 644|0x00000000a8400000, 0x00000000a8400000, 0x00000000a8500000|  0%| F|  |TAMS 0x00000000a8400000, 0x00000000a8400000| Untracked 
| 645|0x00000000a8500000, 0x00000000a8500000, 0x00000000a8600000|  0%| F|  |TAMS 0x00000000a8500000, 0x00000000a8500000| Untracked 
| 646|0x00000000a8600000, 0x00000000a8600000, 0x00000000a8700000|  0%| F|  |TAMS 0x00000000a8600000, 0x00000000a8600000| Untracked 
| 647|0x00000000a8700000, 0x00000000a8700000, 0x00000000a8800000|  0%| F|  |TAMS 0x00000000a8700000, 0x00000000a8700000| Untracked 
| 648|0x00000000a8800000, 0x00000000a8800000, 0x00000000a8900000|  0%| F|  |TAMS 0x00000000a8800000, 0x00000000a8800000| Untracked 
| 649|0x00000000a8900000, 0x00000000a8900000, 0x00000000a8a00000|  0%| F|  |TAMS 0x00000000a8900000, 0x00000000a8900000| Untracked 
| 650|0x00000000a8a00000, 0x00000000a8a00000, 0x00000000a8b00000|  0%| F|  |TAMS 0x00000000a8a00000, 0x00000000a8a00000| Untracked 
| 651|0x00000000a8b00000, 0x00000000a8b00000, 0x00000000a8c00000|  0%| F|  |TAMS 0x00000000a8b00000, 0x00000000a8b00000| Untracked 
| 652|0x00000000a8c00000, 0x00000000a8c00000, 0x00000000a8d00000|  0%| F|  |TAMS 0x00000000a8c00000, 0x00000000a8c00000| Untracked 
| 653|0x00000000a8d00000, 0x00000000a8d00000, 0x00000000a8e00000|  0%| F|  |TAMS 0x00000000a8d00000, 0x00000000a8d00000| Untracked 
| 654|0x00000000a8e00000, 0x00000000a8e00000, 0x00000000a8f00000|  0%| F|  |TAMS 0x00000000a8e00000, 0x00000000a8e00000| Untracked 
| 655|0x00000000a8f00000, 0x00000000a8f00000, 0x00000000a9000000|  0%| F|  |TAMS 0x00000000a8f00000, 0x00000000a8f00000| Untracked 
| 656|0x00000000a9000000, 0x00000000a9000000, 0x00000000a9100000|  0%| F|  |TAMS 0x00000000a9000000, 0x00000000a9000000| Untracked 
| 657|0x00000000a9100000, 0x00000000a9100000, 0x00000000a9200000|  0%| F|  |TAMS 0x00000000a9100000, 0x00000000a9100000| Untracked 
| 658|0x00000000a9200000, 0x00000000a9200000, 0x00000000a9300000|  0%| F|  |TAMS 0x00000000a9200000, 0x00000000a9200000| Untracked 
| 659|0x00000000a9300000, 0x00000000a9300000, 0x00000000a9400000|  0%| F|  |TAMS 0x00000000a9300000, 0x00000000a9300000| Untracked 
| 660|0x00000000a9400000, 0x00000000a9400000, 0x00000000a9500000|  0%| F|  |TAMS 0x00000000a9400000, 0x00000000a9400000| Untracked 
| 661|0x00000000a9500000, 0x00000000a9500000, 0x00000000a9600000|  0%| F|  |TAMS 0x00000000a9500000, 0x00000000a9500000| Untracked 
| 662|0x00000000a9600000, 0x00000000a9600000, 0x00000000a9700000|  0%| F|  |TAMS 0x00000000a9600000, 0x00000000a9600000| Untracked 
| 663|0x00000000a9700000, 0x00000000a9700000, 0x00000000a9800000|  0%| F|  |TAMS 0x00000000a9700000, 0x00000000a9700000| Untracked 
| 664|0x00000000a9800000, 0x00000000a9800000, 0x00000000a9900000|  0%| F|  |TAMS 0x00000000a9800000, 0x00000000a9800000| Untracked 
| 665|0x00000000a9900000, 0x00000000a9900000, 0x00000000a9a00000|  0%| F|  |TAMS 0x00000000a9900000, 0x00000000a9900000| Untracked 
| 666|0x00000000a9a00000, 0x00000000a9a00000, 0x00000000a9b00000|  0%| F|  |TAMS 0x00000000a9a00000, 0x00000000a9a00000| Untracked 
| 667|0x00000000a9b00000, 0x00000000a9b00000, 0x00000000a9c00000|  0%| F|  |TAMS 0x00000000a9b00000, 0x00000000a9b00000| Untracked 
| 668|0x00000000a9c00000, 0x00000000a9c00000, 0x00000000a9d00000|  0%| F|  |TAMS 0x00000000a9c00000, 0x00000000a9c00000| Untracked 
| 669|0x00000000a9d00000, 0x00000000a9d00000, 0x00000000a9e00000|  0%| F|  |TAMS 0x00000000a9d00000, 0x00000000a9d00000| Untracked 
| 670|0x00000000a9e00000, 0x00000000a9e00000, 0x00000000a9f00000|  0%| F|  |TAMS 0x00000000a9e00000, 0x00000000a9e00000| Untracked 
| 671|0x00000000a9f00000, 0x00000000a9f00000, 0x00000000aa000000|  0%| F|  |TAMS 0x00000000a9f00000, 0x00000000a9f00000| Untracked 
| 672|0x00000000aa000000, 0x00000000aa000000, 0x00000000aa100000|  0%| F|  |TAMS 0x00000000aa000000, 0x00000000aa000000| Untracked 
| 673|0x00000000aa100000, 0x00000000aa100000, 0x00000000aa200000|  0%| F|  |TAMS 0x00000000aa100000, 0x00000000aa100000| Untracked 
| 674|0x00000000aa200000, 0x00000000aa200000, 0x00000000aa300000|  0%| F|  |TAMS 0x00000000aa200000, 0x00000000aa200000| Untracked 
| 675|0x00000000aa300000, 0x00000000aa300000, 0x00000000aa400000|  0%| F|  |TAMS 0x00000000aa300000, 0x00000000aa300000| Untracked 
| 676|0x00000000aa400000, 0x00000000aa400000, 0x00000000aa500000|  0%| F|  |TAMS 0x00000000aa400000, 0x00000000aa400000| Untracked 
| 677|0x00000000aa500000, 0x00000000aa500000, 0x00000000aa600000|  0%| F|  |TAMS 0x00000000aa500000, 0x00000000aa500000| Untracked 
| 678|0x00000000aa600000, 0x00000000aa600000, 0x00000000aa700000|  0%| F|  |TAMS 0x00000000aa600000, 0x00000000aa600000| Untracked 
| 679|0x00000000aa700000, 0x00000000aa700000, 0x00000000aa800000|  0%| F|  |TAMS 0x00000000aa700000, 0x00000000aa700000| Untracked 
| 680|0x00000000aa800000, 0x00000000aa800000, 0x00000000aa900000|  0%| F|  |TAMS 0x00000000aa800000, 0x00000000aa800000| Untracked 
| 681|0x00000000aa900000, 0x00000000aa900000, 0x00000000aaa00000|  0%| F|  |TAMS 0x00000000aa900000, 0x00000000aa900000| Untracked 
| 682|0x00000000aaa00000, 0x00000000aaa00000, 0x00000000aab00000|  0%| F|  |TAMS 0x00000000aaa00000, 0x00000000aaa00000| Untracked 
| 683|0x00000000aab00000, 0x00000000aab00000, 0x00000000aac00000|  0%| F|  |TAMS 0x00000000aab00000, 0x00000000aab00000| Untracked 
| 684|0x00000000aac00000, 0x00000000aac00000, 0x00000000aad00000|  0%| F|  |TAMS 0x00000000aac00000, 0x00000000aac00000| Untracked 
| 685|0x00000000aad00000, 0x00000000aad00000, 0x00000000aae00000|  0%| F|  |TAMS 0x00000000aad00000, 0x00000000aad00000| Untracked 
| 686|0x00000000aae00000, 0x00000000aae00000, 0x00000000aaf00000|  0%| F|  |TAMS 0x00000000aae00000, 0x00000000aae00000| Untracked 
| 687|0x00000000aaf00000, 0x00000000aaf00000, 0x00000000ab000000|  0%| F|  |TAMS 0x00000000aaf00000, 0x00000000aaf00000| Untracked 
| 688|0x00000000ab000000, 0x00000000ab000000, 0x00000000ab100000|  0%| F|  |TAMS 0x00000000ab000000, 0x00000000ab000000| Untracked 
| 689|0x00000000ab100000, 0x00000000ab100000, 0x00000000ab200000|  0%| F|  |TAMS 0x00000000ab100000, 0x00000000ab100000| Untracked 
| 690|0x00000000ab200000, 0x00000000ab200000, 0x00000000ab300000|  0%| F|  |TAMS 0x00000000ab200000, 0x00000000ab200000| Untracked 
| 691|0x00000000ab300000, 0x00000000ab300000, 0x00000000ab400000|  0%| F|  |TAMS 0x00000000ab300000, 0x00000000ab300000| Untracked 
| 692|0x00000000ab400000, 0x00000000ab400000, 0x00000000ab500000|  0%| F|  |TAMS 0x00000000ab400000, 0x00000000ab400000| Untracked 
| 693|0x00000000ab500000, 0x00000000ab500000, 0x00000000ab600000|  0%| F|  |TAMS 0x00000000ab500000, 0x00000000ab500000| Untracked 
| 694|0x00000000ab600000, 0x00000000ab600000, 0x00000000ab700000|  0%| F|  |TAMS 0x00000000ab600000, 0x00000000ab600000| Untracked 
| 695|0x00000000ab700000, 0x00000000ab700000, 0x00000000ab800000|  0%| F|  |TAMS 0x00000000ab700000, 0x00000000ab700000| Untracked 
| 696|0x00000000ab800000, 0x00000000ab800000, 0x00000000ab900000|  0%| F|  |TAMS 0x00000000ab800000, 0x00000000ab800000| Untracked 
| 697|0x00000000ab900000, 0x00000000ab900000, 0x00000000aba00000|  0%| F|  |TAMS 0x00000000ab900000, 0x00000000ab900000| Untracked 
| 698|0x00000000aba00000, 0x00000000aba00000, 0x00000000abb00000|  0%| F|  |TAMS 0x00000000aba00000, 0x00000000aba00000| Untracked 
| 699|0x00000000abb00000, 0x00000000abb00000, 0x00000000abc00000|  0%| F|  |TAMS 0x00000000abb00000, 0x00000000abb00000| Untracked 
| 700|0x00000000abc00000, 0x00000000abc00000, 0x00000000abd00000|  0%| F|  |TAMS 0x00000000abc00000, 0x00000000abc00000| Untracked 
| 701|0x00000000abd00000, 0x00000000abd00000, 0x00000000abe00000|  0%| F|  |TAMS 0x00000000abd00000, 0x00000000abd00000| Untracked 
| 702|0x00000000abe00000, 0x00000000abe00000, 0x00000000abf00000|  0%| F|  |TAMS 0x00000000abe00000, 0x00000000abe00000| Untracked 
| 703|0x00000000abf00000, 0x00000000abf00000, 0x00000000ac000000|  0%| F|  |TAMS 0x00000000abf00000, 0x00000000abf00000| Untracked 
| 704|0x00000000ac000000, 0x00000000ac000000, 0x00000000ac100000|  0%| F|  |TAMS 0x00000000ac000000, 0x00000000ac000000| Untracked 
| 705|0x00000000ac100000, 0x00000000ac100000, 0x00000000ac200000|  0%| F|  |TAMS 0x00000000ac100000, 0x00000000ac100000| Untracked 
| 706|0x00000000ac200000, 0x00000000ac200000, 0x00000000ac300000|  0%| F|  |TAMS 0x00000000ac200000, 0x00000000ac200000| Untracked 
| 707|0x00000000ac300000, 0x00000000ac300000, 0x00000000ac400000|  0%| F|  |TAMS 0x00000000ac300000, 0x00000000ac300000| Untracked 
| 708|0x00000000ac400000, 0x00000000ac400000, 0x00000000ac500000|  0%| F|  |TAMS 0x00000000ac400000, 0x00000000ac400000| Untracked 
| 709|0x00000000ac500000, 0x00000000ac500000, 0x00000000ac600000|  0%| F|  |TAMS 0x00000000ac500000, 0x00000000ac500000| Untracked 
| 710|0x00000000ac600000, 0x00000000ac600000, 0x00000000ac700000|  0%| F|  |TAMS 0x00000000ac600000, 0x00000000ac600000| Untracked 
| 711|0x00000000ac700000, 0x00000000ac700000, 0x00000000ac800000|  0%| F|  |TAMS 0x00000000ac700000, 0x00000000ac700000| Untracked 
| 712|0x00000000ac800000, 0x00000000ac800000, 0x00000000ac900000|  0%| F|  |TAMS 0x00000000ac800000, 0x00000000ac800000| Untracked 
| 713|0x00000000ac900000, 0x00000000ac900000, 0x00000000aca00000|  0%| F|  |TAMS 0x00000000ac900000, 0x00000000ac900000| Untracked 
| 714|0x00000000aca00000, 0x00000000aca00000, 0x00000000acb00000|  0%| F|  |TAMS 0x00000000aca00000, 0x00000000aca00000| Untracked 
| 715|0x00000000acb00000, 0x00000000acb00000, 0x00000000acc00000|  0%| F|  |TAMS 0x00000000acb00000, 0x00000000acb00000| Untracked 
| 716|0x00000000acc00000, 0x00000000acc00000, 0x00000000acd00000|  0%| F|  |TAMS 0x00000000acc00000, 0x00000000acc00000| Untracked 
| 717|0x00000000acd00000, 0x00000000acd00000, 0x00000000ace00000|  0%| F|  |TAMS 0x00000000acd00000, 0x00000000acd00000| Untracked 
| 718|0x00000000ace00000, 0x00000000ace00000, 0x00000000acf00000|  0%| F|  |TAMS 0x00000000ace00000, 0x00000000ace00000| Untracked 
| 719|0x00000000acf00000, 0x00000000acf00000, 0x00000000ad000000|  0%| F|  |TAMS 0x00000000acf00000, 0x00000000acf00000| Untracked 
| 720|0x00000000ad000000, 0x00000000ad000000, 0x00000000ad100000|  0%| F|  |TAMS 0x00000000ad000000, 0x00000000ad000000| Untracked 
| 721|0x00000000ad100000, 0x00000000ad100000, 0x00000000ad200000|  0%| F|  |TAMS 0x00000000ad100000, 0x00000000ad100000| Untracked 
| 722|0x00000000ad200000, 0x00000000ad200000, 0x00000000ad300000|  0%| F|  |TAMS 0x00000000ad200000, 0x00000000ad200000| Untracked 
| 723|0x00000000ad300000, 0x00000000ad300000, 0x00000000ad400000|  0%| F|  |TAMS 0x00000000ad300000, 0x00000000ad300000| Untracked 
| 724|0x00000000ad400000, 0x00000000ad400000, 0x00000000ad500000|  0%| F|  |TAMS 0x00000000ad400000, 0x00000000ad400000| Untracked 
| 725|0x00000000ad500000, 0x00000000ad500000, 0x00000000ad600000|  0%| F|  |TAMS 0x00000000ad500000, 0x00000000ad500000| Untracked 
| 726|0x00000000ad600000, 0x00000000ad600000, 0x00000000ad700000|  0%| F|  |TAMS 0x00000000ad600000, 0x00000000ad600000| Untracked 
| 727|0x00000000ad700000, 0x00000000ad700000, 0x00000000ad800000|  0%| F|  |TAMS 0x00000000ad700000, 0x00000000ad700000| Untracked 
| 728|0x00000000ad800000, 0x00000000ad800000, 0x00000000ad900000|  0%| F|  |TAMS 0x00000000ad800000, 0x00000000ad800000| Untracked 
| 729|0x00000000ad900000, 0x00000000ad900000, 0x00000000ada00000|  0%| F|  |TAMS 0x00000000ad900000, 0x00000000ad900000| Untracked 
| 730|0x00000000ada00000, 0x00000000ada00000, 0x00000000adb00000|  0%| F|  |TAMS 0x00000000ada00000, 0x00000000ada00000| Untracked 
| 731|0x00000000adb00000, 0x00000000adb00000, 0x00000000adc00000|  0%| F|  |TAMS 0x00000000adb00000, 0x00000000adb00000| Untracked 
| 732|0x00000000adc00000, 0x00000000adc00000, 0x00000000add00000|  0%| F|  |TAMS 0x00000000adc00000, 0x00000000adc00000| Untracked 
| 733|0x00000000add00000, 0x00000000add00000, 0x00000000ade00000|  0%| F|  |TAMS 0x00000000add00000, 0x00000000add00000| Untracked 
| 734|0x00000000ade00000, 0x00000000ade00000, 0x00000000adf00000|  0%| F|  |TAMS 0x00000000ade00000, 0x00000000ade00000| Untracked 
| 735|0x00000000adf00000, 0x00000000adf00000, 0x00000000ae000000|  0%| F|  |TAMS 0x00000000adf00000, 0x00000000adf00000| Untracked 
| 736|0x00000000ae000000, 0x00000000ae000000, 0x00000000ae100000|  0%| F|  |TAMS 0x00000000ae000000, 0x00000000ae000000| Untracked 
| 737|0x00000000ae100000, 0x00000000ae100000, 0x00000000ae200000|  0%| F|  |TAMS 0x00000000ae100000, 0x00000000ae100000| Untracked 
| 738|0x00000000ae200000, 0x00000000ae200000, 0x00000000ae300000|  0%| F|  |TAMS 0x00000000ae200000, 0x00000000ae200000| Untracked 
| 739|0x00000000ae300000, 0x00000000ae300000, 0x00000000ae400000|  0%| F|  |TAMS 0x00000000ae300000, 0x00000000ae300000| Untracked 
| 740|0x00000000ae400000, 0x00000000ae400000, 0x00000000ae500000|  0%| F|  |TAMS 0x00000000ae400000, 0x00000000ae400000| Untracked 
| 741|0x00000000ae500000, 0x00000000ae500000, 0x00000000ae600000|  0%| F|  |TAMS 0x00000000ae500000, 0x00000000ae500000| Untracked 
| 742|0x00000000ae600000, 0x00000000ae600000, 0x00000000ae700000|  0%| F|  |TAMS 0x00000000ae600000, 0x00000000ae600000| Untracked 
| 743|0x00000000ae700000, 0x00000000ae700000, 0x00000000ae800000|  0%| F|  |TAMS 0x00000000ae700000, 0x00000000ae700000| Untracked 
| 744|0x00000000ae800000, 0x00000000ae800000, 0x00000000ae900000|  0%| F|  |TAMS 0x00000000ae800000, 0x00000000ae800000| Untracked 
| 745|0x00000000ae900000, 0x00000000ae900000, 0x00000000aea00000|  0%| F|  |TAMS 0x00000000ae900000, 0x00000000ae900000| Untracked 
| 746|0x00000000aea00000, 0x00000000aea00000, 0x00000000aeb00000|  0%| F|  |TAMS 0x00000000aea00000, 0x00000000aea00000| Untracked 
| 747|0x00000000aeb00000, 0x00000000aeb00000, 0x00000000aec00000|  0%| F|  |TAMS 0x00000000aeb00000, 0x00000000aeb00000| Untracked 
| 748|0x00000000aec00000, 0x00000000aec00000, 0x00000000aed00000|  0%| F|  |TAMS 0x00000000aec00000, 0x00000000aec00000| Untracked 
| 749|0x00000000aed00000, 0x00000000aed00000, 0x00000000aee00000|  0%| F|  |TAMS 0x00000000aed00000, 0x00000000aed00000| Untracked 
| 750|0x00000000aee00000, 0x00000000aee00000, 0x00000000aef00000|  0%| F|  |TAMS 0x00000000aee00000, 0x00000000aee00000| Untracked 
| 751|0x00000000aef00000, 0x00000000aef00000, 0x00000000af000000|  0%| F|  |TAMS 0x00000000aef00000, 0x00000000aef00000| Untracked 
| 752|0x00000000af000000, 0x00000000af000000, 0x00000000af100000|  0%| F|  |TAMS 0x00000000af000000, 0x00000000af000000| Untracked 
| 753|0x00000000af100000, 0x00000000af100000, 0x00000000af200000|  0%| F|  |TAMS 0x00000000af100000, 0x00000000af100000| Untracked 
| 754|0x00000000af200000, 0x00000000af200000, 0x00000000af300000|  0%| F|  |TAMS 0x00000000af200000, 0x00000000af200000| Untracked 
| 755|0x00000000af300000, 0x00000000af300000, 0x00000000af400000|  0%| F|  |TAMS 0x00000000af300000, 0x00000000af300000| Untracked 
| 756|0x00000000af400000, 0x00000000af400000, 0x00000000af500000|  0%| F|  |TAMS 0x00000000af400000, 0x00000000af400000| Untracked 
| 757|0x00000000af500000, 0x00000000af500000, 0x00000000af600000|  0%| F|  |TAMS 0x00000000af500000, 0x00000000af500000| Untracked 
| 758|0x00000000af600000, 0x00000000af600000, 0x00000000af700000|  0%| F|  |TAMS 0x00000000af600000, 0x00000000af600000| Untracked 
| 759|0x00000000af700000, 0x00000000af700000, 0x00000000af800000|  0%| F|  |TAMS 0x00000000af700000, 0x00000000af700000| Untracked 
| 760|0x00000000af800000, 0x00000000af800000, 0x00000000af900000|  0%| F|  |TAMS 0x00000000af800000, 0x00000000af800000| Untracked 
| 761|0x00000000af900000, 0x00000000af900000, 0x00000000afa00000|  0%| F|  |TAMS 0x00000000af900000, 0x00000000af900000| Untracked 
| 762|0x00000000afa00000, 0x00000000afa00000, 0x00000000afb00000|  0%| F|  |TAMS 0x00000000afa00000, 0x00000000afa00000| Untracked 
| 763|0x00000000afb00000, 0x00000000afb00000, 0x00000000afc00000|  0%| F|  |TAMS 0x00000000afb00000, 0x00000000afb00000| Untracked 
| 764|0x00000000afc00000, 0x00000000afc00000, 0x00000000afd00000|  0%| F|  |TAMS 0x00000000afc00000, 0x00000000afc00000| Untracked 
| 765|0x00000000afd00000, 0x00000000afd00000, 0x00000000afe00000|  0%| F|  |TAMS 0x00000000afd00000, 0x00000000afd00000| Untracked 
| 766|0x00000000afe00000, 0x00000000afe00000, 0x00000000aff00000|  0%| F|  |TAMS 0x00000000afe00000, 0x00000000afe00000| Untracked 
| 767|0x00000000aff00000, 0x00000000aff00000, 0x00000000b0000000|  0%| F|  |TAMS 0x00000000aff00000, 0x00000000aff00000| Untracked 
| 768|0x00000000b0000000, 0x00000000b0000000, 0x00000000b0100000|  0%| F|  |TAMS 0x00000000b0000000, 0x00000000b0000000| Untracked 
| 769|0x00000000b0100000, 0x00000000b0100000, 0x00000000b0200000|  0%| F|  |TAMS 0x00000000b0100000, 0x00000000b0100000| Untracked 
| 770|0x00000000b0200000, 0x00000000b0200000, 0x00000000b0300000|  0%| F|  |TAMS 0x00000000b0200000, 0x00000000b0200000| Untracked 
| 771|0x00000000b0300000, 0x00000000b0300000, 0x00000000b0400000|  0%| F|  |TAMS 0x00000000b0300000, 0x00000000b0300000| Untracked 
| 772|0x00000000b0400000, 0x00000000b0400000, 0x00000000b0500000|  0%| F|  |TAMS 0x00000000b0400000, 0x00000000b0400000| Untracked 
| 773|0x00000000b0500000, 0x00000000b0500000, 0x00000000b0600000|  0%| F|  |TAMS 0x00000000b0500000, 0x00000000b0500000| Untracked 
| 774|0x00000000b0600000, 0x00000000b0600000, 0x00000000b0700000|  0%| F|  |TAMS 0x00000000b0600000, 0x00000000b0600000| Untracked 
| 775|0x00000000b0700000, 0x00000000b0700000, 0x00000000b0800000|  0%| F|  |TAMS 0x00000000b0700000, 0x00000000b0700000| Untracked 
| 776|0x00000000b0800000, 0x00000000b0800000, 0x00000000b0900000|  0%| F|  |TAMS 0x00000000b0800000, 0x00000000b0800000| Untracked 
| 777|0x00000000b0900000, 0x00000000b0900000, 0x00000000b0a00000|  0%| F|  |TAMS 0x00000000b0900000, 0x00000000b0900000| Untracked 
| 778|0x00000000b0a00000, 0x00000000b0a00000, 0x00000000b0b00000|  0%| F|  |TAMS 0x00000000b0a00000, 0x00000000b0a00000| Untracked 
| 779|0x00000000b0b00000, 0x00000000b0b00000, 0x00000000b0c00000|  0%| F|  |TAMS 0x00000000b0b00000, 0x00000000b0b00000| Untracked 
| 780|0x00000000b0c00000, 0x00000000b0c00000, 0x00000000b0d00000|  0%| F|  |TAMS 0x00000000b0c00000, 0x00000000b0c00000| Untracked 
| 781|0x00000000b0d00000, 0x00000000b0d00000, 0x00000000b0e00000|  0%| F|  |TAMS 0x00000000b0d00000, 0x00000000b0d00000| Untracked 
| 782|0x00000000b0e00000, 0x00000000b0e00000, 0x00000000b0f00000|  0%| F|  |TAMS 0x00000000b0e00000, 0x00000000b0e00000| Untracked 
| 783|0x00000000b0f00000, 0x00000000b0f00000, 0x00000000b1000000|  0%| F|  |TAMS 0x00000000b0f00000, 0x00000000b0f00000| Untracked 
| 784|0x00000000b1000000, 0x00000000b1000000, 0x00000000b1100000|  0%| F|  |TAMS 0x00000000b1000000, 0x00000000b1000000| Untracked 
| 785|0x00000000b1100000, 0x00000000b1100000, 0x00000000b1200000|  0%| F|  |TAMS 0x00000000b1100000, 0x00000000b1100000| Untracked 
| 786|0x00000000b1200000, 0x00000000b1200000, 0x00000000b1300000|  0%| F|  |TAMS 0x00000000b1200000, 0x00000000b1200000| Untracked 
| 787|0x00000000b1300000, 0x00000000b1300000, 0x00000000b1400000|  0%| F|  |TAMS 0x00000000b1300000, 0x00000000b1300000| Untracked 
| 788|0x00000000b1400000, 0x00000000b1400000, 0x00000000b1500000|  0%| F|  |TAMS 0x00000000b1400000, 0x00000000b1400000| Untracked 
| 789|0x00000000b1500000, 0x00000000b1500000, 0x00000000b1600000|  0%| F|  |TAMS 0x00000000b1500000, 0x00000000b1500000| Untracked 
| 790|0x00000000b1600000, 0x00000000b1600000, 0x00000000b1700000|  0%| F|  |TAMS 0x00000000b1600000, 0x00000000b1600000| Untracked 
| 791|0x00000000b1700000, 0x00000000b1700000, 0x00000000b1800000|  0%| F|  |TAMS 0x00000000b1700000, 0x00000000b1700000| Untracked 
| 792|0x00000000b1800000, 0x00000000b1800000, 0x00000000b1900000|  0%| F|  |TAMS 0x00000000b1800000, 0x00000000b1800000| Untracked 
| 793|0x00000000b1900000, 0x00000000b1900000, 0x00000000b1a00000|  0%| F|  |TAMS 0x00000000b1900000, 0x00000000b1900000| Untracked 
| 794|0x00000000b1a00000, 0x00000000b1a00000, 0x00000000b1b00000|  0%| F|  |TAMS 0x00000000b1a00000, 0x00000000b1a00000| Untracked 
| 795|0x00000000b1b00000, 0x00000000b1b00000, 0x00000000b1c00000|  0%| F|  |TAMS 0x00000000b1b00000, 0x00000000b1b00000| Untracked 
| 796|0x00000000b1c00000, 0x00000000b1c00000, 0x00000000b1d00000|  0%| F|  |TAMS 0x00000000b1c00000, 0x00000000b1c00000| Untracked 
| 797|0x00000000b1d00000, 0x00000000b1d00000, 0x00000000b1e00000|  0%| F|  |TAMS 0x00000000b1d00000, 0x00000000b1d00000| Untracked 
| 798|0x00000000b1e00000, 0x00000000b1e00000, 0x00000000b1f00000|  0%| F|  |TAMS 0x00000000b1e00000, 0x00000000b1e00000| Untracked 
| 799|0x00000000b1f00000, 0x00000000b1f00000, 0x00000000b2000000|  0%| F|  |TAMS 0x00000000b1f00000, 0x00000000b1f00000| Untracked 
| 800|0x00000000b2000000, 0x00000000b2000000, 0x00000000b2100000|  0%| F|  |TAMS 0x00000000b2000000, 0x00000000b2000000| Untracked 
| 801|0x00000000b2100000, 0x00000000b2100000, 0x00000000b2200000|  0%| F|  |TAMS 0x00000000b2100000, 0x00000000b2100000| Untracked 
| 802|0x00000000b2200000, 0x00000000b2200000, 0x00000000b2300000|  0%| F|  |TAMS 0x00000000b2200000, 0x00000000b2200000| Untracked 
| 803|0x00000000b2300000, 0x00000000b2300000, 0x00000000b2400000|  0%| F|  |TAMS 0x00000000b2300000, 0x00000000b2300000| Untracked 
| 804|0x00000000b2400000, 0x00000000b2400000, 0x00000000b2500000|  0%| F|  |TAMS 0x00000000b2400000, 0x00000000b2400000| Untracked 
| 805|0x00000000b2500000, 0x00000000b2500000, 0x00000000b2600000|  0%| F|  |TAMS 0x00000000b2500000, 0x00000000b2500000| Untracked 
| 806|0x00000000b2600000, 0x00000000b2600000, 0x00000000b2700000|  0%| F|  |TAMS 0x00000000b2600000, 0x00000000b2600000| Untracked 
| 807|0x00000000b2700000, 0x00000000b2700000, 0x00000000b2800000|  0%| F|  |TAMS 0x00000000b2700000, 0x00000000b2700000| Untracked 
| 808|0x00000000b2800000, 0x00000000b2800000, 0x00000000b2900000|  0%| F|  |TAMS 0x00000000b2800000, 0x00000000b2800000| Untracked 
| 809|0x00000000b2900000, 0x00000000b2900000, 0x00000000b2a00000|  0%| F|  |TAMS 0x00000000b2900000, 0x00000000b2900000| Untracked 
| 810|0x00000000b2a00000, 0x00000000b2a00000, 0x00000000b2b00000|  0%| F|  |TAMS 0x00000000b2a00000, 0x00000000b2a00000| Untracked 
| 811|0x00000000b2b00000, 0x00000000b2b00000, 0x00000000b2c00000|  0%| F|  |TAMS 0x00000000b2b00000, 0x00000000b2b00000| Untracked 
| 812|0x00000000b2c00000, 0x00000000b2c00000, 0x00000000b2d00000|  0%| F|  |TAMS 0x00000000b2c00000, 0x00000000b2c00000| Untracked 
| 813|0x00000000b2d00000, 0x00000000b2d00000, 0x00000000b2e00000|  0%| F|  |TAMS 0x00000000b2d00000, 0x00000000b2d00000| Untracked 
| 814|0x00000000b2e00000, 0x00000000b2e00000, 0x00000000b2f00000|  0%| F|  |TAMS 0x00000000b2e00000, 0x00000000b2e00000| Untracked 
| 815|0x00000000b2f00000, 0x00000000b2f00000, 0x00000000b3000000|  0%| F|  |TAMS 0x00000000b2f00000, 0x00000000b2f00000| Untracked 
| 816|0x00000000b3000000, 0x00000000b3000000, 0x00000000b3100000|  0%| F|  |TAMS 0x00000000b3000000, 0x00000000b3000000| Untracked 
| 817|0x00000000b3100000, 0x00000000b3100000, 0x00000000b3200000|  0%| F|  |TAMS 0x00000000b3100000, 0x00000000b3100000| Untracked 
| 818|0x00000000b3200000, 0x00000000b3200000, 0x00000000b3300000|  0%| F|  |TAMS 0x00000000b3200000, 0x00000000b3200000| Untracked 
| 819|0x00000000b3300000, 0x00000000b3300000, 0x00000000b3400000|  0%| F|  |TAMS 0x00000000b3300000, 0x00000000b3300000| Untracked 
| 820|0x00000000b3400000, 0x00000000b3400000, 0x00000000b3500000|  0%| F|  |TAMS 0x00000000b3400000, 0x00000000b3400000| Untracked 
| 821|0x00000000b3500000, 0x00000000b3500000, 0x00000000b3600000|  0%| F|  |TAMS 0x00000000b3500000, 0x00000000b3500000| Untracked 
| 822|0x00000000b3600000, 0x00000000b3600000, 0x00000000b3700000|  0%| F|  |TAMS 0x00000000b3600000, 0x00000000b3600000| Untracked 
| 823|0x00000000b3700000, 0x00000000b3700000, 0x00000000b3800000|  0%| F|  |TAMS 0x00000000b3700000, 0x00000000b3700000| Untracked 
| 824|0x00000000b3800000, 0x00000000b3800000, 0x00000000b3900000|  0%| F|  |TAMS 0x00000000b3800000, 0x00000000b3800000| Untracked 
| 825|0x00000000b3900000, 0x00000000b3900000, 0x00000000b3a00000|  0%| F|  |TAMS 0x00000000b3900000, 0x00000000b3900000| Untracked 
| 826|0x00000000b3a00000, 0x00000000b3a00000, 0x00000000b3b00000|  0%| F|  |TAMS 0x00000000b3a00000, 0x00000000b3a00000| Untracked 
| 827|0x00000000b3b00000, 0x00000000b3b00000, 0x00000000b3c00000|  0%| F|  |TAMS 0x00000000b3b00000, 0x00000000b3b00000| Untracked 
| 828|0x00000000b3c00000, 0x00000000b3c00000, 0x00000000b3d00000|  0%| F|  |TAMS 0x00000000b3c00000, 0x00000000b3c00000| Untracked 
| 829|0x00000000b3d00000, 0x00000000b3d00000, 0x00000000b3e00000|  0%| F|  |TAMS 0x00000000b3d00000, 0x00000000b3d00000| Untracked 
| 830|0x00000000b3e00000, 0x00000000b3e00000, 0x00000000b3f00000|  0%| F|  |TAMS 0x00000000b3e00000, 0x00000000b3e00000| Untracked 
| 831|0x00000000b3f00000, 0x00000000b3f00000, 0x00000000b4000000|  0%| F|  |TAMS 0x00000000b3f00000, 0x00000000b3f00000| Untracked 
| 832|0x00000000b4000000, 0x00000000b4000000, 0x00000000b4100000|  0%| F|  |TAMS 0x00000000b4000000, 0x00000000b4000000| Untracked 
| 833|0x00000000b4100000, 0x00000000b4100000, 0x00000000b4200000|  0%| F|  |TAMS 0x00000000b4100000, 0x00000000b4100000| Untracked 
| 834|0x00000000b4200000, 0x00000000b4200000, 0x00000000b4300000|  0%| F|  |TAMS 0x00000000b4200000, 0x00000000b4200000| Untracked 
| 835|0x00000000b4300000, 0x00000000b4300000, 0x00000000b4400000|  0%| F|  |TAMS 0x00000000b4300000, 0x00000000b4300000| Untracked 
| 836|0x00000000b4400000, 0x00000000b4400000, 0x00000000b4500000|  0%| F|  |TAMS 0x00000000b4400000, 0x00000000b4400000| Untracked 
| 837|0x00000000b4500000, 0x00000000b4500000, 0x00000000b4600000|  0%| F|  |TAMS 0x00000000b4500000, 0x00000000b4500000| Untracked 
| 838|0x00000000b4600000, 0x00000000b4600000, 0x00000000b4700000|  0%| F|  |TAMS 0x00000000b4600000, 0x00000000b4600000| Untracked 
| 839|0x00000000b4700000, 0x00000000b4700000, 0x00000000b4800000|  0%| F|  |TAMS 0x00000000b4700000, 0x00000000b4700000| Untracked 
| 840|0x00000000b4800000, 0x00000000b4800000, 0x00000000b4900000|  0%| F|  |TAMS 0x00000000b4800000, 0x00000000b4800000| Untracked 
| 841|0x00000000b4900000, 0x00000000b4900000, 0x00000000b4a00000|  0%| F|  |TAMS 0x00000000b4900000, 0x00000000b4900000| Untracked 
| 842|0x00000000b4a00000, 0x00000000b4a00000, 0x00000000b4b00000|  0%| F|  |TAMS 0x00000000b4a00000, 0x00000000b4a00000| Untracked 
| 843|0x00000000b4b00000, 0x00000000b4b00000, 0x00000000b4c00000|  0%| F|  |TAMS 0x00000000b4b00000, 0x00000000b4b00000| Untracked 
| 844|0x00000000b4c00000, 0x00000000b4c00000, 0x00000000b4d00000|  0%| F|  |TAMS 0x00000000b4c00000, 0x00000000b4c00000| Untracked 
| 845|0x00000000b4d00000, 0x00000000b4d00000, 0x00000000b4e00000|  0%| F|  |TAMS 0x00000000b4d00000, 0x00000000b4d00000| Untracked 
| 846|0x00000000b4e00000, 0x00000000b4e00000, 0x00000000b4f00000|  0%| F|  |TAMS 0x00000000b4e00000, 0x00000000b4e00000| Untracked 
| 847|0x00000000b4f00000, 0x00000000b4f00000, 0x00000000b5000000|  0%| F|  |TAMS 0x00000000b4f00000, 0x00000000b4f00000| Untracked 
| 848|0x00000000b5000000, 0x00000000b5000000, 0x00000000b5100000|  0%| F|  |TAMS 0x00000000b5000000, 0x00000000b5000000| Untracked 
| 849|0x00000000b5100000, 0x00000000b5100000, 0x00000000b5200000|  0%| F|  |TAMS 0x00000000b5100000, 0x00000000b5100000| Untracked 
| 850|0x00000000b5200000, 0x00000000b5200000, 0x00000000b5300000|  0%| F|  |TAMS 0x00000000b5200000, 0x00000000b5200000| Untracked 
| 851|0x00000000b5300000, 0x00000000b5300000, 0x00000000b5400000|  0%| F|  |TAMS 0x00000000b5300000, 0x00000000b5300000| Untracked 
| 852|0x00000000b5400000, 0x00000000b5400000, 0x00000000b5500000|  0%| F|  |TAMS 0x00000000b5400000, 0x00000000b5400000| Untracked 
| 853|0x00000000b5500000, 0x00000000b5500000, 0x00000000b5600000|  0%| F|  |TAMS 0x00000000b5500000, 0x00000000b5500000| Untracked 
| 854|0x00000000b5600000, 0x00000000b5600000, 0x00000000b5700000|  0%| F|  |TAMS 0x00000000b5600000, 0x00000000b5600000| Untracked 
| 855|0x00000000b5700000, 0x00000000b5700000, 0x00000000b5800000|  0%| F|  |TAMS 0x00000000b5700000, 0x00000000b5700000| Untracked 
| 856|0x00000000b5800000, 0x00000000b5800000, 0x00000000b5900000|  0%| F|  |TAMS 0x00000000b5800000, 0x00000000b5800000| Untracked 
| 857|0x00000000b5900000, 0x00000000b5900000, 0x00000000b5a00000|  0%| F|  |TAMS 0x00000000b5900000, 0x00000000b5900000| Untracked 
| 858|0x00000000b5a00000, 0x00000000b5a00000, 0x00000000b5b00000|  0%| F|  |TAMS 0x00000000b5a00000, 0x00000000b5a00000| Untracked 
| 859|0x00000000b5b00000, 0x00000000b5b00000, 0x00000000b5c00000|  0%| F|  |TAMS 0x00000000b5b00000, 0x00000000b5b00000| Untracked 
| 860|0x00000000b5c00000, 0x00000000b5c00000, 0x00000000b5d00000|  0%| F|  |TAMS 0x00000000b5c00000, 0x00000000b5c00000| Untracked 
| 861|0x00000000b5d00000, 0x00000000b5d00000, 0x00000000b5e00000|  0%| F|  |TAMS 0x00000000b5d00000, 0x00000000b5d00000| Untracked 
| 862|0x00000000b5e00000, 0x00000000b5e00000, 0x00000000b5f00000|  0%| F|  |TAMS 0x00000000b5e00000, 0x00000000b5e00000| Untracked 
| 863|0x00000000b5f00000, 0x00000000b5f00000, 0x00000000b6000000|  0%| F|  |TAMS 0x00000000b5f00000, 0x00000000b5f00000| Untracked 
| 864|0x00000000b6000000, 0x00000000b6000000, 0x00000000b6100000|  0%| F|  |TAMS 0x00000000b6000000, 0x00000000b6000000| Untracked 
| 865|0x00000000b6100000, 0x00000000b6100000, 0x00000000b6200000|  0%| F|  |TAMS 0x00000000b6100000, 0x00000000b6100000| Untracked 
| 866|0x00000000b6200000, 0x00000000b6200000, 0x00000000b6300000|  0%| F|  |TAMS 0x00000000b6200000, 0x00000000b6200000| Untracked 
| 867|0x00000000b6300000, 0x00000000b6300000, 0x00000000b6400000|  0%| F|  |TAMS 0x00000000b6300000, 0x00000000b6300000| Untracked 
| 868|0x00000000b6400000, 0x00000000b6400000, 0x00000000b6500000|  0%| F|  |TAMS 0x00000000b6400000, 0x00000000b6400000| Untracked 
| 869|0x00000000b6500000, 0x00000000b6500000, 0x00000000b6600000|  0%| F|  |TAMS 0x00000000b6500000, 0x00000000b6500000| Untracked 
| 870|0x00000000b6600000, 0x00000000b6600000, 0x00000000b6700000|  0%| F|  |TAMS 0x00000000b6600000, 0x00000000b6600000| Untracked 
| 871|0x00000000b6700000, 0x00000000b6700000, 0x00000000b6800000|  0%| F|  |TAMS 0x00000000b6700000, 0x00000000b6700000| Untracked 
| 872|0x00000000b6800000, 0x00000000b6800000, 0x00000000b6900000|  0%| F|  |TAMS 0x00000000b6800000, 0x00000000b6800000| Untracked 
| 873|0x00000000b6900000, 0x00000000b6900000, 0x00000000b6a00000|  0%| F|  |TAMS 0x00000000b6900000, 0x00000000b6900000| Untracked 
| 874|0x00000000b6a00000, 0x00000000b6a00000, 0x00000000b6b00000|  0%| F|  |TAMS 0x00000000b6a00000, 0x00000000b6a00000| Untracked 
| 875|0x00000000b6b00000, 0x00000000b6b00000, 0x00000000b6c00000|  0%| F|  |TAMS 0x00000000b6b00000, 0x00000000b6b00000| Untracked 
| 876|0x00000000b6c00000, 0x00000000b6c00000, 0x00000000b6d00000|  0%| F|  |TAMS 0x00000000b6c00000, 0x00000000b6c00000| Untracked 
| 877|0x00000000b6d00000, 0x00000000b6d00000, 0x00000000b6e00000|  0%| F|  |TAMS 0x00000000b6d00000, 0x00000000b6d00000| Untracked 
| 878|0x00000000b6e00000, 0x00000000b6e00000, 0x00000000b6f00000|  0%| F|  |TAMS 0x00000000b6e00000, 0x00000000b6e00000| Untracked 
| 879|0x00000000b6f00000, 0x00000000b6f00000, 0x00000000b7000000|  0%| F|  |TAMS 0x00000000b6f00000, 0x00000000b6f00000| Untracked 
| 880|0x00000000b7000000, 0x00000000b7000000, 0x00000000b7100000|  0%| F|  |TAMS 0x00000000b7000000, 0x00000000b7000000| Untracked 
| 881|0x00000000b7100000, 0x00000000b7100000, 0x00000000b7200000|  0%| F|  |TAMS 0x00000000b7100000, 0x00000000b7100000| Untracked 
| 882|0x00000000b7200000, 0x00000000b7200000, 0x00000000b7300000|  0%| F|  |TAMS 0x00000000b7200000, 0x00000000b7200000| Untracked 
| 883|0x00000000b7300000, 0x00000000b7300000, 0x00000000b7400000|  0%| F|  |TAMS 0x00000000b7300000, 0x00000000b7300000| Untracked 
| 884|0x00000000b7400000, 0x00000000b7400000, 0x00000000b7500000|  0%| F|  |TAMS 0x00000000b7400000, 0x00000000b7400000| Untracked 
| 885|0x00000000b7500000, 0x00000000b7500000, 0x00000000b7600000|  0%| F|  |TAMS 0x00000000b7500000, 0x00000000b7500000| Untracked 
| 886|0x00000000b7600000, 0x00000000b7600000, 0x00000000b7700000|  0%| F|  |TAMS 0x00000000b7600000, 0x00000000b7600000| Untracked 
| 887|0x00000000b7700000, 0x00000000b7700000, 0x00000000b7800000|  0%| F|  |TAMS 0x00000000b7700000, 0x00000000b7700000| Untracked 
| 888|0x00000000b7800000, 0x00000000b7800000, 0x00000000b7900000|  0%| F|  |TAMS 0x00000000b7800000, 0x00000000b7800000| Untracked 
| 889|0x00000000b7900000, 0x00000000b7900000, 0x00000000b7a00000|  0%| F|  |TAMS 0x00000000b7900000, 0x00000000b7900000| Untracked 
| 890|0x00000000b7a00000, 0x00000000b7a00000, 0x00000000b7b00000|  0%| F|  |TAMS 0x00000000b7a00000, 0x00000000b7a00000| Untracked 
| 891|0x00000000b7b00000, 0x00000000b7b00000, 0x00000000b7c00000|  0%| F|  |TAMS 0x00000000b7b00000, 0x00000000b7b00000| Untracked 
| 892|0x00000000b7c00000, 0x00000000b7c00000, 0x00000000b7d00000|  0%| F|  |TAMS 0x00000000b7c00000, 0x00000000b7c00000| Untracked 
| 893|0x00000000b7d00000, 0x00000000b7d00000, 0x00000000b7e00000|  0%| F|  |TAMS 0x00000000b7d00000, 0x00000000b7d00000| Untracked 
| 894|0x00000000b7e00000, 0x00000000b7e00000, 0x00000000b7f00000|  0%| F|  |TAMS 0x00000000b7e00000, 0x00000000b7e00000| Untracked 
| 895|0x00000000b7f00000, 0x00000000b7f00000, 0x00000000b8000000|  0%| F|  |TAMS 0x00000000b7f00000, 0x00000000b7f00000| Untracked 
| 896|0x00000000b8000000, 0x00000000b8000000, 0x00000000b8100000|  0%| F|  |TAMS 0x00000000b8000000, 0x00000000b8000000| Untracked 
| 897|0x00000000b8100000, 0x00000000b8100000, 0x00000000b8200000|  0%| F|  |TAMS 0x00000000b8100000, 0x00000000b8100000| Untracked 
| 898|0x00000000b8200000, 0x00000000b8200000, 0x00000000b8300000|  0%| F|  |TAMS 0x00000000b8200000, 0x00000000b8200000| Untracked 
| 899|0x00000000b8300000, 0x00000000b8300000, 0x00000000b8400000|  0%| F|  |TAMS 0x00000000b8300000, 0x00000000b8300000| Untracked 
| 900|0x00000000b8400000, 0x00000000b8400000, 0x00000000b8500000|  0%| F|  |TAMS 0x00000000b8400000, 0x00000000b8400000| Untracked 
| 901|0x00000000b8500000, 0x00000000b8500000, 0x00000000b8600000|  0%| F|  |TAMS 0x00000000b8500000, 0x00000000b8500000| Untracked 
| 902|0x00000000b8600000, 0x00000000b8600000, 0x00000000b8700000|  0%| F|  |TAMS 0x00000000b8600000, 0x00000000b8600000| Untracked 
| 903|0x00000000b8700000, 0x00000000b8700000, 0x00000000b8800000|  0%| F|  |TAMS 0x00000000b8700000, 0x00000000b8700000| Untracked 
| 904|0x00000000b8800000, 0x00000000b8800000, 0x00000000b8900000|  0%| F|  |TAMS 0x00000000b8800000, 0x00000000b8800000| Untracked 
| 905|0x00000000b8900000, 0x00000000b8900000, 0x00000000b8a00000|  0%| F|  |TAMS 0x00000000b8900000, 0x00000000b8900000| Untracked 
| 906|0x00000000b8a00000, 0x00000000b8a00000, 0x00000000b8b00000|  0%| F|  |TAMS 0x00000000b8a00000, 0x00000000b8a00000| Untracked 
| 907|0x00000000b8b00000, 0x00000000b8b00000, 0x00000000b8c00000|  0%| F|  |TAMS 0x00000000b8b00000, 0x00000000b8b00000| Untracked 
| 908|0x00000000b8c00000, 0x00000000b8c00000, 0x00000000b8d00000|  0%| F|  |TAMS 0x00000000b8c00000, 0x00000000b8c00000| Untracked 
| 909|0x00000000b8d00000, 0x00000000b8d00000, 0x00000000b8e00000|  0%| F|  |TAMS 0x00000000b8d00000, 0x00000000b8d00000| Untracked 
| 910|0x00000000b8e00000, 0x00000000b8e00000, 0x00000000b8f00000|  0%| F|  |TAMS 0x00000000b8e00000, 0x00000000b8e00000| Untracked 
| 911|0x00000000b8f00000, 0x00000000b8f00000, 0x00000000b9000000|  0%| F|  |TAMS 0x00000000b8f00000, 0x00000000b8f00000| Untracked 
| 912|0x00000000b9000000, 0x00000000b9000000, 0x00000000b9100000|  0%| F|  |TAMS 0x00000000b9000000, 0x00000000b9000000| Untracked 
| 913|0x00000000b9100000, 0x00000000b9100000, 0x00000000b9200000|  0%| F|  |TAMS 0x00000000b9100000, 0x00000000b9100000| Untracked 
| 914|0x00000000b9200000, 0x00000000b9200000, 0x00000000b9300000|  0%| F|  |TAMS 0x00000000b9200000, 0x00000000b9200000| Untracked 
| 915|0x00000000b9300000, 0x00000000b9300000, 0x00000000b9400000|  0%| F|  |TAMS 0x00000000b9300000, 0x00000000b9300000| Untracked 
| 916|0x00000000b9400000, 0x00000000b9400000, 0x00000000b9500000|  0%| F|  |TAMS 0x00000000b9400000, 0x00000000b9400000| Untracked 
| 917|0x00000000b9500000, 0x00000000b9500000, 0x00000000b9600000|  0%| F|  |TAMS 0x00000000b9500000, 0x00000000b9500000| Untracked 
| 918|0x00000000b9600000, 0x00000000b9600000, 0x00000000b9700000|  0%| F|  |TAMS 0x00000000b9600000, 0x00000000b9600000| Untracked 
| 919|0x00000000b9700000, 0x00000000b9700000, 0x00000000b9800000|  0%| F|  |TAMS 0x00000000b9700000, 0x00000000b9700000| Untracked 
| 920|0x00000000b9800000, 0x00000000b9800000, 0x00000000b9900000|  0%| F|  |TAMS 0x00000000b9800000, 0x00000000b9800000| Untracked 
| 921|0x00000000b9900000, 0x00000000b9900000, 0x00000000b9a00000|  0%| F|  |TAMS 0x00000000b9900000, 0x00000000b9900000| Untracked 
| 922|0x00000000b9a00000, 0x00000000b9a00000, 0x00000000b9b00000|  0%| F|  |TAMS 0x00000000b9a00000, 0x00000000b9a00000| Untracked 
| 923|0x00000000b9b00000, 0x00000000b9b00000, 0x00000000b9c00000|  0%| F|  |TAMS 0x00000000b9b00000, 0x00000000b9b00000| Untracked 
| 924|0x00000000b9c00000, 0x00000000b9c00000, 0x00000000b9d00000|  0%| F|  |TAMS 0x00000000b9c00000, 0x00000000b9c00000| Untracked 
| 925|0x00000000b9d00000, 0x00000000b9d00000, 0x00000000b9e00000|  0%| F|  |TAMS 0x00000000b9d00000, 0x00000000b9d00000| Untracked 
| 926|0x00000000b9e00000, 0x00000000b9e00000, 0x00000000b9f00000|  0%| F|  |TAMS 0x00000000b9e00000, 0x00000000b9e00000| Untracked 
| 927|0x00000000b9f00000, 0x00000000b9f00000, 0x00000000ba000000|  0%| F|  |TAMS 0x00000000b9f00000, 0x00000000b9f00000| Untracked 
| 928|0x00000000ba000000, 0x00000000ba000000, 0x00000000ba100000|  0%| F|  |TAMS 0x00000000ba000000, 0x00000000ba000000| Untracked 
| 929|0x00000000ba100000, 0x00000000ba100000, 0x00000000ba200000|  0%| F|  |TAMS 0x00000000ba100000, 0x00000000ba100000| Untracked 
| 930|0x00000000ba200000, 0x00000000ba200000, 0x00000000ba300000|  0%| F|  |TAMS 0x00000000ba200000, 0x00000000ba200000| Untracked 
| 931|0x00000000ba300000, 0x00000000ba300000, 0x00000000ba400000|  0%| F|  |TAMS 0x00000000ba300000, 0x00000000ba300000| Untracked 
| 932|0x00000000ba400000, 0x00000000ba400000, 0x00000000ba500000|  0%| F|  |TAMS 0x00000000ba400000, 0x00000000ba400000| Untracked 
| 933|0x00000000ba500000, 0x00000000ba500000, 0x00000000ba600000|  0%| F|  |TAMS 0x00000000ba500000, 0x00000000ba500000| Untracked 
| 934|0x00000000ba600000, 0x00000000ba600000, 0x00000000ba700000|  0%| F|  |TAMS 0x00000000ba600000, 0x00000000ba600000| Untracked 
| 935|0x00000000ba700000, 0x00000000ba700000, 0x00000000ba800000|  0%| F|  |TAMS 0x00000000ba700000, 0x00000000ba700000| Untracked 
| 936|0x00000000ba800000, 0x00000000ba800000, 0x00000000ba900000|  0%| F|  |TAMS 0x00000000ba800000, 0x00000000ba800000| Untracked 
| 937|0x00000000ba900000, 0x00000000ba900000, 0x00000000baa00000|  0%| F|  |TAMS 0x00000000ba900000, 0x00000000ba900000| Untracked 
| 938|0x00000000baa00000, 0x00000000baa00000, 0x00000000bab00000|  0%| F|  |TAMS 0x00000000baa00000, 0x00000000baa00000| Untracked 
| 939|0x00000000bab00000, 0x00000000bab00000, 0x00000000bac00000|  0%| F|  |TAMS 0x00000000bab00000, 0x00000000bab00000| Untracked 
| 940|0x00000000bac00000, 0x00000000bac00000, 0x00000000bad00000|  0%| F|  |TAMS 0x00000000bac00000, 0x00000000bac00000| Untracked 
| 941|0x00000000bad00000, 0x00000000bad00000, 0x00000000bae00000|  0%| F|  |TAMS 0x00000000bad00000, 0x00000000bad00000| Untracked 
| 942|0x00000000bae00000, 0x00000000bae00000, 0x00000000baf00000|  0%| F|  |TAMS 0x00000000bae00000, 0x00000000bae00000| Untracked 
| 943|0x00000000baf00000, 0x00000000baf00000, 0x00000000bb000000|  0%| F|  |TAMS 0x00000000baf00000, 0x00000000baf00000| Untracked 
| 944|0x00000000bb000000, 0x00000000bb000000, 0x00000000bb100000|  0%| F|  |TAMS 0x00000000bb000000, 0x00000000bb000000| Untracked 
| 945|0x00000000bb100000, 0x00000000bb100000, 0x00000000bb200000|  0%| F|  |TAMS 0x00000000bb100000, 0x00000000bb100000| Untracked 
| 946|0x00000000bb200000, 0x00000000bb200000, 0x00000000bb300000|  0%| F|  |TAMS 0x00000000bb200000, 0x00000000bb200000| Untracked 
| 947|0x00000000bb300000, 0x00000000bb300000, 0x00000000bb400000|  0%| F|  |TAMS 0x00000000bb300000, 0x00000000bb300000| Untracked 
| 948|0x00000000bb400000, 0x00000000bb400000, 0x00000000bb500000|  0%| F|  |TAMS 0x00000000bb400000, 0x00000000bb400000| Untracked 
| 949|0x00000000bb500000, 0x00000000bb500000, 0x00000000bb600000|  0%| F|  |TAMS 0x00000000bb500000, 0x00000000bb500000| Untracked 
| 950|0x00000000bb600000, 0x00000000bb600000, 0x00000000bb700000|  0%| F|  |TAMS 0x00000000bb600000, 0x00000000bb600000| Untracked 
| 951|0x00000000bb700000, 0x00000000bb700000, 0x00000000bb800000|  0%| F|  |TAMS 0x00000000bb700000, 0x00000000bb700000| Untracked 
| 952|0x00000000bb800000, 0x00000000bb800000, 0x00000000bb900000|  0%| F|  |TAMS 0x00000000bb800000, 0x00000000bb800000| Untracked 
| 953|0x00000000bb900000, 0x00000000bb900000, 0x00000000bba00000|  0%| F|  |TAMS 0x00000000bb900000, 0x00000000bb900000| Untracked 
| 954|0x00000000bba00000, 0x00000000bba00000, 0x00000000bbb00000|  0%| F|  |TAMS 0x00000000bba00000, 0x00000000bba00000| Untracked 
|2047|0x00000000fff00000, 0x0000000100000000, 0x0000000100000000|100%| O|  |TAMS 0x0000000100000000, 0x00000000fff00000| Untracked 

Card table byte_map: [0x00000266fdcc0000,0x00000266fe0c0000] _byte_map_base: 0x00000266fd8c0000

Marking Bits (Prev, Next): (CMBitMap*) 0x00000266fd30dc10, (CMBitMap*) 0x00000266fd30dbd0
 Prev Bits: [0x0000026698ad0000, 0x000002669aad0000)
 Next Bits: [0x0000026696ad0000, 0x0000026698ad0000)

Polling page: 0x00000266fb1d0000

Metaspace:

Usage:
  Non-class:    220.58 MB used.
      Class:     32.59 MB used.
       Both:    253.17 MB used.

Virtual space:
  Non-class space:      256.00 MB reserved,     222.50 MB ( 87%) committed,  4 nodes.
      Class space:      416.00 MB reserved,      34.19 MB (  8%) committed,  1 nodes.
             Both:      672.00 MB reserved,     256.69 MB ( 38%) committed. 

Chunk freelists:
   Non-Class:  1.30 MB
       Class:  13.85 MB
        Both:  15.15 MB

MaxMetaspaceSize: 512.00 MB
CompressedClassSpaceSize: 416.00 MB
Initial GC threshold: 21.00 MB
Current GC threshold: 382.81 MB
CDS: on
MetaspaceReclaimPolicy: balanced
 - commit_granule_bytes: 65536.
 - commit_granule_words: 8192.
 - virtual_space_node_default_size: 8388608.
 - enlarge_chunks_in_place: 1.
 - new_chunks_are_fully_committed: 0.
 - uncommit_free_chunks: 1.
 - use_allocation_guard: 0.
 - handle_deallocations: 1.


Internal statistics:

num_allocs_failed_limit: 11.
num_arena_births: 5138.
num_arena_deaths: 26.
num_vsnodes_births: 5.
num_vsnodes_deaths: 0.
num_space_committed: 4105.
num_space_uncommitted: 0.
num_chunks_returned_to_freelist: 65.
num_chunks_taken_from_freelist: 17268.
num_chunk_merges: 6.
num_chunk_splits: 11171.
num_chunks_enlarged: 6999.
num_inconsistent_stats: 0.

CodeHeap 'non-profiled nmethods': size=120000Kb used=33971Kb max_used=33971Kb free=86028Kb
 bounds [0x000002668f5a0000, 0x00000266916d0000, 0x0000026696ad0000]
CodeHeap 'profiled nmethods': size=120000Kb used=93854Kb max_used=93854Kb free=26145Kb
 bounds [0x0000026687ad0000, 0x000002668d680000, 0x000002668f000000]
CodeHeap 'non-nmethods': size=5760Kb used=2726Kb max_used=2811Kb free=3033Kb
 bounds [0x000002668f000000, 0x000002668f2d0000, 0x000002668f5a0000]
 total_blobs=40148 nmethods=38833 adapters=1223
 compilation: enabled
              stopped_count=0, restarted_count=0
 full_count=0

Compilation events (20 events):
Event: 599.337 Thread 0x00000266fedf9d70 nmethod 47416 0x000002668d67c090 code [0x000002668d67c2c0, 0x000002668d67c9d8]
Event: 599.338 Thread 0x00000266fedf9d70 47417       3       org.apache.groovy.json.internal.JsonParserCharArray::hasMore (17 bytes)
Event: 599.338 Thread 0x00000266fedf9d70 nmethod 47417 0x000002668d67cd10 code [0x000002668d67cea0, 0x000002668d67d018]
Event: 599.338 Thread 0x00000266fedf9d70 47418       3       org.gradle.internal.classpath.PerThreadInstrumentedGroovyCallsTracker::findCallerForCurrentCallIfNotIntercepted (18 bytes)
Event: 599.339 Thread 0x00000266fedf9d70 nmethod 47418 0x000002668d67d090 code [0x000002668d67d260, 0x000002668d67d618]
Event: 599.352 Thread 0x00000266fedf9d70 47421       3       com.android.build.gradle.internal.tasks.factory.GlobalTaskCreationConfigImpl::getCompileOptions (11 bytes)
Event: 599.352 Thread 0x00000266fedf9d70 nmethod 47421 0x000002668d67d790 code [0x000002668d67d940, 0x000002668d67db08]
Event: 599.352 Thread 0x00000266fedf9d70 47422       3       com.android.build.gradle.internal.plugins.BasePlugin$createAndroidTasks$1::accept (9 bytes)
Event: 599.352 Thread 0x00000266fedf9d70 nmethod 47422 0x000002668d67dc10 code [0x000002668d67ddc0, 0x000002668d67e008]
Event: 599.352 Thread 0x00000266d1075bb0 47412       4       org.apache.groovy.json.internal.BaseJsonParser::isDoubleQuote (12 bytes)
Event: 599.353 Thread 0x00000266d1075bb0 nmethod 47412 0x00000266916c7910 code [0x00000266916c7a80, 0x00000266916c7af8]
Event: 599.353 Thread 0x00000266d1075bb0 47419       4       org.gradle.api.internal.project.MutableStateAccessAwareDynamicObject::tryGetProperty (27 bytes)
Event: 599.356 Thread 0x00000266d1075bb0 nmethod 47419 0x00000266916c7c10 code [0x00000266916c7dc0, 0x00000266916c7f48]
Event: 599.356 Thread 0x00000266d1075bb0 47420       4       it.unimi.dsi.fastutil.objects.Object2IntOpenHashMap::put (43 bytes)
Event: 599.361 Thread 0x00000266fedf77d0 nmethod 47407 0x00000266916c8190 code [0x00000266916c8440, 0x00000266916cb250]
Event: 599.361 Thread 0x00000266fedf77d0 47414       4       org.gradle.internal.deprecation.Documentation$SerializableDocumentation::<init> (5 bytes)
Event: 599.362 Thread 0x00000266fedf77d0 nmethod 47414 0x00000266916cc890 code [0x00000266916cca00, 0x00000266916cca78]
Event: 599.364 Thread 0x00000266fedf9d70 47423       1       com.android.build.gradle.internal.api.DefaultAndroidSourceSet::getCompileOnlyApiConfigurationName (5 bytes)
Event: 599.364 Thread 0x00000266fedf9d70 nmethod 47423 0x00000266916ccb90 code [0x00000266916ccd20, 0x00000266916ccdf8]
Event: 599.364 Thread 0x00000266fedf9d70 47424       1       com.android.build.gradle.internal.api.DefaultAndroidSourceSet::getAnnotationProcessorConfigurationName (5 bytes)

GC Heap History (20 events):
Event: 500.292 GC heap after
{Heap after GC invocations=97 (full 0):
 garbage-first heap   total 978944K, used 448764K [0x0000000080000000, 0x0000000100000000)
  region size 1024K, 3 young (3072K), 3 survivors (3072K)
 Metaspace       used 225877K, committed 228672K, reserved 688128K
  class space    used 28834K, committed 30144K, reserved 425984K
}
Event: 510.967 GC heap before
{Heap before GC invocations=97 (full 0):
 garbage-first heap   total 978944K, used 777468K [0x0000000080000000, 0x0000000100000000)
  region size 1024K, 322 young (329728K), 3 survivors (3072K)
 Metaspace       used 226727K, committed 229632K, reserved 688128K
  class space    used 28855K, committed 30208K, reserved 425984K
}
Event: 510.985 GC heap after
{Heap after GC invocations=98 (full 0):
 garbage-first heap   total 978944K, used 472597K [0x0000000080000000, 0x0000000100000000)
  region size 1024K, 26 young (26624K), 26 survivors (26624K)
 Metaspace       used 226727K, committed 229632K, reserved 688128K
  class space    used 28855K, committed 30208K, reserved 425984K
}
Event: 512.759 GC heap before
{Heap before GC invocations=98 (full 0):
 garbage-first heap   total 978944K, used 513557K [0x0000000080000000, 0x0000000100000000)
  region size 1024K, 67 young (68608K), 26 survivors (26624K)
 Metaspace       used 226882K, committed 229760K, reserved 688128K
  class space    used 28866K, committed 30208K, reserved 425984K
}
Event: 512.773 GC heap after
{Heap after GC invocations=99 (full 0):
 garbage-first heap   total 978944K, used 465276K [0x0000000080000000, 0x0000000100000000)
  region size 1024K, 7 young (7168K), 7 survivors (7168K)
 Metaspace       used 226882K, committed 229760K, reserved 688128K
  class space    used 28866K, committed 30208K, reserved 425984K
}
Event: 516.482 GC heap before
{Heap before GC invocations=100 (full 0):
 garbage-first heap   total 978944K, used 812412K [0x0000000080000000, 0x0000000100000000)
  region size 1024K, 331 young (338944K), 7 survivors (7168K)
 Metaspace       used 227338K, committed 230208K, reserved 688128K
  class space    used 28888K, committed 30208K, reserved 425984K
}
Event: 516.502 GC heap after
{Heap after GC invocations=101 (full 0):
 garbage-first heap   total 978944K, used 483392K [0x0000000080000000, 0x0000000100000000)
  region size 1024K, 27 young (27648K), 27 survivors (27648K)
 Metaspace       used 227338K, committed 230208K, reserved 688128K
  class space    used 28888K, committed 30208K, reserved 425984K
}
Event: 516.526 GC heap before
{Heap before GC invocations=101 (full 0):
 garbage-first heap   total 978944K, used 502848K [0x0000000080000000, 0x0000000100000000)
  region size 1024K, 47 young (48128K), 27 survivors (27648K)
 Metaspace       used 227338K, committed 230208K, reserved 688128K
  class space    used 28888K, committed 30208K, reserved 425984K
}
Event: 516.564 GC heap after
{Heap after GC invocations=102 (full 0):
 garbage-first heap   total 978944K, used 403555K [0x0000000080000000, 0x0000000100000000)
  region size 1024K, 4 young (4096K), 4 survivors (4096K)
 Metaspace       used 227338K, committed 230208K, reserved 688128K
  class space    used 28888K, committed 30208K, reserved 425984K
}
Event: 516.962 GC heap before
{Heap before GC invocations=102 (full 0):
 garbage-first heap   total 978944K, used 447587K [0x0000000080000000, 0x0000000100000000)
  region size 1024K, 47 young (48128K), 4 survivors (4096K)
 Metaspace       used 227345K, committed 230208K, reserved 688128K
  class space    used 28888K, committed 30208K, reserved 425984K
}
Event: 516.994 GC heap after
{Heap after GC invocations=103 (full 0):
 garbage-first heap   total 978944K, used 363519K [0x0000000080000000, 0x0000000100000000)
  region size 1024K, 6 young (6144K), 6 survivors (6144K)
 Metaspace       used 227345K, committed 230208K, reserved 688128K
  class space    used 28888K, committed 30208K, reserved 425984K
}
Event: 555.943 GC heap before
{Heap before GC invocations=103 (full 0):
 garbage-first heap   total 978944K, used 785407K [0x0000000080000000, 0x0000000100000000)
  region size 1024K, 417 young (427008K), 6 survivors (6144K)
 Metaspace       used 228788K, committed 231808K, reserved 688128K
  class space    used 29050K, committed 30464K, reserved 425984K
}
Event: 555.967 GC heap after
{Heap after GC invocations=104 (full 0):
 garbage-first heap   total 978944K, used 375807K [0x0000000080000000, 0x0000000100000000)
  region size 1024K, 25 young (25600K), 25 survivors (25600K)
 Metaspace       used 228788K, committed 231808K, reserved 688128K
  class space    used 29050K, committed 30464K, reserved 425984K
}
Event: 585.309 GC heap before
{Heap before GC invocations=104 (full 0):
 garbage-first heap   total 978944K, used 599039K [0x0000000080000000, 0x0000000100000000)
  region size 1024K, 244 young (249856K), 25 survivors (25600K)
 Metaspace       used 231148K, committed 234368K, reserved 688128K
  class space    used 29392K, committed 30912K, reserved 425984K
}
Event: 585.331 GC heap after
{Heap after GC invocations=105 (full 0):
 garbage-first heap   total 978944K, used 388905K [0x0000000080000000, 0x0000000100000000)
  region size 1024K, 38 young (38912K), 38 survivors (38912K)
 Metaspace       used 231148K, committed 234368K, reserved 688128K
  class space    used 29392K, committed 30912K, reserved 425984K
}
Event: 592.653 GC heap before
{Heap before GC invocations=106 (full 0):
 garbage-first heap   total 978944K, used 796457K [0x0000000080000000, 0x0000000100000000)
  region size 1024K, 439 young (449536K), 38 survivors (38912K)
 Metaspace       used 253408K, committed 256704K, reserved 688128K
  class space    used 32486K, committed 34048K, reserved 425984K
}
Event: 592.692 GC heap after
{Heap after GC invocations=107 (full 0):
 garbage-first heap   total 978944K, used 396033K [0x0000000080000000, 0x0000000100000000)
  region size 1024K, 31 young (31744K), 31 survivors (31744K)
 Metaspace       used 253408K, committed 256704K, reserved 688128K
  class space    used 32486K, committed 34048K, reserved 425984K
}
Event: 592.975 GC heap before
{Heap before GC invocations=107 (full 0):
 garbage-first heap   total 978944K, used 412417K [0x0000000080000000, 0x0000000100000000)
  region size 1024K, 47 young (48128K), 31 survivors (31744K)
 Metaspace       used 254168K, committed 257472K, reserved 688128K
  class space    used 32596K, committed 34176K, reserved 425984K
}
Event: 593.011 GC heap after
{Heap after GC invocations=108 (full 0):
 garbage-first heap   total 978944K, used 369346K [0x0000000080000000, 0x0000000100000000)
  region size 1024K, 5 young (5120K), 5 survivors (5120K)
 Metaspace       used 254168K, committed 257472K, reserved 688128K
  class space    used 32596K, committed 34176K, reserved 425984K
}
Event: 599.364 GC heap before
{Heap before GC invocations=108 (full 0):
 garbage-first heap   total 978944K, used 801474K [0x0000000080000000, 0x0000000100000000)
  region size 1024K, 426 young (436224K), 5 survivors (5120K)
 Metaspace       used 259247K, committed 262848K, reserved 688128K
  class space    used 33369K, committed 35008K, reserved 425984K
}

Dll operation events (16 events):
Event: 0.025 Loaded shared library C:\Program Files\Eclipse Adoptium\jdk-17.0.19.10-hotspot\bin\java.dll
Event: 0.053 Loaded shared library C:\Program Files\Eclipse Adoptium\jdk-17.0.19.10-hotspot\bin\jsvml.dll
Event: 0.155 Loaded shared library C:\Program Files\Eclipse Adoptium\jdk-17.0.19.10-hotspot\bin\zip.dll
Event: 0.161 Loaded shared library C:\Program Files\Eclipse Adoptium\jdk-17.0.19.10-hotspot\bin\instrument.dll
Event: 0.173 Loaded shared library C:\Program Files\Eclipse Adoptium\jdk-17.0.19.10-hotspot\bin\net.dll
Event: 0.178 Loaded shared library C:\Program Files\Eclipse Adoptium\jdk-17.0.19.10-hotspot\bin\nio.dll
Event: 0.182 Loaded shared library C:\Program Files\Eclipse Adoptium\jdk-17.0.19.10-hotspot\bin\zip.dll
Event: 0.745 Loaded shared library C:\Program Files\Eclipse Adoptium\jdk-17.0.19.10-hotspot\bin\jimage.dll
Event: 1.069 Loaded shared library C:\Program Files\Eclipse Adoptium\jdk-17.0.19.10-hotspot\bin\verify.dll
Event: 1.326 Loaded shared library C:\Users\sk\.gradle\native\1def1411415f61bf3af743bc5b6707747c0891f09f0c88961ee8f79bc544acac\windows-amd64\native-platform.dll
Event: 1.373 Loaded shared library C:\Users\sk\.gradle\native\0.2.7\x86_64-windows-gnu\gradle-fileevents.dll
Event: 3.732 Loaded shared library C:\Program Files\Eclipse Adoptium\jdk-17.0.19.10-hotspot\bin\management.dll
Event: 3.742 Loaded shared library C:\Program Files\Eclipse Adoptium\jdk-17.0.19.10-hotspot\bin\management_ext.dll
Event: 4.446 Loaded shared library C:\Program Files\Eclipse Adoptium\jdk-17.0.19.10-hotspot\bin\extnet.dll
Event: 4.916 Loaded shared library C:\Program Files\Eclipse Adoptium\jdk-17.0.19.10-hotspot\bin\sunmscapi.dll
Event: 206.702 Loaded shared library C:\Program Files\Eclipse Adoptium\jdk-17.0.19.10-hotspot\bin\rmi.dll

Deoptimization events (20 events):
Event: 598.095 Thread 0x00000266fedfe5d0 DEOPT PACKING pc=0x000002668d3f4616 sp=0x0000006e4b6f5fd0
Event: 598.095 Thread 0x00000266fedfe5d0 DEOPT UNPACKING pc=0x000002668f057143 sp=0x0000006e4b6f5598 mode 0
Event: 598.166 Thread 0x00000266fedfe5d0 DEOPT PACKING pc=0x000002668b85a8c2 sp=0x0000006e4b6f5a80
Event: 598.166 Thread 0x00000266fedfe5d0 DEOPT UNPACKING pc=0x000002668f057143 sp=0x0000006e4b6f4f30 mode 0
Event: 598.398 Thread 0x00000266fedfe5d0 Uncommon trap: trap_request=0xffffffde fr.pc=0x00000266905e1204 relative=0x0000000000000064
Event: 598.398 Thread 0x00000266fedfe5d0 Uncommon trap: reason=class_check action=maybe_recompile pc=0x00000266905e1204 method=java.lang.invoke.LambdaForm$MH/0x000002669e652400.linkToTargetMethod(Ljava/lang/Object;Ljava/lang/Object;Ljava/lang/Object;ILjava/lang/Object;)Ljava/lang/Object; @ 2 c2
Event: 598.398 Thread 0x00000266fedfe5d0 DEOPT PACKING pc=0x00000266905e1204 sp=0x0000006e4b6f7ed0
Event: 598.398 Thread 0x00000266fedfe5d0 DEOPT UNPACKING pc=0x000002668f0569a3 sp=0x0000006e4b6f7e58 mode 2
Event: 598.399 Thread 0x00000266fedfe5d0 Uncommon trap: trap_request=0xffffffde fr.pc=0x00000266905e1204 relative=0x0000000000000064
Event: 598.399 Thread 0x00000266fedfe5d0 Uncommon trap: reason=class_check action=maybe_recompile pc=0x00000266905e1204 method=java.lang.invoke.LambdaForm$MH/0x000002669e652400.linkToTargetMethod(Ljava/lang/Object;Ljava/lang/Object;Ljava/lang/Object;ILjava/lang/Object;)Ljava/lang/Object; @ 2 c2
Event: 598.399 Thread 0x00000266fedfe5d0 DEOPT PACKING pc=0x00000266905e1204 sp=0x0000006e4b6f7ed0
Event: 598.399 Thread 0x00000266fedfe5d0 DEOPT UNPACKING pc=0x000002668f0569a3 sp=0x0000006e4b6f7e58 mode 2
Event: 599.326 Thread 0x00000266fedfe5d0 Uncommon trap: trap_request=0xffffff45 fr.pc=0x0000026690e8e38c relative=0x0000000000000f6c
Event: 599.326 Thread 0x00000266fedfe5d0 Uncommon trap: reason=unstable_if action=reinterpret pc=0x0000026690e8e38c method=org.gradle.internal.classpath.DefaultInstrumentedGroovyCallsTracker.findCallerForCurrentCallIfNotIntercepted(Ljava/lang/String;Lorg/gradle/internal/classpath/InstrumentedGro
Event: 599.326 Thread 0x00000266fedfe5d0 DEOPT PACKING pc=0x0000026690e8e38c sp=0x0000006e4b6f8c30
Event: 599.326 Thread 0x00000266fedfe5d0 DEOPT UNPACKING pc=0x000002668f0569a3 sp=0x0000006e4b6f8bc0 mode 2
Event: 599.326 Thread 0x00000266fedfe5d0 Uncommon trap: trap_request=0xffffff45 fr.pc=0x0000026691631e9c relative=0x000000000000089c
Event: 599.326 Thread 0x00000266fedfe5d0 Uncommon trap: reason=unstable_if action=reinterpret pc=0x0000026691631e9c method=org.gradle.internal.classpath.CallInterceptingMetaClass.findGetterCallerAndInterceptor(Ljava/lang/String;)Lorg/gradle/internal/Pair; @ 15 c2
Event: 599.326 Thread 0x00000266fedfe5d0 DEOPT PACKING pc=0x0000026691631e9c sp=0x0000006e4b6f8ce0
Event: 599.326 Thread 0x00000266fedfe5d0 DEOPT UNPACKING pc=0x000002668f0569a3 sp=0x0000006e4b6f8bc8 mode 2

Classes loaded (20 events):
Event: 549.831 Loading class java/lang/StackStreamFactory
Event: 549.832 Loading class java/lang/StackStreamFactory done
Event: 549.832 Loading class java/lang/StackWalker$ExtendedOption
Event: 549.832 Loading class java/lang/StackWalker$ExtendedOption done
Event: 549.832 Loading class java/lang/StackStreamFactory$StackFrameTraverser
Event: 549.833 Loading class java/lang/StackStreamFactory$StackFrameTraverser done
Event: 549.833 Loading class java/lang/StackStreamFactory$WalkerState
Event: 549.833 Loading class java/lang/StackStreamFactory$WalkerState done
Event: 549.833 Loading class java/lang/StackStreamFactory$1
Event: 549.833 Loading class java/lang/StackStreamFactory$1 done
Event: 549.833 Loading class java/lang/StackStreamFactory$StackFrameTraverser$StackFrameBuffer
Event: 549.834 Loading class java/lang/StackStreamFactory$FrameBuffer
Event: 549.834 Loading class java/lang/StackStreamFactory$FrameBuffer done
Event: 549.834 Loading class java/lang/StackStreamFactory$StackFrameTraverser$StackFrameBuffer done
Event: 549.835 Loading class java/util/stream/SliceOps
Event: 549.835 Loading class java/util/stream/SliceOps done
Event: 549.835 Loading class java/util/stream/SliceOps$1
Event: 549.836 Loading class java/util/stream/SliceOps$1 done
Event: 549.836 Loading class java/util/stream/SliceOps$1$1
Event: 549.837 Loading class java/util/stream/SliceOps$1$1 done

Classes unloaded (20 events):
Event: 26.653 Thread 0x00000266fedd0040 Unloading class 0x000002669e615918 '_BuildScript_$_run_closure1'
Event: 26.653 Thread 0x00000266fedd0040 Unloading class 0x000002669e6153e8 '_BuildScript_'
Event: 26.653 Thread 0x00000266fedd0040 Unloading class 0x000002669e615000 'ProtobufPatchPlugin$_apply_closure1$_closure2$_closure3$_closure4'
Event: 26.653 Thread 0x00000266fedd0040 Unloading class 0x000002669e614a98 'ProtobufPatchPlugin$_apply_closure1$_closure2$_closure3'
Event: 26.653 Thread 0x00000266fedd0040 Unloading class 0x000002669e6146b0 'ProtobufPatchPlugin$_apply_closure1$_closure2'
Event: 26.653 Thread 0x00000266fedd0040 Unloading class 0x000002669e6142c8 'ProtobufPatchPlugin$_apply_closure1'
Event: 26.653 Thread 0x00000266fedd0040 Unloading class 0x000002669e614000 'ProtobufPatchPlugin'
Event: 26.653 Thread 0x00000266fedd0040 Unloading class 0x000002669e54c3e8 '_BuildScript_$_run_closure1$_closure2'
Event: 26.653 Thread 0x00000266fedd0040 Unloading class 0x000002669e54c000 '_BuildScript_$_run_closure1'
Event: 26.653 Thread 0x00000266fedd0040 Unloading class 0x000002669e544000 '_BuildScript_'
Event: 288.820 Thread 0x00000266fedd0040 Unloading class 0x000002669f431800 'jdk/internal/reflect/GeneratedSerializationConstructorAccessor110'
Event: 288.820 Thread 0x00000266fedd0040 Unloading class 0x000002669f3fa000 'java/lang/invoke/LambdaForm$DMH+0x000002669f3fa000'
Event: 288.820 Thread 0x00000266fedd0040 Unloading class 0x000002669f3e0c00 'java/lang/invoke/LambdaForm$MH+0x000002669f3e0c00'
Event: 288.820 Thread 0x00000266fedd0040 Unloading class 0x000002669f3e0400 'java/lang/invoke/LambdaForm$DMH+0x000002669f3e0400'
Event: 478.728 Thread 0x00000266fedd0040 Unloading class 0x000002669fb19c00 'java/lang/invoke/LambdaForm$DMH+0x000002669fb19c00'
Event: 513.057 Thread 0x00000266fedd0040 Unloading class 0x000002669fd65bd0 '_BuildScript_$_run_closure1$_closure2'
Event: 513.057 Thread 0x00000266fedd0040 Unloading class 0x000002669fd657e8 '_BuildScript_$_run_closure1'
Event: 513.057 Thread 0x00000266fedd0040 Unloading class 0x000002669fd652b8 '_BuildScript_'
Event: 513.057 Thread 0x00000266fedd0040 Unloading class 0x000002669fd65000 'GradleAnnotationProcessorPatchPlugin$AnnotationProcessorModelBuilder'
Event: 513.057 Thread 0x00000266fedd0040 Unloading class 0x000002669fd64c00 'GradleAnnotationProcessorPatchPlugin'

Classes redefined (0 events):
No events

Internal exceptions (20 events):
Event: 598.168 Thread 0x00000266fedfe5d0 Exception <a 'java/lang/ClassNotFoundException'{0x00000000a6ccfa30}: build_ezco4ltdnetaklujor654wleiBeanInfo> (0x00000000a6ccfa30) 
thrown [s\src\hotspot\share\classfile\systemDictionary.cpp, line 256]
Event: 598.168 Thread 0x00000266fedfe5d0 Exception <a 'java/lang/ClassNotFoundException'{0x00000000a6cdb940}: build_ezco4ltdnetaklujor654wleiCustomizer> (0x00000000a6cdb940) 
thrown [s\src\hotspot\share\classfile\systemDictionary.cpp, line 256]
Event: 598.262 Thread 0x00000266fedfe5d0 Exception <a 'java/lang/ClassNotFoundException'{0x00000000a629f1a0}: build_ezco4ltdnetaklujor654wleiBeanInfo> (0x00000000a629f1a0) 
thrown [s\src\hotspot\share\classfile\systemDictionary.cpp, line 256]
Event: 598.263 Thread 0x00000266fedfe5d0 Exception <a 'java/lang/ClassNotFoundException'{0x00000000a62ab028}: build_ezco4ltdnetaklujor654wleiCustomizer> (0x00000000a62ab028) 
thrown [s\src\hotspot\share\classfile\systemDictionary.cpp, line 256]
Event: 598.639 Thread 0x00000266fedfe5d0 Exception <a 'java/lang/ClassNotFoundException'{0x00000000a3f90368}: build_ade242qqmoo3tqprnou1h0gqeBeanInfo> (0x00000000a3f90368) 
thrown [s\src\hotspot\share\classfile\systemDictionary.cpp, line 256]
Event: 598.640 Thread 0x00000266fedfe5d0 Exception <a 'java/lang/ClassNotFoundException'{0x00000000a3f985d8}: build_ade242qqmoo3tqprnou1h0gqeCustomizer> (0x00000000a3f985d8) 
thrown [s\src\hotspot\share\classfile\systemDictionary.cpp, line 256]
Event: 598.892 Thread 0x00000266fedfe5d0 Exception <a 'java/lang/ClassNotFoundException'{0x00000000a27b58e0}: build_ade242qqmoo3tqprnou1h0gqeBeanInfo> (0x00000000a27b58e0) 
thrown [s\src\hotspot\share\classfile\systemDictionary.cpp, line 256]
Event: 598.892 Thread 0x00000266fedfe5d0 Exception <a 'java/lang/ClassNotFoundException'{0x00000000a27bd5d8}: build_ade242qqmoo3tqprnou1h0gqeCustomizer> (0x00000000a27bd5d8) 
thrown [s\src\hotspot\share\classfile\systemDictionary.cpp, line 256]
Event: 599.252 Thread 0x00000266fedfe5d0 Exception <a 'java/lang/ClassNotFoundException'{0x00000000a15a7680}: build_ade242qqmoo3tqprnou1h0gqe$_run_closure3BeanInfo> (0x00000000a15a7680) 
thrown [s\src\hotspot\share\classfile\systemDictionary.cpp, line 256]
Event: 599.253 Thread 0x00000266fedfe5d0 Exception <a 'java/lang/ClassNotFoundException'{0x00000000a15b4cd0}: build_ade242qqmoo3tqprnou1h0gqe$_run_closure3Customizer> (0x00000000a15b4cd0) 
thrown [s\src\hotspot\share\classfile\systemDictionary.cpp, line 256]
Event: 599.277 Thread 0x00000266fedfe5d0 Exception <a 'java/lang/ClassNotFoundException'{0x00000000a148c3b8}: com/android/build/gradle/internal/CompileOptions$AgpDecorated_DecoratedBeanInfo> (0x00000000a148c3b8) 
thrown [s\src\hotspot\share\classfile\systemDictionary.cpp, line 256]
Event: 599.278 Thread 0x00000266fedfe5d0 Exception <a 'java/lang/ClassNotFoundException'{0x00000000a14a1d60}: com/android/build/gradle/internal/CompileOptions$AgpDecoratedBeanInfo> (0x00000000a14a1d60) 
thrown [s\src\hotspot\share\classfile\systemDictionary.cpp, line 256]
Event: 599.279 Thread 0x00000266fedfe5d0 Exception <a 'java/lang/ClassNotFoundException'{0x00000000a14b75f0}: com/android/build/gradle/internal/CompileOptionsBeanInfo> (0x00000000a14b75f0) 
thrown [s\src\hotspot\share\classfile\systemDictionary.cpp, line 256]
Event: 599.280 Thread 0x00000266fedfe5d0 Exception <a 'java/lang/ClassNotFoundException'{0x00000000a14ccec8}: com/android/build/gradle/internal/CompileOptionsCustomizer> (0x00000000a14ccec8) 
thrown [s\src\hotspot\share\classfile\systemDictionary.cpp, line 256]
Event: 599.282 Thread 0x00000266fedfe5d0 Exception <a 'java/lang/ClassNotFoundException'{0x00000000a14ee9d8}: com/android/build/gradle/internal/CompileOptions$AgpDecoratedCustomizer> (0x00000000a14ee9d8) 
thrown [s\src\hotspot\share\classfile\systemDictionary.cpp, line 256]
Event: 599.283 Thread 0x00000266fedfe5d0 Exception <a 'java/lang/ClassNotFoundException'{0x00000000a1308650}: com/android/build/gradle/internal/CompileOptions$AgpDecorated_DecoratedCustomizer> (0x00000000a1308650) 
thrown [s\src\hotspot\share\classfile\systemDictionary.cpp, line 256]
Event: 599.321 Thread 0x00000266fedfe5d0 Exception <a 'java/lang/ClassNotFoundException'{0x00000000a129f5a0}: com/google/common/collect/RegularImmutableSetBeanInfo> (0x00000000a129f5a0) 
thrown [s\src\hotspot\share\classfile\systemDictionary.cpp, line 256]
Event: 599.323 Thread 0x00000266fedfe5d0 Exception <a 'java/lang/ClassNotFoundException'{0x00000000a12afed0}: com/google/common/collect/ImmutableSet$CachingAsListBeanInfo> (0x00000000a12afed0) 
thrown [s\src\hotspot\share\classfile\systemDictionary.cpp, line 256]
Event: 599.324 Thread 0x00000266fedfe5d0 Exception <a 'java/lang/ClassNotFoundException'{0x00000000a12c0800}: com/google/common/collect/ImmutableSet$CachingAsListCustomizer> (0x00000000a12c0800) 
thrown [s\src\hotspot\share\classfile\systemDictionary.cpp, line 256]
Event: 599.325 Thread 0x00000266fedfe5d0 Exception <a 'java/lang/ClassNotFoundException'{0x00000000a12d7b88}: com/google/common/collect/RegularImmutableSetCustomizer> (0x00000000a12d7b88) 
thrown [s\src\hotspot\share\classfile\systemDictionary.cpp, line 256]

VM Operations (20 events):
Event: 590.776 Executing VM operation: Cleanup done
Event: 591.776 Executing VM operation: Cleanup
Event: 591.776 Executing VM operation: Cleanup done
Event: 591.973 Executing VM operation: HandshakeAllThreads
Event: 591.974 Executing VM operation: HandshakeAllThreads done
Event: 592.653 Executing VM operation: G1CollectForAllocation
Event: 592.692 Executing VM operation: G1CollectForAllocation done
Event: 592.975 Executing VM operation: G1CollectForAllocation
Event: 593.011 Executing VM operation: G1CollectForAllocation done
Event: 594.011 Executing VM operation: Cleanup
Event: 594.012 Executing VM operation: Cleanup done
Event: 594.955 Executing VM operation: HandshakeAllThreads
Event: 594.956 Executing VM operation: HandshakeAllThreads done
Event: 595.955 Executing VM operation: Cleanup
Event: 595.956 Executing VM operation: Cleanup done
Event: 596.956 Executing VM operation: Cleanup
Event: 596.956 Executing VM operation: Cleanup done
Event: 598.956 Executing VM operation: Cleanup
Event: 598.956 Executing VM operation: Cleanup done
Event: 599.364 Executing VM operation: G1CollectForAllocation

Memory protections (0 events):
No events

Nmethod flushes (20 events):
Event: 595.055 Thread 0x00000266fedfeae0 flushing  nmethod 0x000002668b3ffe10
Event: 595.055 Thread 0x00000266fedfeae0 flushing  nmethod 0x000002668b416690
Event: 595.055 Thread 0x00000266fedfeae0 flushing  nmethod 0x000002668b418c90
Event: 595.055 Thread 0x00000266fedfeae0 flushing  nmethod 0x000002668b420590
Event: 595.055 Thread 0x00000266fedfeae0 flushing  nmethod 0x000002668b439e10
Event: 595.055 Thread 0x00000266fedfeae0 flushing  nmethod 0x000002668b442310
Event: 595.055 Thread 0x00000266fedfeae0 flushing  nmethod 0x000002668b46a590
Event: 595.056 Thread 0x00000266fedfeae0 flushing  nmethod 0x000002668b491c90
Event: 595.058 Thread 0x00000266fedfeae0 flushing  nmethod 0x000002668b5f4890
Event: 595.061 Thread 0x00000266fedfeae0 flushing  nmethod 0x000002668b89e210
Event: 595.061 Thread 0x00000266fedfeae0 flushing  nmethod 0x000002668b8f0690
Event: 595.062 Thread 0x00000266fedfeae0 flushing  nmethod 0x000002668ba08190
Event: 595.062 Thread 0x00000266fedfeae0 flushing  nmethod 0x000002668ba38f10
Event: 595.063 Thread 0x00000266fedfeae0 flushing  nmethod 0x000002668bb6c990
Event: 595.064 Thread 0x00000266fedfeae0 flushing  nmethod 0x000002668bbe9c90
Event: 595.064 Thread 0x00000266fedfeae0 flushing  nmethod 0x000002668bbea710
Event: 595.064 Thread 0x00000266fedfeae0 flushing  nmethod 0x000002668bc44290
Event: 595.068 Thread 0x00000266fedfeae0 flushing  nmethod 0x000002668c036f10
Event: 595.070 Thread 0x00000266fedfeae0 flushing  nmethod 0x000002668c231b10
Event: 595.076 Thread 0x00000266fedfeae0 flushing  nmethod 0x000002668c621390

Events (20 events):
Event: 590.784 Thread 0x00000266fedf9d70 Thread added: 0x00000266c1fa95b0
Event: 591.054 Thread 0x00000266c1fa95b0 Thread exited: 0x00000266c1fa95b0
Event: 591.054 Thread 0x00000266d763df40 Thread exited: 0x00000266d763df40
Event: 592.235 Thread 0x00000266fedf9d70 Thread added: 0x00000266c299bae0
Event: 592.936 Thread 0x00000266c299bae0 Thread exited: 0x00000266c299bae0
Event: 593.201 Thread 0x00000266fedf9d70 Thread added: 0x00000266d9322060
Event: 593.401 Thread 0x00000266d9322060 Thread exited: 0x00000266d9322060
Event: 593.635 Thread 0x00000266fedf9d70 Thread added: 0x00000266d9322060
Event: 594.003 Thread 0x00000266d9322060 Thread exited: 0x00000266d9322060
Event: 594.698 Thread 0x00000266fedf9d70 Thread added: 0x00000266d9325580
Event: 595.843 Thread 0x00000266fedf9d70 Thread added: 0x00000266d782a430
Event: 596.570 Thread 0x00000266d782a430 Thread exited: 0x00000266d782a430
Event: 597.079 Thread 0x00000266fedf9d70 Thread added: 0x00000266d777da60
Event: 597.881 Thread 0x00000266d777da60 Thread exited: 0x00000266d777da60
Event: 597.881 Thread 0x00000266d9325580 Thread exited: 0x00000266d9325580
Event: 598.090 Thread 0x00000266fedf9d70 Thread added: 0x00000266d777c520
Event: 598.346 Thread 0x00000266fedf9d70 Thread added: 0x00000266c2009ae0
Event: 599.142 Thread 0x00000266c2009ae0 Thread exited: 0x00000266c2009ae0
Event: 599.142 Thread 0x00000266d777c520 Thread exited: 0x00000266d777c520
Event: 599.352 Thread 0x00000266fedf9d70 Thread added: 0x00000266d1075bb0


Dynamic libraries:
0x00007ff7aa1b0000 - 0x00007ff7aa1be000 	C:\Program Files\Eclipse Adoptium\jdk-17.0.19.10-hotspot\bin\java.exe
0x00007ffb94200000 - 0x00007ffb94466000 	C:\WINDOWS\SYSTEM32\ntdll.dll
0x00007ffb92920000 - 0x00007ffb929e9000 	C:\WINDOWS\System32\KERNEL32.DLL
0x00007ffb91820000 - 0x00007ffb91c1a000 	C:\WINDOWS\System32\KERNELBASE.dll
0x00007ffb91550000 - 0x00007ffb9169c000 	C:\WINDOWS\System32\ucrtbase.dll
0x00007ffb7b6f0000 - 0x00007ffb7b708000 	C:\Program Files\Eclipse Adoptium\jdk-17.0.19.10-hotspot\bin\jli.dll
0x00007ffb76540000 - 0x00007ffb7655e000 	C:\Program Files\Eclipse Adoptium\jdk-17.0.19.10-hotspot\bin\VCRUNTIME140.dll
0x00007ffb93150000 - 0x00007ffb93317000 	C:\WINDOWS\System32\USER32.dll
0x00007ffb7a560000 - 0x00007ffb7a7f2000 	C:\WINDOWS\WinSxS\amd64_microsoft.windows.common-controls_6595b64144ccf1df_6.0.26100.8521_none_3e08b75ce33403b3\COMCTL32.dll
0x00007ffb91d60000 - 0x00007ffb91d87000 	C:\WINDOWS\System32\win32u.dll
0x00007ffb91f70000 - 0x00007ffb92019000 	C:\WINDOWS\System32\msvcrt.dll
0x00007ffb92b50000 - 0x00007ffb92b7b000 	C:\WINDOWS\System32\GDI32.dll
0x00007ffb91e40000 - 0x00007ffb91f6b000 	C:\WINDOWS\System32\gdi32full.dll
0x00007ffb91d90000 - 0x00007ffb91e33000 	C:\WINDOWS\System32\msvcp_win.dll
0x00007ffb929f0000 - 0x00007ffb92a22000 	C:\WINDOWS\System32\IMM32.DLL
0x00007ffb7b750000 - 0x00007ffb7b75c000 	C:\Program Files\Eclipse Adoptium\jdk-17.0.19.10-hotspot\bin\vcruntime140_1.dll
0x00007ffb0f6a0000 - 0x00007ffb0f72d000 	C:\Program Files\Eclipse Adoptium\jdk-17.0.19.10-hotspot\bin\msvcp140.dll
0x00007ffacc430000 - 0x00007ffacd09c000 	C:\Program Files\Eclipse Adoptium\jdk-17.0.19.10-hotspot\bin\server\jvm.dll
0x00007ffb92d00000 - 0x00007ffb92db6000 	C:\WINDOWS\System32\ADVAPI32.dll
0x00007ffb924c0000 - 0x00007ffb9256a000 	C:\WINDOWS\System32\sechost.dll
0x00007ffb92a30000 - 0x00007ffb92b48000 	C:\WINDOWS\System32\RPCRT4.dll
0x00007ffb93320000 - 0x00007ffb933a0000 	C:\WINDOWS\System32\WS2_32.dll
0x00007ffb91310000 - 0x00007ffb9136e000 	C:\WINDOWS\SYSTEM32\POWRPROF.dll
0x00007ffb88c40000 - 0x00007ffb88c4b000 	C:\WINDOWS\SYSTEM32\VERSION.dll
0x00007ffb88440000 - 0x00007ffb88476000 	C:\WINDOWS\SYSTEM32\WINMM.dll
0x00007ffb912f0000 - 0x00007ffb91304000 	C:\WINDOWS\SYSTEM32\UMPDC.dll
0x00007ffb90220000 - 0x00007ffb9023b000 	C:\WINDOWS\SYSTEM32\kernel.appcore.dll
0x00007ffb7aa00000 - 0x00007ffb7aa0a000 	C:\Program Files\Eclipse Adoptium\jdk-17.0.19.10-hotspot\bin\jimage.dll
0x00007ffb87570000 - 0x00007ffb877b2000 	C:\WINDOWS\SYSTEM32\DBGHELP.DLL
0x00007ffb92dc0000 - 0x00007ffb93143000 	C:\WINDOWS\System32\combase.dll
0x00007ffb923c0000 - 0x00007ffb92499000 	C:\WINDOWS\System32\OLEAUT32.dll
0x00007ffb701f0000 - 0x00007ffb7022b000 	C:\WINDOWS\SYSTEM32\dbgcore.DLL
0x00007ffb91cb0000 - 0x00007ffb91d58000 	C:\WINDOWS\System32\bcryptPrimitives.dll
0x00007ffb76530000 - 0x00007ffb7653e000 	C:\Program Files\Eclipse Adoptium\jdk-17.0.19.10-hotspot\bin\instrument.dll
0x00007ffb64510000 - 0x00007ffb64535000 	C:\Program Files\Eclipse Adoptium\jdk-17.0.19.10-hotspot\bin\java.dll
0x00007ffb075e0000 - 0x00007ffb076b7000 	C:\Program Files\Eclipse Adoptium\jdk-17.0.19.10-hotspot\bin\jsvml.dll
0x00007ffb933b0000 - 0x00007ffb93b34000 	C:\WINDOWS\System32\SHELL32.dll
0x00007ffb8f020000 - 0x00007ffb8f8a0000 	C:\WINDOWS\SYSTEM32\windows.storage.dll
0x00007ffb92b80000 - 0x00007ffb92c76000 	C:\WINDOWS\System32\SHCORE.dll
0x00007ffb92020000 - 0x00007ffb92087000 	C:\WINDOWS\System32\shlwapi.dll
0x00007ffb913b0000 - 0x00007ffb913d9000 	C:\WINDOWS\SYSTEM32\profapi.dll
0x00007ffb76140000 - 0x00007ffb76158000 	C:\Program Files\Eclipse Adoptium\jdk-17.0.19.10-hotspot\bin\zip.dll
0x00007ffb76060000 - 0x00007ffb7607a000 	C:\Program Files\Eclipse Adoptium\jdk-17.0.19.10-hotspot\bin\net.dll
0x00007ffb897a0000 - 0x00007ffb898c9000 	C:\WINDOWS\SYSTEM32\WINHTTP.dll
0x00007ffb90790000 - 0x00007ffb907fc000 	C:\WINDOWS\system32\mswsock.dll
0x00007ffb6a380000 - 0x00007ffb6a396000 	C:\Program Files\Eclipse Adoptium\jdk-17.0.19.10-hotspot\bin\nio.dll
0x00007ffb76520000 - 0x00007ffb76530000 	C:\Program Files\Eclipse Adoptium\jdk-17.0.19.10-hotspot\bin\verify.dll
0x00007ffac3b00000 - 0x00007ffac3b27000 	C:\Users\sk\.gradle\native\1def1411415f61bf3af743bc5b6707747c0891f09f0c88961ee8f79bc544acac\windows-amd64\native-platform.dll
0x00007ffb64420000 - 0x00007ffb64498000 	C:\Users\sk\.gradle\native\0.2.7\x86_64-windows-gnu\gradle-fileevents.dll
0x00007ffb74b90000 - 0x00007ffb74b9a000 	C:\Program Files\Eclipse Adoptium\jdk-17.0.19.10-hotspot\bin\management.dll
0x00007ffb43080000 - 0x00007ffb4308c000 	C:\Program Files\Eclipse Adoptium\jdk-17.0.19.10-hotspot\bin\management_ext.dll
0x00007ffb94190000 - 0x00007ffb94198000 	C:\WINDOWS\System32\PSAPI.DLL
0x00007ffb8fbd0000 - 0x00007ffb8fc03000 	C:\WINDOWS\SYSTEM32\IPHLPAPI.DLL
0x00007ffb924b0000 - 0x00007ffb924ba000 	C:\WINDOWS\System32\NSI.dll
0x00007ffb89ed0000 - 0x00007ffb89eed000 	C:\WINDOWS\SYSTEM32\dhcpcsvc6.DLL
0x00007ffb89ea0000 - 0x00007ffb89ec5000 	C:\WINDOWS\SYSTEM32\dhcpcsvc.DLL
0x00007ffb8fc60000 - 0x00007ffb8fdaa000 	C:\WINDOWS\SYSTEM32\DNSAPI.dll
0x00007ffb90590000 - 0x00007ffb9059d000 	C:\WINDOWS\SYSTEM32\DSPARSE.dll
0x00007ffb43020000 - 0x00007ffb43029000 	C:\Program Files\Eclipse Adoptium\jdk-17.0.19.10-hotspot\bin\extnet.dll
0x00007ffb90a70000 - 0x00007ffb90a8b000 	C:\WINDOWS\SYSTEM32\CRYPTSP.dll
0x00007ffb90160000 - 0x00007ffb90199000 	C:\WINDOWS\system32\rsaenh.dll
0x00007ffb90840000 - 0x00007ffb90873000 	C:\WINDOWS\SYSTEM32\USERENV.dll
0x00007ffb91380000 - 0x00007ffb913aa000 	C:\WINDOWS\SYSTEM32\bcrypt.dll
0x00007ffb90a90000 - 0x00007ffb90a9c000 	C:\WINDOWS\SYSTEM32\CRYPTBASE.dll
0x00007ffb11780000 - 0x00007ffb1178e000 	C:\Program Files\Eclipse Adoptium\jdk-17.0.19.10-hotspot\bin\sunmscapi.dll
0x00007ffb916a0000 - 0x00007ffb91818000 	C:\WINDOWS\System32\CRYPT32.dll
0x00007ffb90c90000 - 0x00007ffb90cc0000 	C:\WINDOWS\SYSTEM32\ncrypt.dll
0x00007ffb90c40000 - 0x00007ffb90c7f000 	C:\WINDOWS\SYSTEM32\NTASN1.dll
0x00007ffb67490000 - 0x00007ffb67498000 	C:\WINDOWS\system32\wshunix.dll
0x00007ffb90340000 - 0x00007ffb90376000 	C:\WINDOWS\SYSTEM32\ntmarta.dll
0x00007ffb7b6e0000 - 0x00007ffb7b6e7000 	C:\Program Files\Eclipse Adoptium\jdk-17.0.19.10-hotspot\bin\rmi.dll
0x00007ffb891b0000 - 0x00007ffb891bb000 	C:\Windows\System32\rasadhlp.dll
0x00007ffb89dd0000 - 0x00007ffb89e56000 	C:\WINDOWS\System32\fwpuclnt.dll

dbghelp: loaded successfully - version: 4.0.5 - missing functions: none
symbol engine: initialized successfully - sym options: 0x614 - pdb path: .;C:\Program Files\Eclipse Adoptium\jdk-17.0.19.10-hotspot\bin;C:\WINDOWS\SYSTEM32;C:\WINDOWS\WinSxS\amd64_microsoft.windows.common-controls_6595b64144ccf1df_6.0.26100.8521_none_3e08b75ce33403b3;C:\Program Files\Eclipse Adoptium\jdk-17.0.19.10-hotspot\bin\server;C:\Users\sk\.gradle\native\1def1411415f61bf3af743bc5b6707747c0891f09f0c88961ee8f79bc544acac\windows-amd64;C:\Users\sk\.gradle\native\0.2.7\x86_64-windows-gnu

VM Arguments:
jvm_args: --add-opens=java.base/java.lang=ALL-UNNAMED --add-opens=java.base/java.lang.invoke=ALL-UNNAMED --add-opens=java.base/java.util=ALL-UNNAMED --add-opens=java.prefs/java.util.prefs=ALL-UNNAMED --add-exports=jdk.compiler/com.sun.tools.javac.api=ALL-UNNAMED --add-exports=jdk.compiler/com.sun.tools.javac.util=ALL-UNNAMED --add-opens=java.base/java.util=ALL-UNNAMED --add-opens=java.prefs/java.util.prefs=ALL-UNNAMED --add-opens=java.base/java.nio.charset=ALL-UNNAMED --add-opens=java.base/java.net=ALL-UNNAMED --add-opens=java.base/java.util.concurrent.atomic=ALL-UNNAMED --add-opens=java.xml/javax.xml.namespace=ALL-UNNAMED -XX:MaxMetaspaceSize=512m -Xmx2048m -Dfile.encoding=UTF-8 -Duser.country=IN -Duser.language=en -Duser.variant -javaagent:C:\Users\sk\.gradle\wrapper\dists\gradle-8.14.3-bin\cv11ve7ro1n3o1j4so8xd9n66\gradle-8.14.3\lib\agents\gradle-instrumentation-agent-8.14.3.jar 
java_command: org.gradle.launcher.daemon.bootstrap.GradleDaemon 8.14.3
java_class_path (initial): C:\Users\sk\.gradle\wrapper\dists\gradle-8.14.3-bin\cv11ve7ro1n3o1j4so8xd9n66\gradle-8.14.3\lib\gradle-daemon-main-8.14.3.jar
Launcher Type: SUN_STANDARD

[Global flags]
     intx CICompilerCount                          = 4                                         {product} {ergonomic}
   size_t CompressedClassSpaceSize                 = 436207616                                 {product} {ergonomic}
     uint ConcGCThreads                            = 3                                         {product} {ergonomic}
     uint G1ConcRefinementThreads                  = 10                                        {product} {ergonomic}
   size_t G1HeapRegionSize                         = 1048576                                   {product} {ergonomic}
    uintx GCDrainStackTargetSize                   = 64                                        {product} {ergonomic}
   size_t InitialHeapSize                          = 257949696                                 {product} {ergonomic}
   size_t MarkStackSize                            = 4194304                                   {product} {ergonomic}
   size_t MaxHeapSize                              = 2147483648                                {product} {command line}
   size_t MaxMetaspaceSize                         = 536870912                                 {product} {command line}
   size_t MaxNewSize                               = 1287651328                                {product} {ergonomic}
   size_t MinHeapDeltaBytes                        = 1048576                                   {product} {ergonomic}
   size_t MinHeapSize                              = 8388608                                   {product} {ergonomic}
    uintx NonNMethodCodeHeapSize                   = 5839372                                {pd product} {ergonomic}
    uintx NonProfiledCodeHeapSize                  = 122909434                              {pd product} {ergonomic}
    uintx ProfiledCodeHeapSize                     = 122909434                              {pd product} {ergonomic}
    uintx ReservedCodeCacheSize                    = 251658240                              {pd product} {ergonomic}
     bool SegmentedCodeCache                       = true                                      {product} {ergonomic}
   size_t SoftMaxHeapSize                          = 2147483648                             {manageable} {ergonomic}
     bool UseCompressedClassPointers               = true                           {product lp64_product} {ergonomic}
     bool UseCompressedOops                        = true                           {product lp64_product} {ergonomic}
     bool UseG1GC                                  = true                                      {product} {ergonomic}
     bool UseLargePagesIndividualAllocation        = false                                  {pd product} {ergonomic}

Logging:
Log output configuration:
 #0: stdout all=warning uptime,level,tags
 #1: stderr all=off uptime,level,tags

Environment Variables:
PATH=C:\Program Files\Common Files\Oracle\Java\javapath;C:\Program Files (x86)\Common Files\Oracle\Java\javapath;C:\Program Files (x86)\Common Files\Intel\Shared Libraries\redist\intel64\compiler;C:\WINDOWS\system32;C:\WINDOWS;C:\WINDOWS\System32\Wbem;C:\WINDOWS\System32\WindowsPowerShell\v1.0\;C:\WINDOWS\System32\OpenSSH\;C:\Program Files\NVIDIA Corporation\NVIDIA app\NvDLISR;C:\Program Files (x86)\NVIDIA Corporation\PhysX\Common;C:\Users\sk\AppData\Local\Programs\Python\Python313;C:\Users\sk\AppData\Local\Programs\Python\Python313\Scripts;D:\nodejs\;D:\Git\cmd;C:\Program Files\MongoDB\Server\8.2\bin;D:\Downloads\mongosh-2.5.10-win32-x64\bin;C:\xampp\php;C:\ProgramData\ComposerSetup\bin;C:\Program Files\GitHub CLI\;C:\Users\sk\AppData\Local\Programs\Python\Python313\Scripts\;C:\Users\sk\AppData\Local\Programs\Python\Python313\;C:\Users\sk\AppData\Local\Programs\Python\Launcher\;C:\Users\sk\AppData\Local\Microsoft\WindowsApps;D:\Microsoft VS Code\bin;C:\Users\sk\.lmstudio\bin;C:\Users\sk\AppData\Roaming\npm;C:\Users\sk\AppData\Local\GitHubDesktop\bin;C:\Users\sk\.local\bin;C:\Users\sk\.local\bin;C:\Users\sk\.lmstudio\bin;C:\Program Files\MongoDB\Server\8.2\bin;D:\Downloads\mongosh-2.5.10-win32-x64\bin;C:\Users\sk\AppData\Roaming\Composer\vendor\bin;C:\mingw64\bin;D:\Antigravity IDE\bin;C:\Users\sk\AppData\Local\Programs\Antigravity IDE\bin;C:\Users\sk\AppData\Local\Microsoft\WinGet\Packages\Gyan.FFmpeg_Microsoft.Winget.Source_8wekyb3d8bbwe\ffmpeg-8.1.2-full_build\bin;
USERNAME=sk
OS=Windows_NT
PROCESSOR_IDENTIFIER=AMD64 Family 25 Model 80 Stepping 0, AuthenticAMD
TMP=C:\Users\sk\AppData\Local\Temp
TEMP=C:\Users\sk\AppData\Local\Temp



Periodic native trim disabled


---------------  S Y S T E M  ---------------

OS:
 Windows 11 , 64 bit Build 26100 (10.0.26100.8521)
OS uptime: 4 days 9:41 hours
Hyper-V role detected

CPU: total 12 (initial active 12) (12 cores per cpu, 2 threads per core) family 25 model 80 stepping 0 microcode 0xa500014, cx8, cmov, fxsr, ht, mmx, 3dnowpref, sse, sse2, sse3, ssse3, sse4a, sse4.1, sse4.2, popcnt, lzcnt, tsc, tscinvbit, avx, avx2, aes, erms, clmul, bmi1, bmi2, adx, sha, fma, vzeroupper, clflush, clflushopt, hv
Processor Information for all 12 processors :
  Max Mhz: 3301, Current Mhz: 1908, Mhz Limit: 3301

Memory: 4k page, system-wide physical 15710M (768M free)
TotalPageFile size 32813M (AvailPageFile size 324M)
current process WorkingSet (physical memory assigned to process): 1472M, peak: 1502M
current process commit charge ("private bytes"): 1712M, peak: 2149M

vm_info: OpenJDK 64-Bit Server VM (17.0.19+10) for windows-amd64 JRE (17.0.19+10), built on Apr 25 2026 08:04:44 by "admin" with MS VC++ 17.12 (VS2022)

END.
